# Askö pipeline — generated by data-cube/scripts/asko-site/build_asko_pipe.py
# metres, Y up, scene frame (Unity +X = UTM33N east, +Z = north).
# X is PRE-MIRRORED to cancel Unity's OBJ importer; winding reversed to match.
mtllib asko_pipeline.mtl
v 254.87002 -9.13009 -93.63424
v 254.80824 -9.11908 -93.66612
v 254.75250 -9.08712 -93.69488
v 254.70826 -9.03734 -93.71771
v 254.67986 -8.97462 -93.73236
v 254.67008 -8.90509 -93.73741
v 254.67986 -8.83556 -93.73236
v 254.70826 -8.77284 -93.71771
v 254.75250 -8.72306 -93.69488
v 254.80824 -8.69110 -93.66612
v 254.87002 -8.68009 -93.63424
v 254.93181 -8.69110 -93.60235
v 254.98755 -8.72306 -93.57359
v 255.03178 -8.77284 -93.55076
v 255.06018 -8.83556 -93.53611
v 255.06997 -8.90509 -93.53106
v 255.06018 -8.97462 -93.53611
v 255.03178 -9.03734 -93.55076
v 254.98755 -9.08712 -93.57359
v 254.93181 -9.11908 -93.60235
v 254.22813 -9.03098 -92.39034
v 254.16479 -9.01997 -92.41901
v 254.10765 -8.98801 -92.44488
v 254.06230 -8.93823 -92.46541
v 254.03319 -8.87551 -92.47859
v 254.02316 -8.80598 -92.48313
v 254.03319 -8.73645 -92.47859
v 254.06230 -8.67373 -92.46541
v 254.10765 -8.62395 -92.44488
v 254.16479 -8.59199 -92.41901
v 254.22813 -8.58098 -92.39034
v 254.29147 -8.59199 -92.36166
v 254.34861 -8.62395 -92.33579
v 254.39396 -8.67373 -92.31527
v 254.42307 -8.73645 -92.30208
v 254.43310 -8.80598 -92.29754
v 254.42307 -8.87551 -92.30208
v 254.39396 -8.93823 -92.31527
v 254.34861 -8.98801 -92.33579
v 254.29147 -9.01997 -92.36166
v 253.67308 -9.00483 -90.99034
v 253.61009 -8.99382 -91.01976
v 253.55326 -8.96186 -91.04630
v 253.50816 -8.91208 -91.06737
v 253.47920 -8.84936 -91.08089
v 253.46922 -8.77983 -91.08555
v 253.47920 -8.71030 -91.08089
v 253.50816 -8.64758 -91.06737
v 253.55326 -8.59780 -91.04630
v 253.61009 -8.56584 -91.01976
v 253.67308 -8.55483 -90.99034
v 253.73608 -8.56584 -90.96092
v 253.79291 -8.59780 -90.93437
v 253.83801 -8.64758 -90.91331
v 253.86697 -8.71030 -90.89979
v 253.87695 -8.77983 -90.89513
v 253.86697 -8.84936 -90.89979
v 253.83801 -8.91208 -90.91331
v 253.79291 -8.96186 -90.93437
v 253.73608 -8.99382 -90.96092
v 252.94445 -8.97271 -89.64177
v 252.88230 -8.96170 -89.67295
v 252.82624 -8.92974 -89.70107
v 252.78175 -8.87997 -89.72339
v 252.75318 -8.81724 -89.73772
v 252.74334 -8.74771 -89.74266
v 252.75318 -8.67819 -89.73772
v 252.78175 -8.61546 -89.72339
v 252.82624 -8.56569 -89.70107
v 252.88230 -8.53373 -89.67295
v 252.94445 -8.52271 -89.64177
v 253.00660 -8.53373 -89.61059
v 253.06266 -8.56569 -89.58247
v 253.10715 -8.61546 -89.56015
v 253.13572 -8.67819 -89.54582
v 253.14556 -8.74771 -89.54088
v 253.13572 -8.81724 -89.54582
v 253.10715 -8.87997 -89.56015
v 253.06266 -8.92974 -89.58247
v 253.00660 -8.96170 -89.61059
v 252.24959 -8.96169 -88.15283
v 252.18625 -8.95068 -88.18150
v 252.12911 -8.91872 -88.20736
v 252.08376 -8.86894 -88.22789
v 252.05464 -8.80622 -88.24107
v 252.04461 -8.73669 -88.24561
v 252.05464 -8.66716 -88.24107
v 252.08376 -8.60444 -88.22789
v 252.12911 -8.55466 -88.20736
v 252.18625 -8.52270 -88.18150
v 252.24959 -8.51169 -88.15283
v 252.31293 -8.52270 -88.12415
v 252.37007 -8.55466 -88.09829
v 252.41542 -8.60444 -88.07776
v 252.44453 -8.66716 -88.06458
v 252.45457 -8.73669 -88.06004
v 252.44453 -8.80622 -88.06458
v 252.41542 -8.86894 -88.07776
v 252.37007 -8.91872 -88.09829
v 252.31293 -8.95068 -88.12415
v 251.95577 -8.93936 -87.45765
v 251.89086 -8.92834 -87.48255
v 251.83230 -8.89639 -87.50502
v 251.78582 -8.84661 -87.52285
v 251.75598 -8.78389 -87.53429
v 251.74570 -8.71436 -87.53824
v 251.75598 -8.64483 -87.53429
v 251.78582 -8.58210 -87.52285
v 251.83230 -8.53233 -87.50502
v 251.89086 -8.50037 -87.48255
v 251.95577 -8.48936 -87.45765
v 252.02069 -8.50037 -87.43275
v 252.07925 -8.53233 -87.41029
v 252.12573 -8.58210 -87.39246
v 252.15557 -8.64483 -87.38101
v 252.16585 -8.71436 -87.37707
v 252.15557 -8.78389 -87.38101
v 252.12573 -8.84661 -87.39246
v 252.07925 -8.89639 -87.41029
v 252.02069 -8.92834 -87.43275
v 251.48617 -8.87313 -86.16271
v 251.42146 -8.86211 -86.18813
v 251.36308 -8.83015 -86.21106
v 251.31675 -8.78038 -86.22926
v 251.28700 -8.71765 -86.24095
v 251.27675 -8.64813 -86.24497
v 251.28700 -8.57860 -86.24095
v 251.31675 -8.51587 -86.22926
v 251.36308 -8.46610 -86.21106
v 251.42146 -8.43414 -86.18813
v 251.48617 -8.42313 -86.16271
v 251.55088 -8.43414 -86.13729
v 251.60926 -8.46610 -86.11435
v 251.65560 -8.51587 -86.09615
v 251.68534 -8.57860 -86.08447
v 251.69559 -8.64813 -86.08044
v 251.68534 -8.71765 -86.08447
v 251.65560 -8.78038 -86.09615
v 251.60926 -8.83015 -86.11435
v 251.55088 -8.86211 -86.13729
v 251.08416 -8.83712 -85.23885
v 251.02082 -8.82610 -85.26751
v 250.96367 -8.79415 -85.29337
v 250.91832 -8.74437 -85.31389
v 250.88921 -8.68165 -85.32707
v 250.87917 -8.61212 -85.33161
v 250.88921 -8.54259 -85.32707
v 250.91832 -8.47987 -85.31389
v 250.96367 -8.43009 -85.29337
v 251.02082 -8.39813 -85.26751
v 251.08416 -8.38712 -85.23885
v 251.14751 -8.39813 -85.21018
v 251.20465 -8.43009 -85.18433
v 251.25000 -8.47987 -85.16380
v 251.27912 -8.54259 -85.15063
v 251.28915 -8.61212 -85.14609
v 251.27912 -8.68165 -85.15063
v 251.25000 -8.74437 -85.16380
v 251.20465 -8.79415 -85.18433
v 251.14751 -8.82610 -85.21018
v 250.60184 -8.78528 -84.20841
v 250.53981 -8.77427 -84.23982
v 250.48385 -8.74231 -84.26815
v 250.43944 -8.69253 -84.29064
v 250.41093 -8.62981 -84.30508
v 250.40110 -8.56028 -84.31005
v 250.41093 -8.49075 -84.30508
v 250.43944 -8.42803 -84.29064
v 250.48385 -8.37825 -84.26815
v 250.53981 -8.34629 -84.23982
v 250.60184 -8.33528 -84.20841
v 250.66387 -8.34629 -84.17701
v 250.71983 -8.37825 -84.14867
v 250.76424 -8.42803 -84.12619
v 250.79275 -8.49075 -84.11175
v 250.80258 -8.56028 -84.10678
v 250.79275 -8.62981 -84.11175
v 250.76424 -8.69253 -84.12619
v 250.71983 -8.74231 -84.14867
v 250.66387 -8.77427 -84.17701
v 250.28059 -8.80479 -83.65174
v 250.22231 -8.79377 -83.68967
v 250.16975 -8.76181 -83.72389
v 250.12803 -8.71204 -83.75105
v 250.10125 -8.64931 -83.76848
v 250.09202 -8.57979 -83.77449
v 250.10125 -8.51026 -83.76848
v 250.12803 -8.44753 -83.75105
v 250.16975 -8.39776 -83.72389
v 250.22231 -8.36580 -83.68967
v 250.28059 -8.35479 -83.65174
v 250.33886 -8.36580 -83.61381
v 250.39142 -8.39776 -83.57959
v 250.43314 -8.44753 -83.55244
v 250.45993 -8.51026 -83.53500
v 250.46916 -8.57979 -83.52900
v 250.45993 -8.64931 -83.53500
v 250.43314 -8.71204 -83.55244
v 250.39142 -8.76181 -83.57959
v 250.33886 -8.79377 -83.61381
v 249.53471 -8.76747 -82.56903
v 249.47726 -8.75645 -82.60819
v 249.42543 -8.72450 -82.64351
v 249.38430 -8.67472 -82.67155
v 249.35789 -8.61200 -82.68954
v 249.34879 -8.54247 -82.69575
v 249.35789 -8.47294 -82.68954
v 249.38430 -8.41022 -82.67155
v 249.42543 -8.36044 -82.64351
v 249.47726 -8.32848 -82.60819
v 249.53471 -8.31747 -82.56903
v 249.59217 -8.32848 -82.52987
v 249.64399 -8.36044 -82.49454
v 249.68513 -8.41022 -82.46651
v 249.71153 -8.47294 -82.44851
v 249.72063 -8.54247 -82.44231
v 249.71153 -8.61200 -82.44851
v 249.68513 -8.67472 -82.46651
v 249.64399 -8.72450 -82.49454
v 249.59217 -8.75645 -82.52987
v 248.72809 -8.75863 -81.37394
v 248.66842 -8.74762 -81.40963
v 248.61460 -8.71566 -81.44183
v 248.57188 -8.66589 -81.46738
v 248.54445 -8.60316 -81.48379
v 248.53500 -8.53363 -81.48944
v 248.54445 -8.46411 -81.48379
v 248.57188 -8.40138 -81.46738
v 248.61460 -8.35161 -81.44183
v 248.66842 -8.31965 -81.40963
v 248.72809 -8.30863 -81.37394
v 248.78776 -8.31965 -81.33825
v 248.84159 -8.35161 -81.30605
v 248.88431 -8.40138 -81.28049
v 248.91173 -8.46411 -81.26409
v 248.92118 -8.53363 -81.25844
v 248.91173 -8.60316 -81.26409
v 248.88431 -8.66589 -81.28049
v 248.84159 -8.71566 -81.30605
v 248.78776 -8.74762 -81.33825
v 248.07733 -8.71940 -80.13267
v 248.01488 -8.70838 -80.16325
v 247.95855 -8.67643 -80.19083
v 247.91384 -8.62665 -80.21271
v 247.88514 -8.56393 -80.22677
v 247.87525 -8.49440 -80.23161
v 247.88514 -8.42487 -80.22677
v 247.91384 -8.36214 -80.21271
v 247.95855 -8.31237 -80.19083
v 248.01488 -8.28041 -80.16325
v 248.07733 -8.26940 -80.13267
v 248.13977 -8.28041 -80.10210
v 248.19610 -8.31237 -80.07452
v 248.24081 -8.36214 -80.05263
v 248.26951 -8.42487 -80.03858
v 248.27940 -8.49440 -80.03373
v 248.26951 -8.56393 -80.03858
v 248.24081 -8.62665 -80.05263
v 248.19610 -8.67643 -80.07452
v 248.13977 -8.70838 -80.10210
v 247.44599 -8.66916 -78.75528
v 247.38309 -8.65815 -78.78492
v 247.32636 -8.62619 -78.81165
v 247.28133 -8.57641 -78.83287
v 247.25242 -8.51369 -78.84650
v 247.24246 -8.44416 -78.85119
v 247.25242 -8.37463 -78.84650
v 247.28133 -8.31191 -78.83287
v 247.32636 -8.26213 -78.81165
v 247.38309 -8.23018 -78.78492
v 247.44599 -8.21916 -78.75528
v 247.50888 -8.23018 -78.72564
v 247.56562 -8.26213 -78.69890
v 247.61065 -8.31191 -78.67768
v 247.63956 -8.37463 -78.66405
v 247.64952 -8.44416 -78.65936
v 247.63956 -8.51369 -78.66405
v 247.61065 -8.57641 -78.67768
v 247.56562 -8.62619 -78.69890
v 247.50888 -8.65815 -78.72564
v 246.78343 -8.61107 -77.38713
v 246.72024 -8.60006 -77.41613
v 246.66323 -8.56810 -77.44229
v 246.61799 -8.51832 -77.46305
v 246.58895 -8.45560 -77.47638
v 246.57894 -8.38607 -77.48097
v 246.58895 -8.31654 -77.47638
v 246.61799 -8.25382 -77.46305
v 246.66323 -8.20404 -77.44229
v 246.72024 -8.17208 -77.41613
v 246.78343 -8.16107 -77.38713
v 246.84663 -8.17208 -77.35813
v 246.90363 -8.20404 -77.33197
v 246.94887 -8.25382 -77.31121
v 246.97792 -8.31654 -77.29788
v 246.98793 -8.38607 -77.29329
v 246.97792 -8.45560 -77.29788
v 246.94887 -8.51832 -77.31121
v 246.90363 -8.56810 -77.33197
v 246.84663 -8.60006 -77.35813
v 246.60331 -8.66533 -76.91901
v 246.53736 -8.65432 -76.94103
v 246.47787 -8.62236 -76.96089
v 246.43065 -8.57259 -76.97665
v 246.40034 -8.50986 -76.98677
v 246.38989 -8.44033 -76.99026
v 246.40034 -8.37081 -76.98677
v 246.43065 -8.30808 -76.97665
v 246.47787 -8.25831 -76.96089
v 246.53736 -8.22635 -76.94103
v 246.60331 -8.21533 -76.91901
v 246.66926 -8.22635 -76.89700
v 246.72876 -8.25831 -76.87713
v 246.77598 -8.30808 -76.86137
v 246.80629 -8.37081 -76.85125
v 246.81674 -8.44033 -76.84777
v 246.80629 -8.50986 -76.85125
v 246.77598 -8.57259 -76.86137
v 246.72876 -8.62236 -76.87713
v 246.66926 -8.65432 -76.89700
v 246.30818 -8.68335 -75.96349
v 246.24201 -8.67234 -75.98484
v 246.18232 -8.64038 -76.00410
v 246.13495 -8.59060 -76.01939
v 246.10453 -8.52788 -76.02920
v 246.09405 -8.45835 -76.03259
v 246.10453 -8.38882 -76.02920
v 246.13495 -8.32610 -76.01939
v 246.18232 -8.27632 -76.00410
v 246.24201 -8.24436 -75.98484
v 246.30818 -8.23335 -75.96349
v 246.37435 -8.24436 -75.94213
v 246.43404 -8.27632 -75.92287
v 246.48141 -8.32610 -75.90758
v 246.51183 -8.38882 -75.89777
v 246.52231 -8.45835 -75.89439
v 246.51183 -8.52788 -75.89777
v 246.48141 -8.59060 -75.90758
v 246.43404 -8.64038 -75.92287
v 246.37435 -8.67234 -75.94213
v 245.98891 -8.59827 -75.01511
v 245.92513 -8.58726 -75.04279
v 245.86760 -8.55530 -75.06777
v 245.82194 -8.50552 -75.08759
v 245.79262 -8.44280 -75.10031
v 245.78252 -8.37327 -75.10470
v 245.79262 -8.30374 -75.10031
v 245.82194 -8.24102 -75.08759
v 245.86760 -8.19124 -75.06777
v 245.92513 -8.15929 -75.04279
v 245.98891 -8.14827 -75.01511
v 246.05269 -8.15929 -74.98743
v 246.11023 -8.19124 -74.96245
v 246.15589 -8.24102 -74.94264
v 246.18521 -8.30374 -74.92991
v 246.19531 -8.37327 -74.92553
v 246.18521 -8.44280 -74.92991
v 246.15589 -8.50552 -74.94264
v 246.11023 -8.55530 -74.96245
v 246.05269 -8.58726 -74.98743
v 245.25527 -8.59750 -73.53766
v 245.19205 -8.58649 -73.56659
v 245.13502 -8.55453 -73.59269
v 245.08975 -8.50475 -73.61340
v 245.06069 -8.44203 -73.62670
v 245.05068 -8.37250 -73.63128
v 245.06069 -8.30297 -73.62670
v 245.08975 -8.24025 -73.61340
v 245.13502 -8.19047 -73.59269
v 245.19205 -8.15851 -73.56659
v 245.25527 -8.14750 -73.53766
v 245.31850 -8.15851 -73.50872
v 245.37553 -8.19047 -73.48263
v 245.42080 -8.24025 -73.46191
v 245.44986 -8.30297 -73.44861
v 245.45987 -8.37250 -73.44403
v 245.44986 -8.44203 -73.44861
v 245.42080 -8.50475 -73.46191
v 245.37553 -8.55453 -73.48263
v 245.31850 -8.58649 -73.50872
v 244.78060 -8.63599 -72.37459
v 244.71646 -8.62498 -72.40142
v 244.65859 -8.59302 -72.42562
v 244.61267 -8.54324 -72.44483
v 244.58319 -8.48052 -72.45717
v 244.57303 -8.41099 -72.46142
v 244.58319 -8.34146 -72.45717
v 244.61267 -8.27874 -72.44483
v 244.65859 -8.22896 -72.42562
v 244.71646 -8.19700 -72.40142
v 244.78060 -8.18599 -72.37459
v 244.84474 -8.19700 -72.34775
v 244.90260 -8.22896 -72.32355
v 244.94853 -8.27874 -72.30434
v 244.97801 -8.34146 -72.29200
v 244.98817 -8.41099 -72.28775
v 244.97801 -8.48052 -72.29200
v 244.94853 -8.54324 -72.30434
v 244.90260 -8.59302 -72.32355
v 244.84474 -8.62498 -72.34775
v 244.33333 -8.55586 -71.33377
v 244.27028 -8.54485 -71.36308
v 244.21340 -8.51289 -71.38952
v 244.16827 -8.46311 -71.41051
v 244.13929 -8.40039 -71.42398
v 244.12930 -8.33086 -71.42863
v 244.13929 -8.26133 -71.42398
v 244.16827 -8.19861 -71.41051
v 244.21340 -8.14883 -71.38952
v 244.27028 -8.11687 -71.36308
v 244.33333 -8.10586 -71.33377
v 244.39637 -8.11687 -71.30445
v 244.45325 -8.14883 -71.27801
v 244.49839 -8.19861 -71.25702
v 244.52737 -8.26133 -71.24355
v 244.53735 -8.33086 -71.23891
v 244.52737 -8.40039 -71.24355
v 244.49839 -8.46311 -71.25702
v 244.45325 -8.51289 -71.27801
v 244.39637 -8.54485 -71.30445
v 243.87492 -8.53336 -70.42662
v 243.81419 -8.52235 -70.46048
v 243.75941 -8.49039 -70.49103
v 243.71593 -8.44062 -70.51527
v 243.68802 -8.37789 -70.53084
v 243.67840 -8.30836 -70.53620
v 243.68802 -8.23883 -70.53084
v 243.71593 -8.17611 -70.51527
v 243.75941 -8.12633 -70.49103
v 243.81419 -8.09438 -70.46048
v 243.87492 -8.08336 -70.42662
v 243.93564 -8.09438 -70.39276
v 243.99042 -8.12633 -70.36221
v 244.03390 -8.17611 -70.33797
v 244.06181 -8.23883 -70.32240
v 244.07143 -8.30836 -70.31704
v 244.06181 -8.37789 -70.32240
v 244.03390 -8.44062 -70.33797
v 243.99042 -8.49039 -70.36221
v 243.93564 -8.52235 -70.39276
v 243.02311 -8.53254 -68.98418
v 242.96188 -8.52153 -69.01712
v 242.90665 -8.48957 -69.04684
v 242.86281 -8.43979 -69.07042
v 242.83467 -8.37707 -69.08557
v 242.82497 -8.30754 -69.09079
v 242.83467 -8.23801 -69.08557
v 242.86281 -8.17529 -69.07042
v 242.90665 -8.12551 -69.04684
v 242.96188 -8.09356 -69.01712
v 243.02311 -8.08254 -68.98418
v 243.08434 -8.09356 -68.95123
v 243.13958 -8.12551 -68.92151
v 243.18341 -8.17529 -68.89793
v 243.21155 -8.23801 -68.88278
v 243.22125 -8.30754 -68.87756
v 243.21155 -8.37707 -68.88278
v 243.18341 -8.43979 -68.89793
v 243.13958 -8.48957 -68.92151
v 243.08434 -8.52153 -68.95123
v 242.18086 -8.50746 -67.27816
v 242.11791 -8.49644 -67.30767
v 242.06112 -8.46449 -67.33430
v 242.01605 -8.41471 -67.35543
v 241.98711 -8.35199 -67.36900
v 241.97714 -8.28246 -67.37367
v 241.98711 -8.21293 -67.36900
v 242.01605 -8.15021 -67.35543
v 242.06112 -8.10043 -67.33430
v 242.11791 -8.06847 -67.30767
v 242.18086 -8.05746 -67.27816
v 242.24382 -8.06847 -67.24864
v 242.30061 -8.10043 -67.22201
v 242.34568 -8.15021 -67.20088
v 242.37461 -8.21293 -67.18732
v 242.38458 -8.28246 -67.18264
v 242.37461 -8.35199 -67.18732
v 242.34568 -8.41471 -67.20088
v 242.30061 -8.46449 -67.22201
v 242.24382 -8.49644 -67.24864
v 241.78870 -8.50032 -66.35138
v 241.72430 -8.48931 -66.37758
v 241.66620 -8.45735 -66.40122
v 241.62010 -8.40757 -66.41998
v 241.59049 -8.34485 -66.43203
v 241.58029 -8.27532 -66.43618
v 241.59049 -8.20579 -66.43203
v 241.62010 -8.14307 -66.41998
v 241.66620 -8.09329 -66.40122
v 241.72430 -8.06133 -66.37758
v 241.78870 -8.05032 -66.35138
v 241.85311 -8.06133 -66.32518
v 241.91120 -8.09329 -66.30154
v 241.95731 -8.14307 -66.28278
v 241.98691 -8.20579 -66.27073
v 241.99711 -8.27532 -66.26658
v 241.98691 -8.34485 -66.27073
v 241.95731 -8.40757 -66.28278
v 241.91120 -8.45735 -66.30154
v 241.85311 -8.48931 -66.32518
v 241.42345 -8.47864 -65.41663
v 241.35999 -8.46762 -65.44502
v 241.30273 -8.43566 -65.47063
v 241.25729 -8.38589 -65.49095
v 241.22812 -8.32316 -65.50400
v 241.21806 -8.25364 -65.50850
v 241.22812 -8.18411 -65.50400
v 241.25729 -8.12138 -65.49095
v 241.30273 -8.07161 -65.47063
v 241.35999 -8.03965 -65.44502
v 241.42345 -8.02864 -65.41663
v 241.48692 -8.03965 -65.38824
v 241.54418 -8.07161 -65.36263
v 241.58962 -8.12138 -65.34231
v 241.61879 -8.18411 -65.32926
v 241.62885 -8.25364 -65.32476
v 241.61879 -8.32316 -65.32926
v 241.58962 -8.38589 -65.34231
v 241.54418 -8.43566 -65.36263
v 241.48692 -8.46762 -65.38824
v 240.70744 -8.41839 -63.93395
v 240.64424 -8.40738 -63.96293
v 240.58722 -8.37542 -63.98906
v 240.54197 -8.32564 -64.00981
v 240.51292 -8.26292 -64.02313
v 240.50291 -8.19339 -64.02772
v 240.51292 -8.12386 -64.02313
v 240.54197 -8.06114 -64.00981
v 240.58722 -8.01136 -63.98906
v 240.64424 -7.97940 -63.96293
v 240.70744 -7.96839 -63.93395
v 240.77065 -7.97940 -63.90498
v 240.82766 -8.01136 -63.87884
v 240.87291 -8.06114 -63.85809
v 240.90197 -8.12386 -63.84477
v 240.91198 -8.19339 -63.84019
v 240.90197 -8.26292 -63.84477
v 240.87291 -8.32564 -63.85809
v 240.82766 -8.37542 -63.87884
v 240.77065 -8.40738 -63.90498
v 240.26582 -8.40877 -62.89146
v 240.20131 -8.39776 -62.91740
v 240.14312 -8.36580 -62.94080
v 240.09694 -8.31603 -62.95938
v 240.06728 -8.25330 -62.97130
v 240.05707 -8.18377 -62.97541
v 240.06728 -8.11424 -62.97130
v 240.09694 -8.05152 -62.95938
v 240.14312 -8.00174 -62.94080
v 240.20131 -7.96979 -62.91740
v 240.26582 -7.95877 -62.89146
v 240.33033 -7.96979 -62.86552
v 240.38852 -8.00174 -62.84211
v 240.43470 -8.05152 -62.82354
v 240.46435 -8.11424 -62.81162
v 240.47457 -8.18377 -62.80751
v 240.46435 -8.25330 -62.81162
v 240.43470 -8.31603 -62.82354
v 240.38852 -8.36580 -62.84211
v 240.33033 -8.39776 -62.86552
v 240.05158 -8.40057 -62.30308
v 239.98545 -8.38956 -62.32454
v 239.92579 -8.35760 -62.34389
v 239.87844 -8.30782 -62.35926
v 239.84804 -8.24510 -62.36912
v 239.83756 -8.17557 -62.37252
v 239.84804 -8.10604 -62.36912
v 239.87844 -8.04332 -62.35926
v 239.92579 -7.99354 -62.34389
v 239.98545 -7.96158 -62.32454
v 240.05158 -7.95057 -62.30308
v 240.11772 -7.96158 -62.28162
v 240.17738 -7.99354 -62.26226
v 240.22472 -8.04332 -62.24690
v 240.25512 -8.10604 -62.23704
v 240.26560 -8.17557 -62.23364
v 240.25512 -8.24510 -62.23704
v 240.22472 -8.30782 -62.24690
v 240.17738 -8.35760 -62.26226
v 240.11772 -8.38956 -62.28162
v 239.72556 -8.39439 -61.22633
v 239.65926 -8.38337 -61.24726
v 239.59944 -8.35141 -61.26613
v 239.55197 -8.30164 -61.28111
v 239.52149 -8.23891 -61.29073
v 239.51099 -8.16939 -61.29405
v 239.52149 -8.09986 -61.29073
v 239.55197 -8.03713 -61.28111
v 239.59944 -7.98736 -61.26613
v 239.65926 -7.95540 -61.24726
v 239.72556 -7.94439 -61.22633
v 239.79187 -7.95540 -61.20541
v 239.85168 -7.98736 -61.18653
v 239.89915 -8.03713 -61.17155
v 239.92963 -8.09986 -61.16193
v 239.94013 -8.16939 -61.15862
v 239.92963 -8.23891 -61.16193
v 239.89915 -8.30164 -61.17155
v 239.85168 -8.35141 -61.18653
v 239.79187 -8.38337 -61.20541
v 239.37434 -8.38131 -60.15706
v 239.30911 -8.37030 -60.18112
v 239.25026 -8.33834 -60.20282
v 239.20356 -8.28857 -60.22005
v 239.17357 -8.22584 -60.23111
v 239.16324 -8.15631 -60.23492
v 239.17357 -8.08679 -60.23111
v 239.20356 -8.02406 -60.22005
v 239.25026 -7.97429 -60.20282
v 239.30911 -7.94233 -60.18112
v 239.37434 -7.93131 -60.15706
v 239.43957 -7.94233 -60.13299
v 239.49842 -7.97429 -60.11129
v 239.54512 -8.02406 -60.09406
v 239.57511 -8.08679 -60.08300
v 239.58544 -8.15631 -60.07919
v 239.57511 -8.22584 -60.08300
v 239.54512 -8.28857 -60.09406
v 239.49842 -8.33834 -60.11129
v 239.43957 -8.37030 -60.13299
v 238.81524 -8.35000 -58.75826
v 238.75129 -8.33899 -58.78555
v 238.69360 -8.30703 -58.81017
v 238.64782 -8.25725 -58.82970
v 238.61842 -8.19453 -58.84225
v 238.60830 -8.12500 -58.84657
v 238.61842 -8.05547 -58.84225
v 238.64782 -7.99275 -58.82970
v 238.69360 -7.94297 -58.81017
v 238.75129 -7.91101 -58.78555
v 238.81524 -7.90000 -58.75826
v 238.87919 -7.91101 -58.73096
v 238.93688 -7.94297 -58.70634
v 238.98266 -7.99275 -58.68681
v 239.01205 -8.05547 -58.67426
v 239.02218 -8.12500 -58.66994
v 239.01205 -8.19453 -58.67426
v 238.98266 -8.25725 -58.68681
v 238.93688 -8.30703 -58.70634
v 238.87919 -8.33899 -58.73096
v 238.38649 -8.35798 -57.84232
v 238.32328 -8.34696 -57.87129
v 238.26627 -8.31500 -57.89743
v 238.22102 -8.26523 -57.91817
v 238.19196 -8.20250 -57.93149
v 238.18195 -8.13298 -57.93608
v 238.19196 -8.06345 -57.93149
v 238.22102 -8.00072 -57.91817
v 238.26627 -7.95095 -57.89743
v 238.32328 -7.91899 -57.87129
v 238.38649 -7.90798 -57.84232
v 238.44969 -7.91899 -57.81335
v 238.50671 -7.95095 -57.78721
v 238.55196 -8.00072 -57.76647
v 238.58101 -8.06345 -57.75315
v 238.59103 -8.13298 -57.74856
v 238.58101 -8.20250 -57.75315
v 238.55196 -8.26523 -57.76647
v 238.50671 -8.31500 -57.78721
v 238.44969 -8.34696 -57.81335
v 237.92080 -8.31816 -56.80696
v 237.85542 -8.30715 -56.83061
v 237.79643 -8.27519 -56.85194
v 237.74962 -8.22541 -56.86887
v 237.71957 -8.16269 -56.87974
v 237.70921 -8.09316 -56.88349
v 237.71957 -8.02363 -56.87974
v 237.74962 -7.96091 -56.86887
v 237.79643 -7.91113 -56.85194
v 237.85542 -7.87917 -56.83061
v 237.92080 -7.86816 -56.80696
v 237.98618 -7.87917 -56.78331
v 238.04517 -7.91113 -56.76198
v 238.09197 -7.96091 -56.74504
v 238.12203 -8.02363 -56.73417
v 238.13238 -8.09316 -56.73043
v 238.12203 -8.16269 -56.73417
v 238.09197 -8.22541 -56.74504
v 238.04517 -8.27519 -56.76198
v 237.98618 -8.30715 -56.78331
v 237.36431 -8.34147 -55.01627
v 237.29781 -8.33045 -55.03658
v 237.23782 -8.29849 -55.05490
v 237.19022 -8.24872 -55.06944
v 237.15965 -8.18599 -55.07877
v 237.14912 -8.11647 -55.08199
v 237.15965 -8.04694 -55.07877
v 237.19022 -7.98421 -55.06944
v 237.23782 -7.93444 -55.05490
v 237.29781 -7.90248 -55.03658
v 237.36431 -7.89147 -55.01627
v 237.43080 -7.90248 -54.99596
v 237.49079 -7.93444 -54.97764
v 237.53840 -7.98421 -54.96310
v 237.56896 -8.04694 -54.95377
v 237.57950 -8.11647 -54.95055
v 237.56896 -8.18599 -54.95377
v 237.53840 -8.24872 -54.96310
v 237.49079 -8.29849 -54.97764
v 237.43080 -8.33045 -54.99596
v 236.82546 -8.29485 -53.22036
v 236.75949 -8.28383 -53.24233
v 236.69998 -8.25188 -53.26215
v 236.65275 -8.20210 -53.27788
v 236.62243 -8.13938 -53.28797
v 236.61198 -8.06985 -53.29145
v 236.62243 -8.00032 -53.28797
v 236.65275 -7.93759 -53.27788
v 236.69998 -7.88782 -53.26215
v 236.75949 -7.85586 -53.24233
v 236.82546 -7.84485 -53.22036
v 236.89142 -7.85586 -53.19839
v 236.95093 -7.88782 -53.17857
v 236.99816 -7.93759 -53.16284
v 237.02848 -8.00032 -53.15274
v 237.03893 -8.06985 -53.14926
v 237.02848 -8.13938 -53.15274
v 236.99816 -8.20210 -53.16284
v 236.95093 -8.25188 -53.17857
v 236.89142 -8.28383 -53.19839
v 236.21824 -8.29309 -51.57507
v 236.15234 -8.28207 -51.59724
v 236.09289 -8.25012 -51.61724
v 236.04571 -8.20034 -51.63311
v 236.01542 -8.13762 -51.64330
v 236.00498 -8.06809 -51.64681
v 236.01542 -7.99856 -51.64330
v 236.04571 -7.93584 -51.63311
v 236.09289 -7.88606 -51.61724
v 236.15234 -7.85410 -51.59724
v 236.21824 -7.84309 -51.57507
v 236.28414 -7.85410 -51.55290
v 236.34359 -7.88606 -51.53290
v 236.39077 -7.93584 -51.51703
v 236.42106 -7.99856 -51.50684
v 236.43149 -8.06809 -51.50333
v 236.42106 -8.13762 -51.50684
v 236.39077 -8.20034 -51.51703
v 236.34359 -8.25012 -51.53290
v 236.28414 -8.28207 -51.55290
v 235.78851 -8.25877 -50.13794
v 235.72187 -8.24776 -50.15778
v 235.66175 -8.21580 -50.17567
v 235.61404 -8.16602 -50.18987
v 235.58341 -8.10330 -50.19899
v 235.57286 -8.03377 -50.20213
v 235.58341 -7.96424 -50.19899
v 235.61404 -7.90152 -50.18987
v 235.66175 -7.85174 -50.17567
v 235.72187 -7.81978 -50.15778
v 235.78851 -7.80877 -50.13794
v 235.85514 -7.81978 -50.11811
v 235.91526 -7.85174 -50.10021
v 235.96297 -7.90152 -50.08601
v 235.99360 -7.96424 -50.07689
v 236.00415 -8.03377 -50.07375
v 235.99360 -8.10330 -50.07689
v 235.96297 -8.16602 -50.08601
v 235.91526 -8.21580 -50.10021
v 235.85514 -8.24776 -50.11811
v 235.36237 -8.25572 -48.69975
v 235.29570 -8.24471 -48.71947
v 235.23556 -8.21275 -48.73727
v 235.18783 -8.16297 -48.75139
v 235.15718 -8.10025 -48.76046
v 235.14662 -8.03072 -48.76359
v 235.15718 -7.96119 -48.76046
v 235.18783 -7.89847 -48.75139
v 235.23556 -7.84869 -48.73727
v 235.29570 -7.81673 -48.71947
v 235.36237 -7.80572 -48.69975
v 235.42904 -7.81673 -48.68002
v 235.48919 -7.84869 -48.66222
v 235.53692 -7.89847 -48.64810
v 235.56757 -7.96119 -48.63903
v 235.57813 -8.03072 -48.63590
v 235.56757 -8.10025 -48.63903
v 235.53692 -8.16297 -48.64810
v 235.48919 -8.21275 -48.66222
v 235.42904 -8.24471 -48.68002
v 234.93727 -8.20515 -47.26124
v 234.87027 -8.19414 -47.27980
v 234.80982 -8.16218 -47.29654
v 234.76185 -8.11241 -47.30983
v 234.73105 -8.04968 -47.31836
v 234.72043 -7.98015 -47.32129
v 234.73105 -7.91063 -47.31836
v 234.76185 -7.84790 -47.30983
v 234.80982 -7.79813 -47.29654
v 234.87027 -7.76617 -47.27980
v 234.93727 -7.75515 -47.26124
v 235.00428 -7.76617 -47.24269
v 235.06473 -7.79813 -47.22594
v 235.11270 -7.84790 -47.21266
v 235.14350 -7.91063 -47.20413
v 235.15411 -7.98015 -47.20119
v 235.14350 -8.04968 -47.20413
v 235.11270 -8.11241 -47.21266
v 235.06473 -8.16218 -47.22594
v 235.00428 -8.19414 -47.24269
v 234.69502 -8.21163 -46.29005
v 234.62691 -8.20061 -46.30402
v 234.56547 -8.16865 -46.31663
v 234.51671 -8.11888 -46.32663
v 234.48540 -8.05615 -46.33306
v 234.47461 -7.98663 -46.33527
v 234.48540 -7.91710 -46.33306
v 234.51671 -7.85437 -46.32663
v 234.56547 -7.80460 -46.31663
v 234.62691 -7.77264 -46.30402
v 234.69502 -7.76163 -46.29005
v 234.76313 -7.77264 -46.27607
v 234.82457 -7.80460 -46.26347
v 234.87334 -7.85437 -46.25346
v 234.90464 -7.91710 -46.24704
v 234.91543 -7.98663 -46.24483
v 234.90464 -8.05615 -46.24704
v 234.87334 -8.11888 -46.25346
v 234.82457 -8.16865 -46.26347
v 234.76313 -8.20061 -46.27607
v 234.43296 -8.16600 -44.80324
v 234.36437 -8.15499 -44.81464
v 234.30250 -8.12303 -44.82493
v 234.25339 -8.07325 -44.83309
v 234.22187 -8.01053 -44.83833
v 234.21100 -7.94100 -44.84014
v 234.22187 -7.87147 -44.83833
v 234.25339 -7.80875 -44.83309
v 234.30250 -7.75897 -44.82493
v 234.36437 -7.72701 -44.81464
v 234.43296 -7.71600 -44.80324
v 234.50154 -7.72701 -44.79184
v 234.56342 -7.75897 -44.78155
v 234.61252 -7.80875 -44.77339
v 234.64405 -7.87147 -44.76814
v 234.65491 -7.94100 -44.76634
v 234.64405 -8.01053 -44.76814
v 234.61252 -8.07325 -44.77339
v 234.56342 -8.12303 -44.78155
v 234.50154 -8.15499 -44.79184
v 234.19927 -8.15114 -43.30802
v 234.13041 -8.14013 -43.31761
v 234.06829 -8.10817 -43.32627
v 234.01899 -8.05839 -43.33314
v 233.98733 -7.99567 -43.33755
v 233.97643 -7.92614 -43.33907
v 233.98733 -7.85661 -43.33755
v 234.01899 -7.79389 -43.33314
v 234.06829 -7.74411 -43.32627
v 234.13041 -7.71215 -43.31761
v 234.19927 -7.70114 -43.30802
v 234.26814 -7.71215 -43.29842
v 234.33026 -7.74411 -43.28977
v 234.37956 -7.79389 -43.28290
v 234.41121 -7.85661 -43.27849
v 234.42212 -7.92614 -43.27697
v 234.41121 -7.99567 -43.27849
v 234.37956 -8.05839 -43.28290
v 234.33026 -8.10817 -43.28977
v 234.26814 -8.14013 -43.29842
v 233.97937 -8.12173 -41.54797
v 233.91051 -8.11072 -41.55762
v 233.84840 -8.07876 -41.56632
v 233.79910 -8.02898 -41.57323
v 233.76745 -7.96626 -41.57766
v 233.75655 -7.89673 -41.57919
v 233.76745 -7.82720 -41.57766
v 233.79910 -7.76448 -41.57323
v 233.84840 -7.71470 -41.56632
v 233.91051 -7.68274 -41.55762
v 233.97937 -7.67173 -41.54797
v 234.04823 -7.68274 -41.53833
v 234.11034 -7.71470 -41.52963
v 234.15964 -7.76448 -41.52272
v 234.19129 -7.82720 -41.51829
v 234.20220 -7.89673 -41.51676
v 234.19129 -7.96626 -41.51829
v 234.15964 -8.02898 -41.52272
v 234.11034 -8.07876 -41.52963
v 234.04823 -8.11072 -41.53833
v 233.79595 -8.12340 -40.42898
v 233.72742 -8.11239 -40.44073
v 233.66560 -8.08043 -40.45133
v 233.61654 -8.03066 -40.45974
v 233.58504 -7.96793 -40.46514
v 233.57418 -7.89840 -40.46700
v 233.58504 -7.82887 -40.46514
v 233.61654 -7.76615 -40.45974
v 233.66560 -7.71637 -40.45133
v 233.72742 -7.68442 -40.44073
v 233.79595 -7.67340 -40.42898
v 233.86448 -7.68442 -40.41723
v 233.92630 -7.71637 -40.40663
v 233.97536 -7.76615 -40.39822
v 234.00686 -7.82887 -40.39282
v 234.01771 -7.89840 -40.39095
v 234.00686 -7.96793 -40.39282
v 233.97536 -8.03066 -40.39822
v 233.92630 -8.08043 -40.40663
v 233.86448 -8.11239 -40.41723
v 233.59647 -8.10257 -39.31474
v 233.52807 -8.09156 -39.32719
v 233.46636 -8.05960 -39.33843
v 233.41739 -8.00982 -39.34734
v 233.38594 -7.94710 -39.35307
v 233.37511 -7.87757 -39.35504
v 233.38594 -7.80804 -39.35307
v 233.41739 -7.74532 -39.34734
v 233.46636 -7.69554 -39.33843
v 233.52807 -7.66358 -39.32719
v 233.59647 -7.65257 -39.31474
v 233.66487 -7.66358 -39.30228
v 233.72658 -7.69554 -39.29105
v 233.77556 -7.74532 -39.28213
v 233.80700 -7.80804 -39.27641
v 233.81783 -7.87757 -39.27444
v 233.80700 -7.94710 -39.27641
v 233.77556 -8.00982 -39.28213
v 233.72658 -8.05960 -39.29105
v 233.66487 -8.09156 -39.30228
v 233.39058 -8.07144 -38.20240
v 233.32262 -8.06043 -38.21712
v 233.26132 -8.02847 -38.23039
v 233.21267 -7.97869 -38.24093
v 233.18144 -7.91597 -38.24769
v 233.17067 -7.84644 -38.25002
v 233.18144 -7.77691 -38.24769
v 233.21267 -7.71419 -38.24093
v 233.26132 -7.66441 -38.23039
v 233.32262 -7.63245 -38.21712
v 233.39058 -7.62144 -38.20240
v 233.45853 -7.63245 -38.18768
v 233.51983 -7.66441 -38.17441
v 233.56848 -7.71419 -38.16387
v 233.59971 -7.77691 -38.15711
v 233.61048 -7.84644 -38.15478
v 233.59971 -7.91597 -38.15711
v 233.56848 -7.97869 -38.16387
v 233.51983 -8.02847 -38.17441
v 233.45853 -8.06043 -38.18768
v 233.03930 -8.03113 -36.74202
v 232.97123 -8.02012 -36.75617
v 232.90982 -7.98816 -36.76893
v 232.86108 -7.93838 -36.77906
v 232.82979 -7.87566 -36.78556
v 232.81901 -7.80613 -36.78780
v 232.82979 -7.73660 -36.78556
v 232.86108 -7.67388 -36.77906
v 232.90982 -7.62410 -36.76893
v 232.97123 -7.59214 -36.75617
v 233.03930 -7.58113 -36.74202
v 233.10738 -7.59214 -36.72787
v 233.16879 -7.62410 -36.71511
v 233.21752 -7.67388 -36.70498
v 233.24882 -7.73660 -36.69848
v 233.25960 -7.80613 -36.69624
v 233.24882 -7.87566 -36.69848
v 233.21752 -7.93838 -36.70498
v 233.16879 -7.98816 -36.71511
v 233.10738 -8.02012 -36.72787
v 232.75252 -8.02830 -35.13216
v 232.68413 -8.01729 -35.14465
v 232.62242 -7.98533 -35.15592
v 232.57346 -7.93555 -35.16486
v 232.54202 -7.87283 -35.17060
v 232.53118 -7.80330 -35.17258
v 232.54202 -7.73377 -35.17060
v 232.57346 -7.67105 -35.16486
v 232.62242 -7.62127 -35.15592
v 232.68413 -7.58931 -35.14465
v 232.75252 -7.57830 -35.13216
v 232.82092 -7.58931 -35.11967
v 232.88263 -7.62127 -35.10841
v 232.93159 -7.67105 -35.09947
v 232.96303 -7.73377 -35.09372
v 232.97387 -7.80330 -35.09175
v 232.96303 -7.87283 -35.09372
v 232.93159 -7.93555 -35.09947
v 232.88263 -7.98533 -35.10841
v 232.82092 -8.01729 -35.11967
v 232.45213 -8.01656 -33.52634
v 232.38372 -8.00555 -33.53877
v 232.32201 -7.97359 -33.54999
v 232.27304 -7.92381 -33.55889
v 232.24159 -7.86109 -33.56461
v 232.23076 -7.79156 -33.56658
v 232.24159 -7.72203 -33.56461
v 232.27304 -7.65931 -33.55889
v 232.32201 -7.60953 -33.54999
v 232.38372 -7.57757 -33.53877
v 232.45213 -7.56656 -33.52634
v 232.52054 -7.57757 -33.51390
v 232.58225 -7.60953 -33.50269
v 232.63123 -7.65931 -33.49378
v 232.66267 -7.72203 -33.48807
v 232.67350 -7.79156 -33.48610
v 232.66267 -7.86109 -33.48807
v 232.63123 -7.92381 -33.49378
v 232.58225 -7.97359 -33.50269
v 232.52054 -8.00555 -33.51390
v 232.16788 -7.99321 -31.91573
v 232.09957 -7.98219 -31.92870
v 232.03795 -7.95023 -31.94040
v 231.98905 -7.90046 -31.94969
v 231.95765 -7.83773 -31.95565
v 231.94683 -7.76821 -31.95770
v 231.95765 -7.69868 -31.95565
v 231.98905 -7.63595 -31.94969
v 232.03795 -7.58618 -31.94040
v 232.09957 -7.55422 -31.92870
v 232.16788 -7.54321 -31.91573
v 232.23619 -7.55422 -31.90276
v 232.29781 -7.58618 -31.89106
v 232.34671 -7.63595 -31.88177
v 232.37811 -7.69868 -31.87581
v 232.38893 -7.76821 -31.87376
v 232.37811 -7.83773 -31.87581
v 232.34671 -7.90046 -31.88177
v 232.29781 -7.95023 -31.89106
v 232.23619 -7.98219 -31.90276
v 231.88965 -7.96598 -30.56408
v 231.82107 -7.95497 -30.57553
v 231.75920 -7.92301 -30.58585
v 231.71010 -7.87323 -30.59404
v 231.67858 -7.81051 -30.59930
v 231.66772 -7.74098 -30.60112
v 231.67858 -7.67145 -30.59930
v 231.71010 -7.60873 -30.59404
v 231.75920 -7.55895 -30.58585
v 231.82107 -7.52699 -30.57553
v 231.88965 -7.51598 -30.56408
v 231.95823 -7.52699 -30.55264
v 232.02010 -7.55895 -30.54231
v 232.06919 -7.60873 -30.53412
v 232.10072 -7.67145 -30.52886
v 232.11158 -7.74098 -30.52705
v 232.10072 -7.81051 -30.52886
v 232.06919 -7.87323 -30.53412
v 232.02010 -7.92301 -30.54231
v 231.95823 -7.95497 -30.55264
v 231.64962 -7.92144 -28.81000
v 231.58076 -7.91043 -28.81962
v 231.51864 -7.87847 -28.82830
v 231.46934 -7.82869 -28.83519
v 231.43769 -7.76597 -28.83962
v 231.42678 -7.69644 -28.84114
v 231.43769 -7.62691 -28.83962
v 231.46934 -7.56419 -28.83519
v 231.51864 -7.51441 -28.82830
v 231.58076 -7.48245 -28.81962
v 231.64962 -7.47144 -28.81000
v 231.71848 -7.48245 -28.80038
v 231.78060 -7.51441 -28.79170
v 231.82990 -7.56419 -28.78481
v 231.86155 -7.62691 -28.78038
v 231.87245 -7.69644 -28.77886
v 231.86155 -7.76597 -28.78038
v 231.82990 -7.82869 -28.78481
v 231.78060 -7.87847 -28.79170
v 231.71848 -7.91043 -28.80038
v 231.39982 -7.89348 -27.05881
v 231.33076 -7.88247 -27.06692
v 231.26847 -7.85051 -27.07424
v 231.21903 -7.80073 -27.08004
v 231.18729 -7.73801 -27.08377
v 231.17635 -7.66848 -27.08505
v 231.18729 -7.59895 -27.08377
v 231.21903 -7.53623 -27.08004
v 231.26847 -7.48645 -27.07424
v 231.33076 -7.45449 -27.06692
v 231.39982 -7.44348 -27.05881
v 231.46887 -7.45449 -27.05070
v 231.53117 -7.48645 -27.04339
v 231.58061 -7.53623 -27.03758
v 231.61235 -7.59895 -27.03386
v 231.62328 -7.66848 -27.03257
v 231.61235 -7.73801 -27.03386
v 231.58061 -7.80073 -27.03758
v 231.53117 -7.85051 -27.04339
v 231.46887 -7.88247 -27.05070
v 231.33893 -7.90198 -26.16425
v 231.26940 -7.89097 -26.16434
v 231.20668 -7.85901 -26.16441
v 231.15690 -7.80923 -26.16447
v 231.12494 -7.74651 -26.16451
v 231.11393 -7.67698 -26.16452
v 231.12494 -7.60745 -26.16451
v 231.15690 -7.54473 -26.16447
v 231.20668 -7.49495 -26.16441
v 231.26940 -7.46299 -26.16434
v 231.33893 -7.45198 -26.16425
v 231.40846 -7.46299 -26.16417
v 231.47118 -7.49495 -26.16410
v 231.52096 -7.54473 -26.16404
v 231.55292 -7.60745 -26.16400
v 231.56393 -7.67698 -26.16399
v 231.55292 -7.74651 -26.16400
v 231.52096 -7.80923 -26.16404
v 231.47118 -7.85901 -26.16410
v 231.40846 -7.89097 -26.16417
v 231.39687 -7.85374 -24.58263
v 231.32735 -7.84273 -24.58124
v 231.26464 -7.81077 -24.57999
v 231.21487 -7.76100 -24.57900
v 231.18292 -7.69827 -24.57837
v 231.17191 -7.62874 -24.57815
v 231.18292 -7.55922 -24.57837
v 231.21487 -7.49649 -24.57900
v 231.26464 -7.44672 -24.57999
v 231.32735 -7.41476 -24.58124
v 231.39687 -7.40374 -24.58263
v 231.46638 -7.41476 -24.58401
v 231.52909 -7.44672 -24.58526
v 231.57886 -7.49649 -24.58625
v 231.61081 -7.55922 -24.58689
v 231.62182 -7.62874 -24.58711
v 231.61081 -7.69827 -24.58689
v 231.57886 -7.76100 -24.58625
v 231.52909 -7.81077 -24.58526
v 231.46638 -7.84273 -24.58401
v 231.38334 -7.81568 -23.93478
v 231.31398 -7.80467 -23.93960
v 231.25141 -7.77271 -23.94396
v 231.20175 -7.72293 -23.94741
v 231.16987 -7.66021 -23.94963
v 231.15888 -7.59068 -23.95039
v 231.16987 -7.52115 -23.94963
v 231.20175 -7.45843 -23.94741
v 231.25141 -7.40865 -23.94396
v 231.31398 -7.37669 -23.93960
v 231.38334 -7.36568 -23.93478
v 231.45270 -7.37669 -23.92995
v 231.51527 -7.40865 -23.92560
v 231.56493 -7.45843 -23.92215
v 231.59681 -7.52115 -23.91993
v 231.60780 -7.59068 -23.91916
v 231.59681 -7.66021 -23.91993
v 231.56493 -7.72293 -23.92215
v 231.51527 -7.77271 -23.92560
v 231.45270 -7.80467 -23.92995
v 231.30800 -7.75203 -23.30524
v 231.23943 -7.74102 -23.31675
v 231.17757 -7.70906 -23.32713
v 231.12848 -7.65928 -23.33537
v 231.09696 -7.59656 -23.34066
v 231.08610 -7.52703 -23.34248
v 231.09696 -7.45750 -23.34066
v 231.12848 -7.39478 -23.33537
v 231.17757 -7.34500 -23.32713
v 231.23943 -7.31304 -23.31675
v 231.30800 -7.30203 -23.30524
v 231.37657 -7.31304 -23.29374
v 231.43843 -7.34500 -23.28335
v 231.48752 -7.39478 -23.27512
v 231.51904 -7.45750 -23.26983
v 231.52990 -7.52703 -23.26800
v 231.51904 -7.59656 -23.26983
v 231.48752 -7.65928 -23.27512
v 231.43843 -7.70906 -23.28335
v 231.37657 -7.74102 -23.29374
v 231.11237 -7.63220 -22.32023
v 231.04394 -7.62118 -22.33250
v 230.98220 -7.58923 -22.34356
v 230.93320 -7.53945 -22.35234
v 230.90174 -7.47673 -22.35798
v 230.89090 -7.40720 -22.35992
v 230.90174 -7.33767 -22.35798
v 230.93320 -7.27495 -22.35234
v 230.98220 -7.22517 -22.34356
v 231.04394 -7.19321 -22.33250
v 231.11237 -7.18220 -22.32023
v 231.18081 -7.19321 -22.30797
v 231.24255 -7.22517 -22.29691
v 231.29155 -7.27495 -22.28813
v 231.32301 -7.33767 -22.28249
v 231.33385 -7.40720 -22.28055
v 231.32301 -7.47673 -22.28249
v 231.29155 -7.53945 -22.28813
v 231.24255 -7.58923 -22.29691
v 231.18081 -7.62118 -22.30797
v 230.95305 -7.70651 -21.32447
v 230.88412 -7.69550 -21.33359
v 230.82194 -7.66354 -21.34182
v 230.77260 -7.61376 -21.34835
v 230.74091 -7.55104 -21.35254
v 230.73000 -7.48151 -21.35398
v 230.74091 -7.41198 -21.35254
v 230.77260 -7.34926 -21.34835
v 230.82194 -7.29948 -21.34182
v 230.88412 -7.26752 -21.33359
v 230.95305 -7.25651 -21.32447
v 231.02198 -7.26752 -21.31535
v 231.08416 -7.29948 -21.30712
v 231.13351 -7.34926 -21.30059
v 231.16519 -7.41198 -21.29640
v 231.17611 -7.48151 -21.29495
v 231.16519 -7.55104 -21.29640
v 231.13351 -7.61376 -21.30059
v 231.08416 -7.66354 -21.30712
v 231.02198 -7.69550 -21.31535
v 230.89658 -7.75923 -20.68934
v 230.82717 -7.74822 -20.69330
v 230.76455 -7.71626 -20.69687
v 230.71485 -7.66648 -20.69970
v 230.68294 -7.60376 -20.70152
v 230.67195 -7.53423 -20.70214
v 230.68294 -7.46470 -20.70152
v 230.71485 -7.40198 -20.69970
v 230.76455 -7.35220 -20.69687
v 230.82717 -7.32024 -20.69330
v 230.89658 -7.30923 -20.68934
v 230.96600 -7.32024 -20.68539
v 231.02862 -7.35220 -20.68182
v 231.07832 -7.40198 -20.67899
v 231.11022 -7.46470 -20.67717
v 231.12122 -7.53423 -20.67654
v 231.11022 -7.60376 -20.67717
v 231.07832 -7.66648 -20.67899
v 231.02862 -7.71626 -20.68182
v 230.96600 -7.74822 -20.68539
v 230.84345 -7.73228 -19.40137
v 230.77394 -7.72127 -19.40279
v 230.71123 -7.68931 -19.40407
v 230.66146 -7.63953 -19.40509
v 230.62951 -7.57681 -19.40575
v 230.61850 -7.50728 -19.40597
v 230.62951 -7.43775 -19.40575
v 230.66146 -7.37503 -19.40509
v 230.71123 -7.32525 -19.40407
v 230.77394 -7.29329 -19.40279
v 230.84345 -7.28228 -19.40137
v 230.91297 -7.29329 -19.39995
v 230.97568 -7.32525 -19.39866
v 231.02545 -7.37503 -19.39764
v 231.05740 -7.43775 -19.39699
v 231.06841 -7.50728 -19.39676
v 231.05740 -7.57681 -19.39699
v 231.02545 -7.63953 -19.39764
v 230.97568 -7.68931 -19.39866
v 230.91297 -7.72127 -19.39995
v 230.85415 -7.70366 -18.61597
v 230.78471 -7.69264 -18.61248
v 230.72206 -7.66069 -18.60933
v 230.67235 -7.61091 -18.60684
v 230.64043 -7.54819 -18.60523
v 230.62943 -7.47866 -18.60468
v 230.64043 -7.40913 -18.60523
v 230.67235 -7.34640 -18.60684
v 230.72206 -7.29663 -18.60933
v 230.78471 -7.26467 -18.61248
v 230.85415 -7.25366 -18.61597
v 230.92359 -7.26467 -18.61946
v 230.98623 -7.29663 -18.62261
v 231.03595 -7.34640 -18.62510
v 231.06787 -7.40913 -18.62671
v 231.07887 -7.47866 -18.62726
v 231.06787 -7.54819 -18.62671
v 231.03595 -7.61091 -18.62510
v 230.98623 -7.66069 -18.62261
v 230.92359 -7.69264 -18.61946
v 230.95650 -7.63008 -17.15156
v 230.88697 -7.61907 -17.15252
v 230.82426 -7.58711 -17.15339
v 230.77449 -7.53733 -17.15408
v 230.74253 -7.47461 -17.15452
v 230.73152 -7.40508 -17.15467
v 230.74253 -7.33555 -17.15452
v 230.77449 -7.27283 -17.15408
v 230.82426 -7.22305 -17.15339
v 230.88697 -7.19109 -17.15252
v 230.95650 -7.18008 -17.15156
v 231.02602 -7.19109 -17.15060
v 231.08874 -7.22305 -17.14973
v 231.13851 -7.27283 -17.14904
v 231.17046 -7.33555 -17.14860
v 231.18148 -7.40508 -17.14844
v 231.17046 -7.47461 -17.14860
v 231.13851 -7.53733 -17.14904
v 231.08874 -7.58711 -17.14973
v 231.02602 -7.61907 -17.15060
v 230.81281 -7.64922 -15.62967
v 230.74347 -7.63821 -15.63476
v 230.68091 -7.60625 -15.63935
v 230.63127 -7.55647 -15.64300
v 230.59939 -7.49375 -15.64534
v 230.58841 -7.42422 -15.64614
v 230.59939 -7.35469 -15.64534
v 230.63127 -7.29197 -15.64300
v 230.68091 -7.24219 -15.63935
v 230.74347 -7.21023 -15.63476
v 230.81281 -7.19922 -15.62967
v 230.88215 -7.21023 -15.62459
v 230.94470 -7.24219 -15.61999
v 230.99435 -7.29197 -15.61635
v 231.02622 -7.35469 -15.61401
v 231.03720 -7.42422 -15.61321
v 231.02622 -7.49375 -15.61401
v 230.99435 -7.55647 -15.61635
v 230.94470 -7.60625 -15.61999
v 230.88215 -7.63821 -15.62459
v 230.79732 -7.62706 -14.98241
v 230.72782 -7.61605 -14.98038
v 230.66512 -7.58409 -14.97855
v 230.61537 -7.53431 -14.97710
v 230.58342 -7.47159 -14.97616
v 230.57241 -7.40206 -14.97584
v 230.58342 -7.33253 -14.97616
v 230.61537 -7.26981 -14.97710
v 230.66512 -7.22003 -14.97855
v 230.72782 -7.18807 -14.98038
v 230.79732 -7.17706 -14.98241
v 230.86682 -7.18807 -14.98443
v 230.92951 -7.22003 -14.98626
v 230.97927 -7.26981 -14.98772
v 231.01121 -7.33253 -14.98865
v 231.02222 -7.40206 -14.98897
v 231.01121 -7.47159 -14.98865
v 230.97927 -7.53431 -14.98772
v 230.92951 -7.58409 -14.98626
v 230.86682 -7.61605 -14.98443
v 230.84351 -7.60911 -14.57760
v 230.77517 -7.59809 -14.56482
v 230.71351 -7.56613 -14.55329
v 230.66458 -7.51636 -14.54414
v 230.63317 -7.45363 -14.53827
v 230.62235 -7.38411 -14.53624
v 230.63317 -7.31458 -14.53827
v 230.66458 -7.25185 -14.54414
v 230.71351 -7.20208 -14.55329
v 230.77517 -7.17012 -14.56482
v 230.84351 -7.15911 -14.57760
v 230.91185 -7.17012 -14.59039
v 230.97351 -7.20208 -14.60192
v 231.02244 -7.25185 -14.61107
v 231.05385 -7.31458 -14.61694
v 231.06468 -7.38411 -14.61897
v 231.05385 -7.45363 -14.61694
v 231.02244 -7.51636 -14.61107
v 230.97351 -7.56613 -14.60192
v 230.91185 -7.59809 -14.59039
v 231.05545 -7.57756 -13.60221
v 230.98681 -7.56654 -13.59109
v 230.92490 -7.53458 -13.58106
v 230.87576 -7.48481 -13.57310
v 230.84421 -7.42208 -13.56799
v 230.83334 -7.35256 -13.56623
v 230.84421 -7.28303 -13.56799
v 230.87576 -7.22030 -13.57310
v 230.92490 -7.17053 -13.58106
v 230.98681 -7.13857 -13.59109
v 231.05545 -7.12756 -13.60221
v 231.12408 -7.13857 -13.61333
v 231.18600 -7.17053 -13.62336
v 231.23513 -7.22030 -13.63132
v 231.26668 -7.28303 -13.63643
v 231.27755 -7.35256 -13.63819
v 231.26668 -7.42208 -13.63643
v 231.23513 -7.48481 -13.63132
v 231.18600 -7.53458 -13.62336
v 231.12408 -7.56654 -13.61333
v 231.22064 -7.51891 -12.24955
v 231.15126 -7.50790 -12.24496
v 231.08868 -7.47594 -12.24082
v 231.03901 -7.42616 -12.23754
v 231.00712 -7.36344 -12.23543
v 230.99613 -7.29391 -12.23470
v 231.00712 -7.22438 -12.23543
v 231.03901 -7.16166 -12.23754
v 231.08868 -7.11188 -12.24082
v 231.15126 -7.07992 -12.24496
v 231.22064 -7.06891 -12.24955
v 231.29002 -7.07992 -12.25413
v 231.35260 -7.11188 -12.25827
v 231.40227 -7.16166 -12.26156
v 231.43416 -7.22438 -12.26366
v 231.44515 -7.29391 -12.26439
v 231.43416 -7.36344 -12.26366
v 231.40227 -7.42616 -12.26156
v 231.35260 -7.47594 -12.25827
v 231.29002 -7.50790 -12.25413
v 231.27526 -7.33684 -10.27779
v 231.20573 -7.32583 -10.27739
v 231.14301 -7.29387 -10.27703
v 231.09323 -7.24410 -10.27674
v 231.06128 -7.18137 -10.27656
v 231.05026 -7.11184 -10.27650
v 231.06128 -7.04232 -10.27656
v 231.09323 -6.97959 -10.27674
v 231.14301 -6.92982 -10.27703
v 231.20573 -6.89786 -10.27739
v 231.27526 -6.88684 -10.27779
v 231.34479 -6.89786 -10.27819
v 231.40751 -6.92982 -10.27855
v 231.45729 -6.97959 -10.27883
v 231.48924 -7.04232 -10.27902
v 231.50026 -7.11184 -10.27908
v 231.48924 -7.18137 -10.27902
v 231.45729 -7.24410 -10.27883
v 231.40751 -7.29387 -10.27855
v 231.34479 -7.32583 -10.27819
v 231.23790 -7.16846 -9.24589
v 231.16871 -7.15745 -9.25275
v 231.10629 -7.12549 -9.25894
v 231.05676 -7.07571 -9.26386
v 231.02495 -7.01299 -9.26701
v 231.01400 -6.94346 -9.26810
v 231.02495 -6.87393 -9.26701
v 231.05676 -6.81121 -9.26386
v 231.10629 -6.76143 -9.25894
v 231.16871 -6.72947 -9.25275
v 231.23790 -6.71846 -9.24589
v 231.30709 -6.72947 -9.23902
v 231.36950 -6.76143 -9.23283
v 231.41904 -6.81121 -9.22792
v 231.45084 -6.87393 -9.22476
v 231.46180 -6.94346 -9.22367
v 231.45084 -7.01299 -9.22476
v 231.41904 -7.07571 -9.22792
v 231.36950 -7.12549 -9.23283
v 231.30709 -7.15745 -9.23902
v 231.02396 -7.12352 -7.74482
v 230.95561 -7.11251 -7.75761
v 230.89396 -7.08055 -7.76915
v 230.84503 -7.03077 -7.77830
v 230.81362 -6.96805 -7.78418
v 230.80279 -6.89852 -7.78621
v 230.81362 -6.82899 -7.78418
v 230.84503 -6.76627 -7.77830
v 230.89396 -6.71649 -7.76915
v 230.95561 -6.68453 -7.75761
v 231.02396 -6.67352 -7.74482
v 231.09230 -6.68453 -7.73203
v 231.15395 -6.71649 -7.72049
v 231.20288 -6.76627 -7.71134
v 231.23429 -6.82899 -7.70546
v 231.24512 -6.89852 -7.70343
v 231.23429 -6.96805 -7.70546
v 231.20288 -7.03077 -7.71134
v 231.15395 -7.08055 -7.72049
v 231.09230 -7.11251 -7.73203
v 230.79870 -7.03450 -6.89896
v 230.73197 -7.02349 -6.91849
v 230.67177 -6.99153 -6.93611
v 230.62400 -6.94176 -6.95010
v 230.59333 -6.87903 -6.95908
v 230.58276 -6.80950 -6.96217
v 230.59333 -6.73998 -6.95908
v 230.62400 -6.67725 -6.95010
v 230.67177 -6.62748 -6.93611
v 230.73197 -6.59552 -6.91849
v 230.79870 -6.58450 -6.89896
v 230.86543 -6.59552 -6.87943
v 230.92562 -6.62748 -6.86181
v 230.97340 -6.67725 -6.84782
v 231.00407 -6.73998 -6.83885
v 231.01464 -6.80950 -6.83575
v 231.00407 -6.87903 -6.83885
v 230.97340 -6.94176 -6.84782
v 230.92562 -6.99153 -6.86181
v 230.86543 -7.02349 -6.87943
v 230.28651 -6.84912 -5.22552
v 230.22085 -6.83810 -5.24838
v 230.16161 -6.80614 -5.26900
v 230.11460 -6.75637 -5.28537
v 230.08442 -6.69364 -5.29588
v 230.07402 -6.62412 -5.29950
v 230.08442 -6.55459 -5.29588
v 230.11460 -6.49186 -5.28537
v 230.16161 -6.44209 -5.26900
v 230.22085 -6.41013 -5.24838
v 230.28651 -6.39912 -5.22552
v 230.35217 -6.41013 -5.20266
v 230.41141 -6.44209 -5.18203
v 230.45842 -6.49186 -5.16567
v 230.48860 -6.55459 -5.15516
v 230.49900 -6.62412 -5.15154
v 230.48860 -6.69364 -5.15516
v 230.45842 -6.75637 -5.16567
v 230.41141 -6.80614 -5.18203
v 230.35217 -6.83810 -5.20266
v 229.60545 -6.67425 -3.47174
v 229.54133 -6.66324 -3.49864
v 229.48349 -6.63128 -3.52291
v 229.43759 -6.58150 -3.54217
v 229.40812 -6.51878 -3.55453
v 229.39797 -6.44925 -3.55879
v 229.40812 -6.37972 -3.55453
v 229.43759 -6.31700 -3.54217
v 229.48349 -6.26722 -3.52291
v 229.54133 -6.23526 -3.49864
v 229.60545 -6.22425 -3.47174
v 229.66956 -6.23526 -3.44484
v 229.72740 -6.26722 -3.42058
v 229.77330 -6.31700 -3.40132
v 229.80277 -6.37972 -3.38895
v 229.81293 -6.44925 -3.38469
v 229.80277 -6.51878 -3.38895
v 229.77330 -6.58150 -3.40132
v 229.72740 -6.63128 -3.42058
v 229.66956 -6.66324 -3.44484
v 229.16755 -6.59517 -2.55852
v 229.10630 -6.58416 -2.59141
v 229.05104 -6.55220 -2.62109
v 229.00719 -6.50242 -2.64464
v 228.97903 -6.43970 -2.65976
v 228.96933 -6.37017 -2.66497
v 228.97903 -6.30064 -2.65976
v 229.00719 -6.23792 -2.64464
v 229.05104 -6.18814 -2.62109
v 229.10630 -6.15619 -2.59141
v 229.16755 -6.14517 -2.55852
v 229.22880 -6.15619 -2.52562
v 229.28406 -6.18814 -2.49594
v 229.32792 -6.23792 -2.47239
v 229.35607 -6.30064 -2.45727
v 229.36577 -6.37017 -2.45206
v 229.35607 -6.43970 -2.45727
v 229.32792 -6.50242 -2.47239
v 229.28406 -6.55220 -2.49594
v 229.22880 -6.58416 -2.52562
v 228.82017 -6.53049 -2.00959
v 228.76336 -6.51948 -2.04968
v 228.71212 -6.48752 -2.08584
v 228.67145 -6.43774 -2.11455
v 228.64534 -6.37502 -2.13297
v 228.63634 -6.30549 -2.13932
v 228.64534 -6.23596 -2.13297
v 228.67145 -6.17324 -2.11455
v 228.71212 -6.12346 -2.08584
v 228.76336 -6.09150 -2.04968
v 228.82017 -6.08049 -2.00959
v 228.87697 -6.09150 -1.96950
v 228.92822 -6.12346 -1.93333
v 228.96889 -6.17324 -1.90463
v 228.99500 -6.23596 -1.88620
v 229.00400 -6.30549 -1.87985
v 228.99500 -6.37502 -1.88620
v 228.96889 -6.43774 -1.90463
v 228.92822 -6.48752 -1.93333
v 228.87697 -6.51948 -1.96950
v 227.79781 -6.29258 -0.61768
v 227.74026 -6.28157 -0.65669
v 227.68834 -6.24961 -0.69189
v 227.64714 -6.19983 -0.71982
v 227.62069 -6.13711 -0.73776
v 227.61157 -6.06758 -0.74394
v 227.62069 -5.99805 -0.73776
v 227.64714 -5.93533 -0.71982
v 227.68834 -5.88555 -0.69189
v 227.74026 -5.85360 -0.65669
v 227.79781 -5.84258 -0.61768
v 227.85536 -5.85360 -0.57866
v 227.90727 -5.88555 -0.54347
v 227.94848 -5.93533 -0.51553
v 227.97493 -5.99805 -0.49760
v 227.98404 -6.06758 -0.49142
v 227.97493 -6.13711 -0.49760
v 227.94848 -6.19983 -0.51553
v 227.90727 -6.24961 -0.54347
v 227.85536 -6.28157 -0.57866
v 227.12735 -6.32131 0.48738
v 227.06874 -6.31030 0.44998
v 227.01587 -6.27834 0.41624
v 226.97391 -6.22856 0.38946
v 226.94697 -6.16584 0.37226
v 226.93769 -6.09631 0.36634
v 226.94697 -6.02678 0.37226
v 226.97391 -5.96406 0.38946
v 227.01587 -5.91428 0.41624
v 227.06874 -5.88232 0.44998
v 227.12735 -5.87131 0.48738
v 227.18596 -5.88232 0.52479
v 227.23884 -5.91428 0.55853
v 227.28080 -5.96406 0.58531
v 227.30774 -6.02678 0.60251
v 227.31702 -6.09631 0.60843
v 227.30774 -6.16584 0.60251
v 227.28080 -6.22856 0.58531
v 227.23884 -6.27834 0.55853
v 227.18596 -6.31030 0.52479
v 226.04852 -6.18847 2.12330
v 225.98909 -6.17746 2.08721
v 225.93548 -6.14550 2.05466
v 225.89293 -6.09572 2.02882
v 225.86561 -6.03300 2.01223
v 225.85620 -5.96347 2.00652
v 225.86561 -5.89394 2.01223
v 225.89293 -5.83122 2.02882
v 225.93548 -5.78144 2.05466
v 225.98909 -5.74948 2.08721
v 226.04852 -5.73847 2.12330
v 226.10795 -5.74948 2.15939
v 226.16156 -5.78144 2.19195
v 226.20410 -5.83122 2.21779
v 226.23142 -5.89394 2.23437
v 226.24083 -5.96347 2.24009
v 226.23142 -6.03300 2.23437
v 226.20410 -6.09572 2.21779
v 226.16156 -6.14550 2.19195
v 226.10795 -6.17746 2.15939
v 225.44992 -6.04616 3.24966
v 225.39027 -6.03515 3.21394
v 225.33645 -6.00319 3.18172
v 225.29375 -5.95341 3.15615
v 225.26633 -5.89069 3.13973
v 225.25688 -5.82116 3.13407
v 225.26633 -5.75163 3.13973
v 225.29375 -5.68891 3.15615
v 225.33645 -5.63913 3.18172
v 225.39027 -5.60717 3.21394
v 225.44992 -5.59616 3.24966
v 225.50957 -5.60717 3.28537
v 225.56339 -5.63913 3.31759
v 225.60610 -5.68891 3.34316
v 225.63352 -5.75163 3.35958
v 225.64296 -5.82116 3.36524
v 225.63352 -5.89069 3.35958
v 225.60610 -5.95341 3.34316
v 225.56339 -6.00319 3.31759
v 225.50957 -6.03515 3.28537
v 225.18666 -5.96537 3.56277
v 225.13886 -5.95436 3.51227
v 225.09575 -5.92240 3.46672
v 225.06153 -5.87262 3.43057
v 225.03956 -5.80990 3.40736
v 225.03199 -5.74037 3.39936
v 225.03956 -5.67084 3.40736
v 225.06153 -5.60812 3.43057
v 225.09575 -5.55834 3.46672
v 225.13886 -5.52639 3.51227
v 225.18666 -5.51537 3.56277
v 225.23446 -5.52639 3.61326
v 225.27757 -5.55834 3.65882
v 225.31179 -5.60812 3.69497
v 225.33376 -5.67084 3.71818
v 225.34133 -5.74037 3.72618
v 225.33376 -5.80990 3.71818
v 225.31179 -5.87262 3.69497
v 225.27757 -5.92240 3.65882
v 225.23446 -5.95436 3.61326
v 224.40091 -6.01484 4.24255
v 224.34911 -6.00383 4.19618
v 224.30237 -5.97187 4.15435
v 224.26529 -5.92210 4.12114
v 224.24147 -5.85937 4.09983
v 224.23327 -5.78984 4.09248
v 224.24147 -5.72031 4.09983
v 224.26529 -5.65759 4.12114
v 224.30237 -5.60781 4.15435
v 224.34911 -5.57586 4.19618
v 224.40091 -5.56484 4.24255
v 224.45272 -5.57586 4.28893
v 224.49945 -5.60781 4.33076
v 224.53654 -5.65759 4.36396
v 224.56035 -5.72031 4.38528
v 224.56855 -5.78984 4.39262
v 224.56035 -5.85937 4.38528
v 224.53654 -5.92210 4.36396
v 224.49945 -5.97187 4.33076
v 224.45272 -6.00383 4.28893
v 223.80305 -5.99709 5.10838
v 223.74712 -5.98608 5.06708
v 223.69667 -5.95412 5.02982
v 223.65662 -5.90434 5.00025
v 223.63092 -5.84162 4.98126
v 223.62206 -5.77209 4.97472
v 223.63092 -5.70256 4.98126
v 223.65662 -5.63984 5.00025
v 223.69667 -5.59006 5.02982
v 223.74712 -5.55810 5.06708
v 223.80305 -5.54709 5.10838
v 223.85898 -5.55810 5.14969
v 223.90944 -5.59006 5.18695
v 223.94948 -5.63984 5.21652
v 223.97519 -5.70256 5.23550
v 223.98405 -5.77209 5.24204
v 223.97519 -5.84162 5.23550
v 223.94948 -5.90434 5.21652
v 223.90944 -5.95412 5.18695
v 223.85898 -5.98608 5.14969
v 223.53200 -6.04132 5.41919
v 223.47960 -6.03031 5.37349
v 223.43233 -5.99835 5.33226
v 223.39481 -5.94857 5.29955
v 223.37073 -5.88585 5.27854
v 223.36243 -5.81632 5.27130
v 223.37073 -5.74679 5.27854
v 223.39481 -5.68407 5.29955
v 223.43233 -5.63429 5.33226
v 223.47960 -5.60233 5.37349
v 223.53200 -5.59132 5.41919
v 223.58440 -5.60233 5.46489
v 223.63167 -5.63429 5.50611
v 223.66919 -5.68407 5.53883
v 223.69328 -5.74679 5.55983
v 223.70157 -5.81632 5.56707
v 223.69328 -5.88585 5.55983
v 223.66919 -5.94857 5.53883
v 223.63167 -5.99835 5.50611
v 223.58440 -6.03031 5.46489
v 254.87002 -8.90509 -93.63424
v 223.53200 -5.81632 5.41919
vt 0.000000 0.000000
vt 0.000000 0.233292
vt 0.050000 0.233292
vt 0.000000 0.000000
vt 0.050000 0.233292
vt 0.050000 0.000000
vt 0.050000 0.000000
vt 0.050000 0.233292
vt 0.100000 0.233292
vt 0.050000 0.000000
vt 0.100000 0.233292
vt 0.100000 0.000000
vt 0.100000 0.000000
vt 0.100000 0.233292
vt 0.150000 0.233292
vt 0.100000 0.000000
vt 0.150000 0.233292
vt 0.150000 0.000000
vt 0.150000 0.000000
vt 0.150000 0.233292
vt 0.200000 0.233292
vt 0.150000 0.000000
vt 0.200000 0.233292
vt 0.200000 0.000000
vt 0.200000 0.000000
vt 0.200000 0.233292
vt 0.250000 0.233292
vt 0.200000 0.000000
vt 0.250000 0.233292
vt 0.250000 0.000000
vt 0.250000 0.000000
vt 0.250000 0.233292
vt 0.300000 0.233292
vt 0.250000 0.000000
vt 0.300000 0.233292
vt 0.300000 0.000000
vt 0.300000 0.000000
vt 0.300000 0.233292
vt 0.350000 0.233292
vt 0.300000 0.000000
vt 0.350000 0.233292
vt 0.350000 0.000000
vt 0.350000 0.000000
vt 0.350000 0.233292
vt 0.400000 0.233292
vt 0.350000 0.000000
vt 0.400000 0.233292
vt 0.400000 0.000000
vt 0.400000 0.000000
vt 0.400000 0.233292
vt 0.450000 0.233292
vt 0.400000 0.000000
vt 0.450000 0.233292
vt 0.450000 0.000000
vt 0.450000 0.000000
vt 0.450000 0.233292
vt 0.500000 0.233292
vt 0.450000 0.000000
vt 0.500000 0.233292
vt 0.500000 0.000000
vt 0.500000 0.000000
vt 0.500000 0.233292
vt 0.550000 0.233292
vt 0.500000 0.000000
vt 0.550000 0.233292
vt 0.550000 0.000000
vt 0.550000 0.000000
vt 0.550000 0.233292
vt 0.600000 0.233292
vt 0.550000 0.000000
vt 0.600000 0.233292
vt 0.600000 0.000000
vt 0.600000 0.000000
vt 0.600000 0.233292
vt 0.650000 0.233292
vt 0.600000 0.000000
vt 0.650000 0.233292
vt 0.650000 0.000000
vt 0.650000 0.000000
vt 0.650000 0.233292
vt 0.700000 0.233292
vt 0.650000 0.000000
vt 0.700000 0.233292
vt 0.700000 0.000000
vt 0.700000 0.000000
vt 0.700000 0.233292
vt 0.750000 0.233292
vt 0.700000 0.000000
vt 0.750000 0.233292
vt 0.750000 0.000000
vt 0.750000 0.000000
vt 0.750000 0.233292
vt 0.800000 0.233292
vt 0.750000 0.000000
vt 0.800000 0.233292
vt 0.800000 0.000000
vt 0.800000 0.000000
vt 0.800000 0.233292
vt 0.850000 0.233292
vt 0.800000 0.000000
vt 0.850000 0.233292
vt 0.850000 0.000000
vt 0.850000 0.000000
vt 0.850000 0.233292
vt 0.900000 0.233292
vt 0.850000 0.000000
vt 0.900000 0.233292
vt 0.900000 0.000000
vt 0.900000 0.000000
vt 0.900000 0.233292
vt 0.950000 0.233292
vt 0.900000 0.000000
vt 0.950000 0.233292
vt 0.950000 0.000000
vt 0.950000 0.000000
vt 0.950000 0.233292
vt 0.000000 0.233292
vt 0.950000 0.000000
vt 0.000000 0.233292
vt 0.000000 0.000000
vt 0.000000 0.233292
vt 0.000000 0.484294
vt 0.050000 0.484294
vt 0.000000 0.233292
vt 0.050000 0.484294
vt 0.050000 0.233292
vt 0.050000 0.233292
vt 0.050000 0.484294
vt 0.100000 0.484294
vt 0.050000 0.233292
vt 0.100000 0.484294
vt 0.100000 0.233292
vt 0.100000 0.233292
vt 0.100000 0.484294
vt 0.150000 0.484294
vt 0.100000 0.233292
vt 0.150000 0.484294
vt 0.150000 0.233292
vt 0.150000 0.233292
vt 0.150000 0.484294
vt 0.200000 0.484294
vt 0.150000 0.233292
vt 0.200000 0.484294
vt 0.200000 0.233292
vt 0.200000 0.233292
vt 0.200000 0.484294
vt 0.250000 0.484294
vt 0.200000 0.233292
vt 0.250000 0.484294
vt 0.250000 0.233292
vt 0.250000 0.233292
vt 0.250000 0.484294
vt 0.300000 0.484294
vt 0.250000 0.233292
vt 0.300000 0.484294
vt 0.300000 0.233292
vt 0.300000 0.233292
vt 0.300000 0.484294
vt 0.350000 0.484294
vt 0.300000 0.233292
vt 0.350000 0.484294
vt 0.350000 0.233292
vt 0.350000 0.233292
vt 0.350000 0.484294
vt 0.400000 0.484294
vt 0.350000 0.233292
vt 0.400000 0.484294
vt 0.400000 0.233292
vt 0.400000 0.233292
vt 0.400000 0.484294
vt 0.450000 0.484294
vt 0.400000 0.233292
vt 0.450000 0.484294
vt 0.450000 0.233292
vt 0.450000 0.233292
vt 0.450000 0.484294
vt 0.500000 0.484294
vt 0.450000 0.233292
vt 0.500000 0.484294
vt 0.500000 0.233292
vt 0.500000 0.233292
vt 0.500000 0.484294
vt 0.550000 0.484294
vt 0.500000 0.233292
vt 0.550000 0.484294
vt 0.550000 0.233292
vt 0.550000 0.233292
vt 0.550000 0.484294
vt 0.600000 0.484294
vt 0.550000 0.233292
vt 0.600000 0.484294
vt 0.600000 0.233292
vt 0.600000 0.233292
vt 0.600000 0.484294
vt 0.650000 0.484294
vt 0.600000 0.233292
vt 0.650000 0.484294
vt 0.650000 0.233292
vt 0.650000 0.233292
vt 0.650000 0.484294
vt 0.700000 0.484294
vt 0.650000 0.233292
vt 0.700000 0.484294
vt 0.700000 0.233292
vt 0.700000 0.233292
vt 0.700000 0.484294
vt 0.750000 0.484294
vt 0.700000 0.233292
vt 0.750000 0.484294
vt 0.750000 0.233292
vt 0.750000 0.233292
vt 0.750000 0.484294
vt 0.800000 0.484294
vt 0.750000 0.233292
vt 0.800000 0.484294
vt 0.800000 0.233292
vt 0.800000 0.233292
vt 0.800000 0.484294
vt 0.850000 0.484294
vt 0.800000 0.233292
vt 0.850000 0.484294
vt 0.850000 0.233292
vt 0.850000 0.233292
vt 0.850000 0.484294
vt 0.900000 0.484294
vt 0.850000 0.233292
vt 0.900000 0.484294
vt 0.900000 0.233292
vt 0.900000 0.233292
vt 0.900000 0.484294
vt 0.950000 0.484294
vt 0.900000 0.233292
vt 0.950000 0.484294
vt 0.950000 0.233292
vt 0.950000 0.233292
vt 0.950000 0.484294
vt 0.000000 0.484294
vt 0.950000 0.233292
vt 0.000000 0.484294
vt 0.000000 0.233292
vt 0.000000 0.484294
vt 0.000000 0.739764
vt 0.050000 0.739764
vt 0.000000 0.484294
vt 0.050000 0.739764
vt 0.050000 0.484294
vt 0.050000 0.484294
vt 0.050000 0.739764
vt 0.100000 0.739764
vt 0.050000 0.484294
vt 0.100000 0.739764
vt 0.100000 0.484294
vt 0.100000 0.484294
vt 0.100000 0.739764
vt 0.150000 0.739764
vt 0.100000 0.484294
vt 0.150000 0.739764
vt 0.150000 0.484294
vt 0.150000 0.484294
vt 0.150000 0.739764
vt 0.200000 0.739764
vt 0.150000 0.484294
vt 0.200000 0.739764
vt 0.200000 0.484294
vt 0.200000 0.484294
vt 0.200000 0.739764
vt 0.250000 0.739764
vt 0.200000 0.484294
vt 0.250000 0.739764
vt 0.250000 0.484294
vt 0.250000 0.484294
vt 0.250000 0.739764
vt 0.300000 0.739764
vt 0.250000 0.484294
vt 0.300000 0.739764
vt 0.300000 0.484294
vt 0.300000 0.484294
vt 0.300000 0.739764
vt 0.350000 0.739764
vt 0.300000 0.484294
vt 0.350000 0.739764
vt 0.350000 0.484294
vt 0.350000 0.484294
vt 0.350000 0.739764
vt 0.400000 0.739764
vt 0.350000 0.484294
vt 0.400000 0.739764
vt 0.400000 0.484294
vt 0.400000 0.484294
vt 0.400000 0.739764
vt 0.450000 0.739764
vt 0.400000 0.484294
vt 0.450000 0.739764
vt 0.450000 0.484294
vt 0.450000 0.484294
vt 0.450000 0.739764
vt 0.500000 0.739764
vt 0.450000 0.484294
vt 0.500000 0.739764
vt 0.500000 0.484294
vt 0.500000 0.484294
vt 0.500000 0.739764
vt 0.550000 0.739764
vt 0.500000 0.484294
vt 0.550000 0.739764
vt 0.550000 0.484294
vt 0.550000 0.484294
vt 0.550000 0.739764
vt 0.600000 0.739764
vt 0.550000 0.484294
vt 0.600000 0.739764
vt 0.600000 0.484294
vt 0.600000 0.484294
vt 0.600000 0.739764
vt 0.650000 0.739764
vt 0.600000 0.484294
vt 0.650000 0.739764
vt 0.650000 0.484294
vt 0.650000 0.484294
vt 0.650000 0.739764
vt 0.700000 0.739764
vt 0.650000 0.484294
vt 0.700000 0.739764
vt 0.700000 0.484294
vt 0.700000 0.484294
vt 0.700000 0.739764
vt 0.750000 0.739764
vt 0.700000 0.484294
vt 0.750000 0.739764
vt 0.750000 0.484294
vt 0.750000 0.484294
vt 0.750000 0.739764
vt 0.800000 0.739764
vt 0.750000 0.484294
vt 0.800000 0.739764
vt 0.800000 0.484294
vt 0.800000 0.484294
vt 0.800000 0.739764
vt 0.850000 0.739764
vt 0.800000 0.484294
vt 0.850000 0.739764
vt 0.850000 0.484294
vt 0.850000 0.484294
vt 0.850000 0.739764
vt 0.900000 0.739764
vt 0.850000 0.484294
vt 0.900000 0.739764
vt 0.900000 0.484294
vt 0.900000 0.484294
vt 0.900000 0.739764
vt 0.950000 0.739764
vt 0.900000 0.484294
vt 0.950000 0.739764
vt 0.950000 0.484294
vt 0.950000 0.484294
vt 0.950000 0.739764
vt 0.000000 0.739764
vt 0.950000 0.484294
vt 0.000000 0.739764
vt 0.000000 0.484294
vt 0.000000 0.739764
vt 0.000000 1.013615
vt 0.050000 1.013615
vt 0.000000 0.739764
vt 0.050000 1.013615
vt 0.050000 0.739764
vt 0.050000 0.739764
vt 0.050000 1.013615
vt 0.100000 1.013615
vt 0.050000 0.739764
vt 0.100000 1.013615
vt 0.100000 0.739764
vt 0.100000 0.739764
vt 0.100000 1.013615
vt 0.150000 1.013615
vt 0.100000 0.739764
vt 0.150000 1.013615
vt 0.150000 0.739764
vt 0.150000 0.739764
vt 0.150000 1.013615
vt 0.200000 1.013615
vt 0.150000 0.739764
vt 0.200000 1.013615
vt 0.200000 0.739764
vt 0.200000 0.739764
vt 0.200000 1.013615
vt 0.250000 1.013615
vt 0.200000 0.739764
vt 0.250000 1.013615
vt 0.250000 0.739764
vt 0.250000 0.739764
vt 0.250000 1.013615
vt 0.300000 1.013615
vt 0.250000 0.739764
vt 0.300000 1.013615
vt 0.300000 0.739764
vt 0.300000 0.739764
vt 0.300000 1.013615
vt 0.350000 1.013615
vt 0.300000 0.739764
vt 0.350000 1.013615
vt 0.350000 0.739764
vt 0.350000 0.739764
vt 0.350000 1.013615
vt 0.400000 1.013615
vt 0.350000 0.739764
vt 0.400000 1.013615
vt 0.400000 0.739764
vt 0.400000 0.739764
vt 0.400000 1.013615
vt 0.450000 1.013615
vt 0.400000 0.739764
vt 0.450000 1.013615
vt 0.450000 0.739764
vt 0.450000 0.739764
vt 0.450000 1.013615
vt 0.500000 1.013615
vt 0.450000 0.739764
vt 0.500000 1.013615
vt 0.500000 0.739764
vt 0.500000 0.739764
vt 0.500000 1.013615
vt 0.550000 1.013615
vt 0.500000 0.739764
vt 0.550000 1.013615
vt 0.550000 0.739764
vt 0.550000 0.739764
vt 0.550000 1.013615
vt 0.600000 1.013615
vt 0.550000 0.739764
vt 0.600000 1.013615
vt 0.600000 0.739764
vt 0.600000 0.739764
vt 0.600000 1.013615
vt 0.650000 1.013615
vt 0.600000 0.739764
vt 0.650000 1.013615
vt 0.650000 0.739764
vt 0.650000 0.739764
vt 0.650000 1.013615
vt 0.700000 1.013615
vt 0.650000 0.739764
vt 0.700000 1.013615
vt 0.700000 0.739764
vt 0.700000 0.739764
vt 0.700000 1.013615
vt 0.750000 1.013615
vt 0.700000 0.739764
vt 0.750000 1.013615
vt 0.750000 0.739764
vt 0.750000 0.739764
vt 0.750000 1.013615
vt 0.800000 1.013615
vt 0.750000 0.739764
vt 0.800000 1.013615
vt 0.800000 0.739764
vt 0.800000 0.739764
vt 0.800000 1.013615
vt 0.850000 1.013615
vt 0.800000 0.739764
vt 0.850000 1.013615
vt 0.850000 0.739764
vt 0.850000 0.739764
vt 0.850000 1.013615
vt 0.900000 1.013615
vt 0.850000 0.739764
vt 0.900000 1.013615
vt 0.900000 0.739764
vt 0.900000 0.739764
vt 0.900000 1.013615
vt 0.950000 1.013615
vt 0.900000 0.739764
vt 0.950000 1.013615
vt 0.950000 0.739764
vt 0.950000 0.739764
vt 0.950000 1.013615
vt 0.000000 1.013615
vt 0.950000 0.739764
vt 0.000000 1.013615
vt 0.000000 0.739764
vt 0.000000 1.013615
vt 0.000000 1.139401
vt 0.050000 1.139401
vt 0.000000 1.013615
vt 0.050000 1.139401
vt 0.050000 1.013615
vt 0.050000 1.013615
vt 0.050000 1.139401
vt 0.100000 1.139401
vt 0.050000 1.013615
vt 0.100000 1.139401
vt 0.100000 1.013615
vt 0.100000 1.013615
vt 0.100000 1.139401
vt 0.150000 1.139401
vt 0.100000 1.013615
vt 0.150000 1.139401
vt 0.150000 1.013615
vt 0.150000 1.013615
vt 0.150000 1.139401
vt 0.200000 1.139401
vt 0.150000 1.013615
vt 0.200000 1.139401
vt 0.200000 1.013615
vt 0.200000 1.013615
vt 0.200000 1.139401
vt 0.250000 1.139401
vt 0.200000 1.013615
vt 0.250000 1.139401
vt 0.250000 1.013615
vt 0.250000 1.013615
vt 0.250000 1.139401
vt 0.300000 1.139401
vt 0.250000 1.013615
vt 0.300000 1.139401
vt 0.300000 1.013615
vt 0.300000 1.013615
vt 0.300000 1.139401
vt 0.350000 1.139401
vt 0.300000 1.013615
vt 0.350000 1.139401
vt 0.350000 1.013615
vt 0.350000 1.013615
vt 0.350000 1.139401
vt 0.400000 1.139401
vt 0.350000 1.013615
vt 0.400000 1.139401
vt 0.400000 1.013615
vt 0.400000 1.013615
vt 0.400000 1.139401
vt 0.450000 1.139401
vt 0.400000 1.013615
vt 0.450000 1.139401
vt 0.450000 1.013615
vt 0.450000 1.013615
vt 0.450000 1.139401
vt 0.500000 1.139401
vt 0.450000 1.013615
vt 0.500000 1.139401
vt 0.500000 1.013615
vt 0.500000 1.013615
vt 0.500000 1.139401
vt 0.550000 1.139401
vt 0.500000 1.013615
vt 0.550000 1.139401
vt 0.550000 1.013615
vt 0.550000 1.013615
vt 0.550000 1.139401
vt 0.600000 1.139401
vt 0.550000 1.013615
vt 0.600000 1.139401
vt 0.600000 1.013615
vt 0.600000 1.013615
vt 0.600000 1.139401
vt 0.650000 1.139401
vt 0.600000 1.013615
vt 0.650000 1.139401
vt 0.650000 1.013615
vt 0.650000 1.013615
vt 0.650000 1.139401
vt 0.700000 1.139401
vt 0.650000 1.013615
vt 0.700000 1.139401
vt 0.700000 1.013615
vt 0.700000 1.013615
vt 0.700000 1.139401
vt 0.750000 1.139401
vt 0.700000 1.013615
vt 0.750000 1.139401
vt 0.750000 1.013615
vt 0.750000 1.013615
vt 0.750000 1.139401
vt 0.800000 1.139401
vt 0.750000 1.013615
vt 0.800000 1.139401
vt 0.800000 1.013615
vt 0.800000 1.013615
vt 0.800000 1.139401
vt 0.850000 1.139401
vt 0.800000 1.013615
vt 0.850000 1.139401
vt 0.850000 1.013615
vt 0.850000 1.013615
vt 0.850000 1.139401
vt 0.900000 1.139401
vt 0.850000 1.013615
vt 0.900000 1.139401
vt 0.900000 1.013615
vt 0.900000 1.013615
vt 0.900000 1.139401
vt 0.950000 1.139401
vt 0.900000 1.013615
vt 0.950000 1.139401
vt 0.950000 1.013615
vt 0.950000 1.013615
vt 0.950000 1.139401
vt 0.000000 1.139401
vt 0.950000 1.013615
vt 0.000000 1.139401
vt 0.000000 1.013615
vt 0.000000 1.139401
vt 0.000000 1.368978
vt 0.050000 1.368978
vt 0.000000 1.139401
vt 0.050000 1.368978
vt 0.050000 1.139401
vt 0.050000 1.139401
vt 0.050000 1.368978
vt 0.100000 1.368978
vt 0.050000 1.139401
vt 0.100000 1.368978
vt 0.100000 1.139401
vt 0.100000 1.139401
vt 0.100000 1.368978
vt 0.150000 1.368978
vt 0.100000 1.139401
vt 0.150000 1.368978
vt 0.150000 1.139401
vt 0.150000 1.139401
vt 0.150000 1.368978
vt 0.200000 1.368978
vt 0.150000 1.139401
vt 0.200000 1.368978
vt 0.200000 1.139401
vt 0.200000 1.139401
vt 0.200000 1.368978
vt 0.250000 1.368978
vt 0.200000 1.139401
vt 0.250000 1.368978
vt 0.250000 1.139401
vt 0.250000 1.139401
vt 0.250000 1.368978
vt 0.300000 1.368978
vt 0.250000 1.139401
vt 0.300000 1.368978
vt 0.300000 1.139401
vt 0.300000 1.139401
vt 0.300000 1.368978
vt 0.350000 1.368978
vt 0.300000 1.139401
vt 0.350000 1.368978
vt 0.350000 1.139401
vt 0.350000 1.139401
vt 0.350000 1.368978
vt 0.400000 1.368978
vt 0.350000 1.139401
vt 0.400000 1.368978
vt 0.400000 1.139401
vt 0.400000 1.139401
vt 0.400000 1.368978
vt 0.450000 1.368978
vt 0.400000 1.139401
vt 0.450000 1.368978
vt 0.450000 1.139401
vt 0.450000 1.139401
vt 0.450000 1.368978
vt 0.500000 1.368978
vt 0.450000 1.139401
vt 0.500000 1.368978
vt 0.500000 1.139401
vt 0.500000 1.139401
vt 0.500000 1.368978
vt 0.550000 1.368978
vt 0.500000 1.139401
vt 0.550000 1.368978
vt 0.550000 1.139401
vt 0.550000 1.139401
vt 0.550000 1.368978
vt 0.600000 1.368978
vt 0.550000 1.139401
vt 0.600000 1.368978
vt 0.600000 1.139401
vt 0.600000 1.139401
vt 0.600000 1.368978
vt 0.650000 1.368978
vt 0.600000 1.139401
vt 0.650000 1.368978
vt 0.650000 1.139401
vt 0.650000 1.139401
vt 0.650000 1.368978
vt 0.700000 1.368978
vt 0.650000 1.139401
vt 0.700000 1.368978
vt 0.700000 1.139401
vt 0.700000 1.139401
vt 0.700000 1.368978
vt 0.750000 1.368978
vt 0.700000 1.139401
vt 0.750000 1.368978
vt 0.750000 1.139401
vt 0.750000 1.139401
vt 0.750000 1.368978
vt 0.800000 1.368978
vt 0.750000 1.139401
vt 0.800000 1.368978
vt 0.800000 1.139401
vt 0.800000 1.139401
vt 0.800000 1.368978
vt 0.850000 1.368978
vt 0.800000 1.139401
vt 0.850000 1.368978
vt 0.850000 1.139401
vt 0.850000 1.139401
vt 0.850000 1.368978
vt 0.900000 1.368978
vt 0.850000 1.139401
vt 0.900000 1.368978
vt 0.900000 1.139401
vt 0.900000 1.139401
vt 0.900000 1.368978
vt 0.950000 1.368978
vt 0.900000 1.139401
vt 0.950000 1.368978
vt 0.950000 1.139401
vt 0.950000 1.139401
vt 0.950000 1.368978
vt 0.000000 1.368978
vt 0.950000 1.139401
vt 0.000000 1.368978
vt 0.000000 1.139401
vt 0.000000 1.368978
vt 0.000000 1.536901
vt 0.050000 1.536901
vt 0.000000 1.368978
vt 0.050000 1.536901
vt 0.050000 1.368978
vt 0.050000 1.368978
vt 0.050000 1.536901
vt 0.100000 1.536901
vt 0.050000 1.368978
vt 0.100000 1.536901
vt 0.100000 1.368978
vt 0.100000 1.368978
vt 0.100000 1.536901
vt 0.150000 1.536901
vt 0.100000 1.368978
vt 0.150000 1.536901
vt 0.150000 1.368978
vt 0.150000 1.368978
vt 0.150000 1.536901
vt 0.200000 1.536901
vt 0.150000 1.368978
vt 0.200000 1.536901
vt 0.200000 1.368978
vt 0.200000 1.368978
vt 0.200000 1.536901
vt 0.250000 1.536901
vt 0.200000 1.368978
vt 0.250000 1.536901
vt 0.250000 1.368978
vt 0.250000 1.368978
vt 0.250000 1.536901
vt 0.300000 1.536901
vt 0.250000 1.368978
vt 0.300000 1.536901
vt 0.300000 1.368978
vt 0.300000 1.368978
vt 0.300000 1.536901
vt 0.350000 1.536901
vt 0.300000 1.368978
vt 0.350000 1.536901
vt 0.350000 1.368978
vt 0.350000 1.368978
vt 0.350000 1.536901
vt 0.400000 1.536901
vt 0.350000 1.368978
vt 0.400000 1.536901
vt 0.400000 1.368978
vt 0.400000 1.368978
vt 0.400000 1.536901
vt 0.450000 1.536901
vt 0.400000 1.368978
vt 0.450000 1.536901
vt 0.450000 1.368978
vt 0.450000 1.368978
vt 0.450000 1.536901
vt 0.500000 1.536901
vt 0.450000 1.368978
vt 0.500000 1.536901
vt 0.500000 1.368978
vt 0.500000 1.368978
vt 0.500000 1.536901
vt 0.550000 1.536901
vt 0.500000 1.368978
vt 0.550000 1.536901
vt 0.550000 1.368978
vt 0.550000 1.368978
vt 0.550000 1.536901
vt 0.600000 1.536901
vt 0.550000 1.368978
vt 0.600000 1.536901
vt 0.600000 1.368978
vt 0.600000 1.368978
vt 0.600000 1.536901
vt 0.650000 1.536901
vt 0.600000 1.368978
vt 0.650000 1.536901
vt 0.650000 1.368978
vt 0.650000 1.368978
vt 0.650000 1.536901
vt 0.700000 1.536901
vt 0.650000 1.368978
vt 0.700000 1.536901
vt 0.700000 1.368978
vt 0.700000 1.368978
vt 0.700000 1.536901
vt 0.750000 1.536901
vt 0.700000 1.368978
vt 0.750000 1.536901
vt 0.750000 1.368978
vt 0.750000 1.368978
vt 0.750000 1.536901
vt 0.800000 1.536901
vt 0.750000 1.368978
vt 0.800000 1.536901
vt 0.800000 1.368978
vt 0.800000 1.368978
vt 0.800000 1.536901
vt 0.850000 1.536901
vt 0.800000 1.368978
vt 0.850000 1.536901
vt 0.850000 1.368978
vt 0.850000 1.368978
vt 0.850000 1.536901
vt 0.900000 1.536901
vt 0.850000 1.368978
vt 0.900000 1.536901
vt 0.900000 1.368978
vt 0.900000 1.368978
vt 0.900000 1.536901
vt 0.950000 1.536901
vt 0.900000 1.368978
vt 0.950000 1.536901
vt 0.950000 1.368978
vt 0.950000 1.368978
vt 0.950000 1.536901
vt 0.000000 1.536901
vt 0.950000 1.368978
vt 0.000000 1.536901
vt 0.000000 1.368978
vt 0.000000 1.536901
vt 0.000000 1.726522
vt 0.050000 1.726522
vt 0.000000 1.536901
vt 0.050000 1.726522
vt 0.050000 1.536901
vt 0.050000 1.536901
vt 0.050000 1.726522
vt 0.100000 1.726522
vt 0.050000 1.536901
vt 0.100000 1.726522
vt 0.100000 1.536901
vt 0.100000 1.536901
vt 0.100000 1.726522
vt 0.150000 1.726522
vt 0.100000 1.536901
vt 0.150000 1.726522
vt 0.150000 1.536901
vt 0.150000 1.536901
vt 0.150000 1.726522
vt 0.200000 1.726522
vt 0.150000 1.536901
vt 0.200000 1.726522
vt 0.200000 1.536901
vt 0.200000 1.536901
vt 0.200000 1.726522
vt 0.250000 1.726522
vt 0.200000 1.536901
vt 0.250000 1.726522
vt 0.250000 1.536901
vt 0.250000 1.536901
vt 0.250000 1.726522
vt 0.300000 1.726522
vt 0.250000 1.536901
vt 0.300000 1.726522
vt 0.300000 1.536901
vt 0.300000 1.536901
vt 0.300000 1.726522
vt 0.350000 1.726522
vt 0.300000 1.536901
vt 0.350000 1.726522
vt 0.350000 1.536901
vt 0.350000 1.536901
vt 0.350000 1.726522
vt 0.400000 1.726522
vt 0.350000 1.536901
vt 0.400000 1.726522
vt 0.400000 1.536901
vt 0.400000 1.536901
vt 0.400000 1.726522
vt 0.450000 1.726522
vt 0.400000 1.536901
vt 0.450000 1.726522
vt 0.450000 1.536901
vt 0.450000 1.536901
vt 0.450000 1.726522
vt 0.500000 1.726522
vt 0.450000 1.536901
vt 0.500000 1.726522
vt 0.500000 1.536901
vt 0.500000 1.536901
vt 0.500000 1.726522
vt 0.550000 1.726522
vt 0.500000 1.536901
vt 0.550000 1.726522
vt 0.550000 1.536901
vt 0.550000 1.536901
vt 0.550000 1.726522
vt 0.600000 1.726522
vt 0.550000 1.536901
vt 0.600000 1.726522
vt 0.600000 1.536901
vt 0.600000 1.536901
vt 0.600000 1.726522
vt 0.650000 1.726522
vt 0.600000 1.536901
vt 0.650000 1.726522
vt 0.650000 1.536901
vt 0.650000 1.536901
vt 0.650000 1.726522
vt 0.700000 1.726522
vt 0.650000 1.536901
vt 0.700000 1.726522
vt 0.700000 1.536901
vt 0.700000 1.536901
vt 0.700000 1.726522
vt 0.750000 1.726522
vt 0.700000 1.536901
vt 0.750000 1.726522
vt 0.750000 1.536901
vt 0.750000 1.536901
vt 0.750000 1.726522
vt 0.800000 1.726522
vt 0.750000 1.536901
vt 0.800000 1.726522
vt 0.800000 1.536901
vt 0.800000 1.536901
vt 0.800000 1.726522
vt 0.850000 1.726522
vt 0.800000 1.536901
vt 0.850000 1.726522
vt 0.850000 1.536901
vt 0.850000 1.536901
vt 0.850000 1.726522
vt 0.900000 1.726522
vt 0.850000 1.536901
vt 0.900000 1.726522
vt 0.900000 1.536901
vt 0.900000 1.536901
vt 0.900000 1.726522
vt 0.950000 1.726522
vt 0.900000 1.536901
vt 0.950000 1.726522
vt 0.950000 1.536901
vt 0.950000 1.536901
vt 0.950000 1.726522
vt 0.000000 1.726522
vt 0.950000 1.536901
vt 0.000000 1.726522
vt 0.000000 1.536901
vt 0.000000 1.726522
vt 0.000000 1.833642
vt 0.050000 1.833642
vt 0.000000 1.726522
vt 0.050000 1.833642
vt 0.050000 1.726522
vt 0.050000 1.726522
vt 0.050000 1.833642
vt 0.100000 1.833642
vt 0.050000 1.726522
vt 0.100000 1.833642
vt 0.100000 1.726522
vt 0.100000 1.726522
vt 0.100000 1.833642
vt 0.150000 1.833642
vt 0.100000 1.726522
vt 0.150000 1.833642
vt 0.150000 1.726522
vt 0.150000 1.726522
vt 0.150000 1.833642
vt 0.200000 1.833642
vt 0.150000 1.726522
vt 0.200000 1.833642
vt 0.200000 1.726522
vt 0.200000 1.726522
vt 0.200000 1.833642
vt 0.250000 1.833642
vt 0.200000 1.726522
vt 0.250000 1.833642
vt 0.250000 1.726522
vt 0.250000 1.726522
vt 0.250000 1.833642
vt 0.300000 1.833642
vt 0.250000 1.726522
vt 0.300000 1.833642
vt 0.300000 1.726522
vt 0.300000 1.726522
vt 0.300000 1.833642
vt 0.350000 1.833642
vt 0.300000 1.726522
vt 0.350000 1.833642
vt 0.350000 1.726522
vt 0.350000 1.726522
vt 0.350000 1.833642
vt 0.400000 1.833642
vt 0.350000 1.726522
vt 0.400000 1.833642
vt 0.400000 1.726522
vt 0.400000 1.726522
vt 0.400000 1.833642
vt 0.450000 1.833642
vt 0.400000 1.726522
vt 0.450000 1.833642
vt 0.450000 1.726522
vt 0.450000 1.726522
vt 0.450000 1.833642
vt 0.500000 1.833642
vt 0.450000 1.726522
vt 0.500000 1.833642
vt 0.500000 1.726522
vt 0.500000 1.726522
vt 0.500000 1.833642
vt 0.550000 1.833642
vt 0.500000 1.726522
vt 0.550000 1.833642
vt 0.550000 1.726522
vt 0.550000 1.726522
vt 0.550000 1.833642
vt 0.600000 1.833642
vt 0.550000 1.726522
vt 0.600000 1.833642
vt 0.600000 1.726522
vt 0.600000 1.726522
vt 0.600000 1.833642
vt 0.650000 1.833642
vt 0.600000 1.726522
vt 0.650000 1.833642
vt 0.650000 1.726522
vt 0.650000 1.726522
vt 0.650000 1.833642
vt 0.700000 1.833642
vt 0.650000 1.726522
vt 0.700000 1.833642
vt 0.700000 1.726522
vt 0.700000 1.726522
vt 0.700000 1.833642
vt 0.750000 1.833642
vt 0.700000 1.726522
vt 0.750000 1.833642
vt 0.750000 1.726522
vt 0.750000 1.726522
vt 0.750000 1.833642
vt 0.800000 1.833642
vt 0.750000 1.726522
vt 0.800000 1.833642
vt 0.800000 1.726522
vt 0.800000 1.726522
vt 0.800000 1.833642
vt 0.850000 1.833642
vt 0.800000 1.726522
vt 0.850000 1.833642
vt 0.850000 1.726522
vt 0.850000 1.726522
vt 0.850000 1.833642
vt 0.900000 1.833642
vt 0.850000 1.726522
vt 0.900000 1.833642
vt 0.900000 1.726522
vt 0.900000 1.726522
vt 0.900000 1.833642
vt 0.950000 1.833642
vt 0.900000 1.726522
vt 0.950000 1.833642
vt 0.950000 1.726522
vt 0.950000 1.726522
vt 0.950000 1.833642
vt 0.000000 1.833642
vt 0.950000 1.726522
vt 0.000000 1.833642
vt 0.000000 1.726522
vt 0.000000 1.833642
vt 0.000000 2.052769
vt 0.050000 2.052769
vt 0.000000 1.833642
vt 0.050000 2.052769
vt 0.050000 1.833642
vt 0.050000 1.833642
vt 0.050000 2.052769
vt 0.100000 2.052769
vt 0.050000 1.833642
vt 0.100000 2.052769
vt 0.100000 1.833642
vt 0.100000 1.833642
vt 0.100000 2.052769
vt 0.150000 2.052769
vt 0.100000 1.833642
vt 0.150000 2.052769
vt 0.150000 1.833642
vt 0.150000 1.833642
vt 0.150000 2.052769
vt 0.200000 2.052769
vt 0.150000 1.833642
vt 0.200000 2.052769
vt 0.200000 1.833642
vt 0.200000 1.833642
vt 0.200000 2.052769
vt 0.250000 2.052769
vt 0.200000 1.833642
vt 0.250000 2.052769
vt 0.250000 1.833642
vt 0.250000 1.833642
vt 0.250000 2.052769
vt 0.300000 2.052769
vt 0.250000 1.833642
vt 0.300000 2.052769
vt 0.300000 1.833642
vt 0.300000 1.833642
vt 0.300000 2.052769
vt 0.350000 2.052769
vt 0.300000 1.833642
vt 0.350000 2.052769
vt 0.350000 1.833642
vt 0.350000 1.833642
vt 0.350000 2.052769
vt 0.400000 2.052769
vt 0.350000 1.833642
vt 0.400000 2.052769
vt 0.400000 1.833642
vt 0.400000 1.833642
vt 0.400000 2.052769
vt 0.450000 2.052769
vt 0.400000 1.833642
vt 0.450000 2.052769
vt 0.450000 1.833642
vt 0.450000 1.833642
vt 0.450000 2.052769
vt 0.500000 2.052769
vt 0.450000 1.833642
vt 0.500000 2.052769
vt 0.500000 1.833642
vt 0.500000 1.833642
vt 0.500000 2.052769
vt 0.550000 2.052769
vt 0.500000 1.833642
vt 0.550000 2.052769
vt 0.550000 1.833642
vt 0.550000 1.833642
vt 0.550000 2.052769
vt 0.600000 2.052769
vt 0.550000 1.833642
vt 0.600000 2.052769
vt 0.600000 1.833642
vt 0.600000 1.833642
vt 0.600000 2.052769
vt 0.650000 2.052769
vt 0.600000 1.833642
vt 0.650000 2.052769
vt 0.650000 1.833642
vt 0.650000 1.833642
vt 0.650000 2.052769
vt 0.700000 2.052769
vt 0.650000 1.833642
vt 0.700000 2.052769
vt 0.700000 1.833642
vt 0.700000 1.833642
vt 0.700000 2.052769
vt 0.750000 2.052769
vt 0.700000 1.833642
vt 0.750000 2.052769
vt 0.750000 1.833642
vt 0.750000 1.833642
vt 0.750000 2.052769
vt 0.800000 2.052769
vt 0.750000 1.833642
vt 0.800000 2.052769
vt 0.800000 1.833642
vt 0.800000 1.833642
vt 0.800000 2.052769
vt 0.850000 2.052769
vt 0.800000 1.833642
vt 0.850000 2.052769
vt 0.850000 1.833642
vt 0.850000 1.833642
vt 0.850000 2.052769
vt 0.900000 2.052769
vt 0.850000 1.833642
vt 0.900000 2.052769
vt 0.900000 1.833642
vt 0.900000 1.833642
vt 0.900000 2.052769
vt 0.950000 2.052769
vt 0.900000 1.833642
vt 0.950000 2.052769
vt 0.950000 1.833642
vt 0.950000 1.833642
vt 0.950000 2.052769
vt 0.000000 2.052769
vt 0.950000 1.833642
vt 0.000000 2.052769
vt 0.000000 1.833642
vt 0.000000 2.052769
vt 0.000000 2.293074
vt 0.050000 2.293074
vt 0.000000 2.052769
vt 0.050000 2.293074
vt 0.050000 2.052769
vt 0.050000 2.052769
vt 0.050000 2.293074
vt 0.100000 2.293074
vt 0.050000 2.052769
vt 0.100000 2.293074
vt 0.100000 2.052769
vt 0.100000 2.052769
vt 0.100000 2.293074
vt 0.150000 2.293074
vt 0.100000 2.052769
vt 0.150000 2.293074
vt 0.150000 2.052769
vt 0.150000 2.052769
vt 0.150000 2.293074
vt 0.200000 2.293074
vt 0.150000 2.052769
vt 0.200000 2.293074
vt 0.200000 2.052769
vt 0.200000 2.052769
vt 0.200000 2.293074
vt 0.250000 2.293074
vt 0.200000 2.052769
vt 0.250000 2.293074
vt 0.250000 2.052769
vt 0.250000 2.052769
vt 0.250000 2.293074
vt 0.300000 2.293074
vt 0.250000 2.052769
vt 0.300000 2.293074
vt 0.300000 2.052769
vt 0.300000 2.052769
vt 0.300000 2.293074
vt 0.350000 2.293074
vt 0.300000 2.052769
vt 0.350000 2.293074
vt 0.350000 2.052769
vt 0.350000 2.052769
vt 0.350000 2.293074
vt 0.400000 2.293074
vt 0.350000 2.052769
vt 0.400000 2.293074
vt 0.400000 2.052769
vt 0.400000 2.052769
vt 0.400000 2.293074
vt 0.450000 2.293074
vt 0.400000 2.052769
vt 0.450000 2.293074
vt 0.450000 2.052769
vt 0.450000 2.052769
vt 0.450000 2.293074
vt 0.500000 2.293074
vt 0.450000 2.052769
vt 0.500000 2.293074
vt 0.500000 2.052769
vt 0.500000 2.052769
vt 0.500000 2.293074
vt 0.550000 2.293074
vt 0.500000 2.052769
vt 0.550000 2.293074
vt 0.550000 2.052769
vt 0.550000 2.052769
vt 0.550000 2.293074
vt 0.600000 2.293074
vt 0.550000 2.052769
vt 0.600000 2.293074
vt 0.600000 2.052769
vt 0.600000 2.052769
vt 0.600000 2.293074
vt 0.650000 2.293074
vt 0.600000 2.052769
vt 0.650000 2.293074
vt 0.650000 2.052769
vt 0.650000 2.052769
vt 0.650000 2.293074
vt 0.700000 2.293074
vt 0.650000 2.052769
vt 0.700000 2.293074
vt 0.700000 2.052769
vt 0.700000 2.052769
vt 0.700000 2.293074
vt 0.750000 2.293074
vt 0.700000 2.052769
vt 0.750000 2.293074
vt 0.750000 2.052769
vt 0.750000 2.052769
vt 0.750000 2.293074
vt 0.800000 2.293074
vt 0.750000 2.052769
vt 0.800000 2.293074
vt 0.800000 2.052769
vt 0.800000 2.052769
vt 0.800000 2.293074
vt 0.850000 2.293074
vt 0.800000 2.052769
vt 0.850000 2.293074
vt 0.850000 2.052769
vt 0.850000 2.052769
vt 0.850000 2.293074
vt 0.900000 2.293074
vt 0.850000 2.052769
vt 0.900000 2.293074
vt 0.900000 2.052769
vt 0.900000 2.052769
vt 0.900000 2.293074
vt 0.950000 2.293074
vt 0.900000 2.052769
vt 0.950000 2.293074
vt 0.950000 2.052769
vt 0.950000 2.052769
vt 0.950000 2.293074
vt 0.000000 2.293074
vt 0.950000 2.052769
vt 0.000000 2.293074
vt 0.000000 2.052769
vt 0.000000 2.293074
vt 0.000000 2.526660
vt 0.050000 2.526660
vt 0.000000 2.293074
vt 0.050000 2.526660
vt 0.050000 2.293074
vt 0.050000 2.293074
vt 0.050000 2.526660
vt 0.100000 2.526660
vt 0.050000 2.293074
vt 0.100000 2.526660
vt 0.100000 2.293074
vt 0.100000 2.293074
vt 0.100000 2.526660
vt 0.150000 2.526660
vt 0.100000 2.293074
vt 0.150000 2.526660
vt 0.150000 2.293074
vt 0.150000 2.293074
vt 0.150000 2.526660
vt 0.200000 2.526660
vt 0.150000 2.293074
vt 0.200000 2.526660
vt 0.200000 2.293074
vt 0.200000 2.293074
vt 0.200000 2.526660
vt 0.250000 2.526660
vt 0.200000 2.293074
vt 0.250000 2.526660
vt 0.250000 2.293074
vt 0.250000 2.293074
vt 0.250000 2.526660
vt 0.300000 2.526660
vt 0.250000 2.293074
vt 0.300000 2.526660
vt 0.300000 2.293074
vt 0.300000 2.293074
vt 0.300000 2.526660
vt 0.350000 2.526660
vt 0.300000 2.293074
vt 0.350000 2.526660
vt 0.350000 2.293074
vt 0.350000 2.293074
vt 0.350000 2.526660
vt 0.400000 2.526660
vt 0.350000 2.293074
vt 0.400000 2.526660
vt 0.400000 2.293074
vt 0.400000 2.293074
vt 0.400000 2.526660
vt 0.450000 2.526660
vt 0.400000 2.293074
vt 0.450000 2.526660
vt 0.450000 2.293074
vt 0.450000 2.293074
vt 0.450000 2.526660
vt 0.500000 2.526660
vt 0.450000 2.293074
vt 0.500000 2.526660
vt 0.500000 2.293074
vt 0.500000 2.293074
vt 0.500000 2.526660
vt 0.550000 2.526660
vt 0.500000 2.293074
vt 0.550000 2.526660
vt 0.550000 2.293074
vt 0.550000 2.293074
vt 0.550000 2.526660
vt 0.600000 2.526660
vt 0.550000 2.293074
vt 0.600000 2.526660
vt 0.600000 2.293074
vt 0.600000 2.293074
vt 0.600000 2.526660
vt 0.650000 2.526660
vt 0.600000 2.293074
vt 0.650000 2.526660
vt 0.650000 2.293074
vt 0.650000 2.293074
vt 0.650000 2.526660
vt 0.700000 2.526660
vt 0.650000 2.293074
vt 0.700000 2.526660
vt 0.700000 2.293074
vt 0.700000 2.293074
vt 0.700000 2.526660
vt 0.750000 2.526660
vt 0.700000 2.293074
vt 0.750000 2.526660
vt 0.750000 2.293074
vt 0.750000 2.293074
vt 0.750000 2.526660
vt 0.800000 2.526660
vt 0.750000 2.293074
vt 0.800000 2.526660
vt 0.800000 2.293074
vt 0.800000 2.293074
vt 0.800000 2.526660
vt 0.850000 2.526660
vt 0.800000 2.293074
vt 0.850000 2.526660
vt 0.850000 2.293074
vt 0.850000 2.293074
vt 0.850000 2.526660
vt 0.900000 2.526660
vt 0.850000 2.293074
vt 0.900000 2.526660
vt 0.900000 2.293074
vt 0.900000 2.293074
vt 0.900000 2.526660
vt 0.950000 2.526660
vt 0.900000 2.293074
vt 0.950000 2.526660
vt 0.950000 2.293074
vt 0.950000 2.293074
vt 0.950000 2.526660
vt 0.000000 2.526660
vt 0.950000 2.293074
vt 0.000000 2.526660
vt 0.000000 2.293074
vt 0.000000 2.526660
vt 0.000000 2.779192
vt 0.050000 2.779192
vt 0.000000 2.526660
vt 0.050000 2.779192
vt 0.050000 2.526660
vt 0.050000 2.526660
vt 0.050000 2.779192
vt 0.100000 2.779192
vt 0.050000 2.526660
vt 0.100000 2.779192
vt 0.100000 2.526660
vt 0.100000 2.526660
vt 0.100000 2.779192
vt 0.150000 2.779192
vt 0.100000 2.526660
vt 0.150000 2.779192
vt 0.150000 2.526660
vt 0.150000 2.526660
vt 0.150000 2.779192
vt 0.200000 2.779192
vt 0.150000 2.526660
vt 0.200000 2.779192
vt 0.200000 2.526660
vt 0.200000 2.526660
vt 0.200000 2.779192
vt 0.250000 2.779192
vt 0.200000 2.526660
vt 0.250000 2.779192
vt 0.250000 2.526660
vt 0.250000 2.526660
vt 0.250000 2.779192
vt 0.300000 2.779192
vt 0.250000 2.526660
vt 0.300000 2.779192
vt 0.300000 2.526660
vt 0.300000 2.526660
vt 0.300000 2.779192
vt 0.350000 2.779192
vt 0.300000 2.526660
vt 0.350000 2.779192
vt 0.350000 2.526660
vt 0.350000 2.526660
vt 0.350000 2.779192
vt 0.400000 2.779192
vt 0.350000 2.526660
vt 0.400000 2.779192
vt 0.400000 2.526660
vt 0.400000 2.526660
vt 0.400000 2.779192
vt 0.450000 2.779192
vt 0.400000 2.526660
vt 0.450000 2.779192
vt 0.450000 2.526660
vt 0.450000 2.526660
vt 0.450000 2.779192
vt 0.500000 2.779192
vt 0.450000 2.526660
vt 0.500000 2.779192
vt 0.500000 2.526660
vt 0.500000 2.526660
vt 0.500000 2.779192
vt 0.550000 2.779192
vt 0.500000 2.526660
vt 0.550000 2.779192
vt 0.550000 2.526660
vt 0.550000 2.526660
vt 0.550000 2.779192
vt 0.600000 2.779192
vt 0.550000 2.526660
vt 0.600000 2.779192
vt 0.600000 2.526660
vt 0.600000 2.526660
vt 0.600000 2.779192
vt 0.650000 2.779192
vt 0.600000 2.526660
vt 0.650000 2.779192
vt 0.650000 2.526660
vt 0.650000 2.526660
vt 0.650000 2.779192
vt 0.700000 2.779192
vt 0.650000 2.526660
vt 0.700000 2.779192
vt 0.700000 2.526660
vt 0.700000 2.526660
vt 0.700000 2.779192
vt 0.750000 2.779192
vt 0.700000 2.526660
vt 0.750000 2.779192
vt 0.750000 2.526660
vt 0.750000 2.526660
vt 0.750000 2.779192
vt 0.800000 2.779192
vt 0.750000 2.526660
vt 0.800000 2.779192
vt 0.800000 2.526660
vt 0.800000 2.526660
vt 0.800000 2.779192
vt 0.850000 2.779192
vt 0.800000 2.526660
vt 0.850000 2.779192
vt 0.850000 2.526660
vt 0.850000 2.526660
vt 0.850000 2.779192
vt 0.900000 2.779192
vt 0.850000 2.526660
vt 0.900000 2.779192
vt 0.900000 2.526660
vt 0.900000 2.526660
vt 0.900000 2.779192
vt 0.950000 2.779192
vt 0.900000 2.526660
vt 0.950000 2.779192
vt 0.950000 2.526660
vt 0.950000 2.526660
vt 0.950000 2.779192
vt 0.000000 2.779192
vt 0.950000 2.526660
vt 0.000000 2.779192
vt 0.000000 2.526660
vt 0.000000 2.779192
vt 0.000000 3.032547
vt 0.050000 3.032547
vt 0.000000 2.779192
vt 0.050000 3.032547
vt 0.050000 2.779192
vt 0.050000 2.779192
vt 0.050000 3.032547
vt 0.100000 3.032547
vt 0.050000 2.779192
vt 0.100000 3.032547
vt 0.100000 2.779192
vt 0.100000 2.779192
vt 0.100000 3.032547
vt 0.150000 3.032547
vt 0.100000 2.779192
vt 0.150000 3.032547
vt 0.150000 2.779192
vt 0.150000 2.779192
vt 0.150000 3.032547
vt 0.200000 3.032547
vt 0.150000 2.779192
vt 0.200000 3.032547
vt 0.200000 2.779192
vt 0.200000 2.779192
vt 0.200000 3.032547
vt 0.250000 3.032547
vt 0.200000 2.779192
vt 0.250000 3.032547
vt 0.250000 2.779192
vt 0.250000 2.779192
vt 0.250000 3.032547
vt 0.300000 3.032547
vt 0.250000 2.779192
vt 0.300000 3.032547
vt 0.300000 2.779192
vt 0.300000 2.779192
vt 0.300000 3.032547
vt 0.350000 3.032547
vt 0.300000 2.779192
vt 0.350000 3.032547
vt 0.350000 2.779192
vt 0.350000 2.779192
vt 0.350000 3.032547
vt 0.400000 3.032547
vt 0.350000 2.779192
vt 0.400000 3.032547
vt 0.400000 2.779192
vt 0.400000 2.779192
vt 0.400000 3.032547
vt 0.450000 3.032547
vt 0.400000 2.779192
vt 0.450000 3.032547
vt 0.450000 2.779192
vt 0.450000 2.779192
vt 0.450000 3.032547
vt 0.500000 3.032547
vt 0.450000 2.779192
vt 0.500000 3.032547
vt 0.500000 2.779192
vt 0.500000 2.779192
vt 0.500000 3.032547
vt 0.550000 3.032547
vt 0.500000 2.779192
vt 0.550000 3.032547
vt 0.550000 2.779192
vt 0.550000 2.779192
vt 0.550000 3.032547
vt 0.600000 3.032547
vt 0.550000 2.779192
vt 0.600000 3.032547
vt 0.600000 2.779192
vt 0.600000 2.779192
vt 0.600000 3.032547
vt 0.650000 3.032547
vt 0.600000 2.779192
vt 0.650000 3.032547
vt 0.650000 2.779192
vt 0.650000 2.779192
vt 0.650000 3.032547
vt 0.700000 3.032547
vt 0.650000 2.779192
vt 0.700000 3.032547
vt 0.700000 2.779192
vt 0.700000 2.779192
vt 0.700000 3.032547
vt 0.750000 3.032547
vt 0.700000 2.779192
vt 0.750000 3.032547
vt 0.750000 2.779192
vt 0.750000 2.779192
vt 0.750000 3.032547
vt 0.800000 3.032547
vt 0.750000 2.779192
vt 0.800000 3.032547
vt 0.800000 2.779192
vt 0.800000 2.779192
vt 0.800000 3.032547
vt 0.850000 3.032547
vt 0.800000 2.779192
vt 0.850000 3.032547
vt 0.850000 2.779192
vt 0.850000 2.779192
vt 0.850000 3.032547
vt 0.900000 3.032547
vt 0.850000 2.779192
vt 0.900000 3.032547
vt 0.900000 2.779192
vt 0.900000 2.779192
vt 0.900000 3.032547
vt 0.950000 3.032547
vt 0.900000 2.779192
vt 0.950000 3.032547
vt 0.950000 2.779192
vt 0.950000 2.779192
vt 0.950000 3.032547
vt 0.000000 3.032547
vt 0.950000 2.779192
vt 0.000000 3.032547
vt 0.000000 2.779192
vt 0.000000 3.032547
vt 0.000000 3.116143
vt 0.050000 3.116143
vt 0.000000 3.032547
vt 0.050000 3.116143
vt 0.050000 3.032547
vt 0.050000 3.032547
vt 0.050000 3.116143
vt 0.100000 3.116143
vt 0.050000 3.032547
vt 0.100000 3.116143
vt 0.100000 3.032547
vt 0.100000 3.032547
vt 0.100000 3.116143
vt 0.150000 3.116143
vt 0.100000 3.032547
vt 0.150000 3.116143
vt 0.150000 3.032547
vt 0.150000 3.032547
vt 0.150000 3.116143
vt 0.200000 3.116143
vt 0.150000 3.032547
vt 0.200000 3.116143
vt 0.200000 3.032547
vt 0.200000 3.032547
vt 0.200000 3.116143
vt 0.250000 3.116143
vt 0.200000 3.032547
vt 0.250000 3.116143
vt 0.250000 3.032547
vt 0.250000 3.032547
vt 0.250000 3.116143
vt 0.300000 3.116143
vt 0.250000 3.032547
vt 0.300000 3.116143
vt 0.300000 3.032547
vt 0.300000 3.032547
vt 0.300000 3.116143
vt 0.350000 3.116143
vt 0.300000 3.032547
vt 0.350000 3.116143
vt 0.350000 3.032547
vt 0.350000 3.032547
vt 0.350000 3.116143
vt 0.400000 3.116143
vt 0.350000 3.032547
vt 0.400000 3.116143
vt 0.400000 3.032547
vt 0.400000 3.032547
vt 0.400000 3.116143
vt 0.450000 3.116143
vt 0.400000 3.032547
vt 0.450000 3.116143
vt 0.450000 3.032547
vt 0.450000 3.032547
vt 0.450000 3.116143
vt 0.500000 3.116143
vt 0.450000 3.032547
vt 0.500000 3.116143
vt 0.500000 3.032547
vt 0.500000 3.032547
vt 0.500000 3.116143
vt 0.550000 3.116143
vt 0.500000 3.032547
vt 0.550000 3.116143
vt 0.550000 3.032547
vt 0.550000 3.032547
vt 0.550000 3.116143
vt 0.600000 3.116143
vt 0.550000 3.032547
vt 0.600000 3.116143
vt 0.600000 3.032547
vt 0.600000 3.032547
vt 0.600000 3.116143
vt 0.650000 3.116143
vt 0.600000 3.032547
vt 0.650000 3.116143
vt 0.650000 3.032547
vt 0.650000 3.032547
vt 0.650000 3.116143
vt 0.700000 3.116143
vt 0.650000 3.032547
vt 0.700000 3.116143
vt 0.700000 3.032547
vt 0.700000 3.032547
vt 0.700000 3.116143
vt 0.750000 3.116143
vt 0.700000 3.032547
vt 0.750000 3.116143
vt 0.750000 3.032547
vt 0.750000 3.032547
vt 0.750000 3.116143
vt 0.800000 3.116143
vt 0.750000 3.032547
vt 0.800000 3.116143
vt 0.800000 3.032547
vt 0.800000 3.032547
vt 0.800000 3.116143
vt 0.850000 3.116143
vt 0.800000 3.032547
vt 0.850000 3.116143
vt 0.850000 3.032547
vt 0.850000 3.032547
vt 0.850000 3.116143
vt 0.900000 3.116143
vt 0.850000 3.032547
vt 0.900000 3.116143
vt 0.900000 3.032547
vt 0.900000 3.032547
vt 0.900000 3.116143
vt 0.950000 3.116143
vt 0.900000 3.032547
vt 0.950000 3.116143
vt 0.950000 3.032547
vt 0.950000 3.032547
vt 0.950000 3.116143
vt 0.000000 3.116143
vt 0.950000 3.032547
vt 0.000000 3.116143
vt 0.000000 3.032547
vt 0.000000 3.116143
vt 0.000000 3.282821
vt 0.050000 3.282821
vt 0.000000 3.116143
vt 0.050000 3.282821
vt 0.050000 3.116143
vt 0.050000 3.116143
vt 0.050000 3.282821
vt 0.100000 3.282821
vt 0.050000 3.116143
vt 0.100000 3.282821
vt 0.100000 3.116143
vt 0.100000 3.116143
vt 0.100000 3.282821
vt 0.150000 3.282821
vt 0.100000 3.116143
vt 0.150000 3.282821
vt 0.150000 3.116143
vt 0.150000 3.116143
vt 0.150000 3.282821
vt 0.200000 3.282821
vt 0.150000 3.116143
vt 0.200000 3.282821
vt 0.200000 3.116143
vt 0.200000 3.116143
vt 0.200000 3.282821
vt 0.250000 3.282821
vt 0.200000 3.116143
vt 0.250000 3.282821
vt 0.250000 3.116143
vt 0.250000 3.116143
vt 0.250000 3.282821
vt 0.300000 3.282821
vt 0.250000 3.116143
vt 0.300000 3.282821
vt 0.300000 3.116143
vt 0.300000 3.116143
vt 0.300000 3.282821
vt 0.350000 3.282821
vt 0.300000 3.116143
vt 0.350000 3.282821
vt 0.350000 3.116143
vt 0.350000 3.116143
vt 0.350000 3.282821
vt 0.400000 3.282821
vt 0.350000 3.116143
vt 0.400000 3.282821
vt 0.400000 3.116143
vt 0.400000 3.116143
vt 0.400000 3.282821
vt 0.450000 3.282821
vt 0.400000 3.116143
vt 0.450000 3.282821
vt 0.450000 3.116143
vt 0.450000 3.116143
vt 0.450000 3.282821
vt 0.500000 3.282821
vt 0.450000 3.116143
vt 0.500000 3.282821
vt 0.500000 3.116143
vt 0.500000 3.116143
vt 0.500000 3.282821
vt 0.550000 3.282821
vt 0.500000 3.116143
vt 0.550000 3.282821
vt 0.550000 3.116143
vt 0.550000 3.116143
vt 0.550000 3.282821
vt 0.600000 3.282821
vt 0.550000 3.116143
vt 0.600000 3.282821
vt 0.600000 3.116143
vt 0.600000 3.116143
vt 0.600000 3.282821
vt 0.650000 3.282821
vt 0.600000 3.116143
vt 0.650000 3.282821
vt 0.650000 3.116143
vt 0.650000 3.116143
vt 0.650000 3.282821
vt 0.700000 3.282821
vt 0.650000 3.116143
vt 0.700000 3.282821
vt 0.700000 3.116143
vt 0.700000 3.116143
vt 0.700000 3.282821
vt 0.750000 3.282821
vt 0.700000 3.116143
vt 0.750000 3.282821
vt 0.750000 3.116143
vt 0.750000 3.116143
vt 0.750000 3.282821
vt 0.800000 3.282821
vt 0.750000 3.116143
vt 0.800000 3.282821
vt 0.800000 3.116143
vt 0.800000 3.116143
vt 0.800000 3.282821
vt 0.850000 3.282821
vt 0.800000 3.116143
vt 0.850000 3.282821
vt 0.850000 3.116143
vt 0.850000 3.116143
vt 0.850000 3.282821
vt 0.900000 3.282821
vt 0.850000 3.116143
vt 0.900000 3.282821
vt 0.900000 3.116143
vt 0.900000 3.116143
vt 0.900000 3.282821
vt 0.950000 3.282821
vt 0.900000 3.116143
vt 0.950000 3.282821
vt 0.950000 3.116143
vt 0.950000 3.116143
vt 0.950000 3.282821
vt 0.000000 3.282821
vt 0.950000 3.116143
vt 0.000000 3.282821
vt 0.000000 3.116143
vt 0.000000 3.282821
vt 0.000000 3.449599
vt 0.050000 3.449599
vt 0.000000 3.282821
vt 0.050000 3.449599
vt 0.050000 3.282821
vt 0.050000 3.282821
vt 0.050000 3.449599
vt 0.100000 3.449599
vt 0.050000 3.282821
vt 0.100000 3.449599
vt 0.100000 3.282821
vt 0.100000 3.282821
vt 0.100000 3.449599
vt 0.150000 3.449599
vt 0.100000 3.282821
vt 0.150000 3.449599
vt 0.150000 3.282821
vt 0.150000 3.282821
vt 0.150000 3.449599
vt 0.200000 3.449599
vt 0.150000 3.282821
vt 0.200000 3.449599
vt 0.200000 3.282821
vt 0.200000 3.282821
vt 0.200000 3.449599
vt 0.250000 3.449599
vt 0.200000 3.282821
vt 0.250000 3.449599
vt 0.250000 3.282821
vt 0.250000 3.282821
vt 0.250000 3.449599
vt 0.300000 3.449599
vt 0.250000 3.282821
vt 0.300000 3.449599
vt 0.300000 3.282821
vt 0.300000 3.282821
vt 0.300000 3.449599
vt 0.350000 3.449599
vt 0.300000 3.282821
vt 0.350000 3.449599
vt 0.350000 3.282821
vt 0.350000 3.282821
vt 0.350000 3.449599
vt 0.400000 3.449599
vt 0.350000 3.282821
vt 0.400000 3.449599
vt 0.400000 3.282821
vt 0.400000 3.282821
vt 0.400000 3.449599
vt 0.450000 3.449599
vt 0.400000 3.282821
vt 0.450000 3.449599
vt 0.450000 3.282821
vt 0.450000 3.282821
vt 0.450000 3.449599
vt 0.500000 3.449599
vt 0.450000 3.282821
vt 0.500000 3.449599
vt 0.500000 3.282821
vt 0.500000 3.282821
vt 0.500000 3.449599
vt 0.550000 3.449599
vt 0.500000 3.282821
vt 0.550000 3.449599
vt 0.550000 3.282821
vt 0.550000 3.282821
vt 0.550000 3.449599
vt 0.600000 3.449599
vt 0.550000 3.282821
vt 0.600000 3.449599
vt 0.600000 3.282821
vt 0.600000 3.282821
vt 0.600000 3.449599
vt 0.650000 3.449599
vt 0.600000 3.282821
vt 0.650000 3.449599
vt 0.650000 3.282821
vt 0.650000 3.282821
vt 0.650000 3.449599
vt 0.700000 3.449599
vt 0.650000 3.282821
vt 0.700000 3.449599
vt 0.700000 3.282821
vt 0.700000 3.282821
vt 0.700000 3.449599
vt 0.750000 3.449599
vt 0.700000 3.282821
vt 0.750000 3.449599
vt 0.750000 3.282821
vt 0.750000 3.282821
vt 0.750000 3.449599
vt 0.800000 3.449599
vt 0.750000 3.282821
vt 0.800000 3.449599
vt 0.800000 3.282821
vt 0.800000 3.282821
vt 0.800000 3.449599
vt 0.850000 3.449599
vt 0.800000 3.282821
vt 0.850000 3.449599
vt 0.850000 3.282821
vt 0.850000 3.282821
vt 0.850000 3.449599
vt 0.900000 3.449599
vt 0.850000 3.282821
vt 0.900000 3.449599
vt 0.900000 3.282821
vt 0.900000 3.282821
vt 0.900000 3.449599
vt 0.950000 3.449599
vt 0.900000 3.282821
vt 0.950000 3.449599
vt 0.950000 3.282821
vt 0.950000 3.282821
vt 0.950000 3.449599
vt 0.000000 3.449599
vt 0.950000 3.282821
vt 0.000000 3.449599
vt 0.000000 3.282821
vt 0.000000 3.449599
vt 0.000000 3.724529
vt 0.050000 3.724529
vt 0.000000 3.449599
vt 0.050000 3.724529
vt 0.050000 3.449599
vt 0.050000 3.449599
vt 0.050000 3.724529
vt 0.100000 3.724529
vt 0.050000 3.449599
vt 0.100000 3.724529
vt 0.100000 3.449599
vt 0.100000 3.449599
vt 0.100000 3.724529
vt 0.150000 3.724529
vt 0.100000 3.449599
vt 0.150000 3.724529
vt 0.150000 3.449599
vt 0.150000 3.449599
vt 0.150000 3.724529
vt 0.200000 3.724529
vt 0.150000 3.449599
vt 0.200000 3.724529
vt 0.200000 3.449599
vt 0.200000 3.449599
vt 0.200000 3.724529
vt 0.250000 3.724529
vt 0.200000 3.449599
vt 0.250000 3.724529
vt 0.250000 3.449599
vt 0.250000 3.449599
vt 0.250000 3.724529
vt 0.300000 3.724529
vt 0.250000 3.449599
vt 0.300000 3.724529
vt 0.300000 3.449599
vt 0.300000 3.449599
vt 0.300000 3.724529
vt 0.350000 3.724529
vt 0.300000 3.449599
vt 0.350000 3.724529
vt 0.350000 3.449599
vt 0.350000 3.449599
vt 0.350000 3.724529
vt 0.400000 3.724529
vt 0.350000 3.449599
vt 0.400000 3.724529
vt 0.400000 3.449599
vt 0.400000 3.449599
vt 0.400000 3.724529
vt 0.450000 3.724529
vt 0.400000 3.449599
vt 0.450000 3.724529
vt 0.450000 3.449599
vt 0.450000 3.449599
vt 0.450000 3.724529
vt 0.500000 3.724529
vt 0.450000 3.449599
vt 0.500000 3.724529
vt 0.500000 3.449599
vt 0.500000 3.449599
vt 0.500000 3.724529
vt 0.550000 3.724529
vt 0.500000 3.449599
vt 0.550000 3.724529
vt 0.550000 3.449599
vt 0.550000 3.449599
vt 0.550000 3.724529
vt 0.600000 3.724529
vt 0.550000 3.449599
vt 0.600000 3.724529
vt 0.600000 3.449599
vt 0.600000 3.449599
vt 0.600000 3.724529
vt 0.650000 3.724529
vt 0.600000 3.449599
vt 0.650000 3.724529
vt 0.650000 3.449599
vt 0.650000 3.449599
vt 0.650000 3.724529
vt 0.700000 3.724529
vt 0.650000 3.449599
vt 0.700000 3.724529
vt 0.700000 3.449599
vt 0.700000 3.449599
vt 0.700000 3.724529
vt 0.750000 3.724529
vt 0.700000 3.449599
vt 0.750000 3.724529
vt 0.750000 3.449599
vt 0.750000 3.449599
vt 0.750000 3.724529
vt 0.800000 3.724529
vt 0.750000 3.449599
vt 0.800000 3.724529
vt 0.800000 3.449599
vt 0.800000 3.449599
vt 0.800000 3.724529
vt 0.850000 3.724529
vt 0.800000 3.449599
vt 0.850000 3.724529
vt 0.850000 3.449599
vt 0.850000 3.449599
vt 0.850000 3.724529
vt 0.900000 3.724529
vt 0.850000 3.449599
vt 0.900000 3.724529
vt 0.900000 3.449599
vt 0.900000 3.449599
vt 0.900000 3.724529
vt 0.950000 3.724529
vt 0.900000 3.449599
vt 0.950000 3.724529
vt 0.950000 3.449599
vt 0.950000 3.449599
vt 0.950000 3.724529
vt 0.000000 3.724529
vt 0.950000 3.449599
vt 0.000000 3.724529
vt 0.000000 3.449599
vt 0.000000 3.724529
vt 0.000000 3.933896
vt 0.050000 3.933896
vt 0.000000 3.724529
vt 0.050000 3.933896
vt 0.050000 3.724529
vt 0.050000 3.724529
vt 0.050000 3.933896
vt 0.100000 3.933896
vt 0.050000 3.724529
vt 0.100000 3.933896
vt 0.100000 3.724529
vt 0.100000 3.724529
vt 0.100000 3.933896
vt 0.150000 3.933896
vt 0.100000 3.724529
vt 0.150000 3.933896
vt 0.150000 3.724529
vt 0.150000 3.724529
vt 0.150000 3.933896
vt 0.200000 3.933896
vt 0.150000 3.724529
vt 0.200000 3.933896
vt 0.200000 3.724529
vt 0.200000 3.724529
vt 0.200000 3.933896
vt 0.250000 3.933896
vt 0.200000 3.724529
vt 0.250000 3.933896
vt 0.250000 3.724529
vt 0.250000 3.724529
vt 0.250000 3.933896
vt 0.300000 3.933896
vt 0.250000 3.724529
vt 0.300000 3.933896
vt 0.300000 3.724529
vt 0.300000 3.724529
vt 0.300000 3.933896
vt 0.350000 3.933896
vt 0.300000 3.724529
vt 0.350000 3.933896
vt 0.350000 3.724529
vt 0.350000 3.724529
vt 0.350000 3.933896
vt 0.400000 3.933896
vt 0.350000 3.724529
vt 0.400000 3.933896
vt 0.400000 3.724529
vt 0.400000 3.724529
vt 0.400000 3.933896
vt 0.450000 3.933896
vt 0.400000 3.724529
vt 0.450000 3.933896
vt 0.450000 3.724529
vt 0.450000 3.724529
vt 0.450000 3.933896
vt 0.500000 3.933896
vt 0.450000 3.724529
vt 0.500000 3.933896
vt 0.500000 3.724529
vt 0.500000 3.724529
vt 0.500000 3.933896
vt 0.550000 3.933896
vt 0.500000 3.724529
vt 0.550000 3.933896
vt 0.550000 3.724529
vt 0.550000 3.724529
vt 0.550000 3.933896
vt 0.600000 3.933896
vt 0.550000 3.724529
vt 0.600000 3.933896
vt 0.600000 3.724529
vt 0.600000 3.724529
vt 0.600000 3.933896
vt 0.650000 3.933896
vt 0.600000 3.724529
vt 0.650000 3.933896
vt 0.650000 3.724529
vt 0.650000 3.724529
vt 0.650000 3.933896
vt 0.700000 3.933896
vt 0.650000 3.724529
vt 0.700000 3.933896
vt 0.700000 3.724529
vt 0.700000 3.724529
vt 0.700000 3.933896
vt 0.750000 3.933896
vt 0.700000 3.724529
vt 0.750000 3.933896
vt 0.750000 3.724529
vt 0.750000 3.724529
vt 0.750000 3.933896
vt 0.800000 3.933896
vt 0.750000 3.724529
vt 0.800000 3.933896
vt 0.800000 3.724529
vt 0.800000 3.724529
vt 0.800000 3.933896
vt 0.850000 3.933896
vt 0.800000 3.724529
vt 0.850000 3.933896
vt 0.850000 3.724529
vt 0.850000 3.724529
vt 0.850000 3.933896
vt 0.900000 3.933896
vt 0.850000 3.724529
vt 0.900000 3.933896
vt 0.900000 3.724529
vt 0.900000 3.724529
vt 0.900000 3.933896
vt 0.950000 3.933896
vt 0.900000 3.724529
vt 0.950000 3.933896
vt 0.950000 3.724529
vt 0.950000 3.724529
vt 0.950000 3.933896
vt 0.000000 3.933896
vt 0.950000 3.724529
vt 0.000000 3.933896
vt 0.000000 3.724529
vt 0.000000 3.933896
vt 0.000000 4.122705
vt 0.050000 4.122705
vt 0.000000 3.933896
vt 0.050000 4.122705
vt 0.050000 3.933896
vt 0.050000 3.933896
vt 0.050000 4.122705
vt 0.100000 4.122705
vt 0.050000 3.933896
vt 0.100000 4.122705
vt 0.100000 3.933896
vt 0.100000 3.933896
vt 0.100000 4.122705
vt 0.150000 4.122705
vt 0.100000 3.933896
vt 0.150000 4.122705
vt 0.150000 3.933896
vt 0.150000 3.933896
vt 0.150000 4.122705
vt 0.200000 4.122705
vt 0.150000 3.933896
vt 0.200000 4.122705
vt 0.200000 3.933896
vt 0.200000 3.933896
vt 0.200000 4.122705
vt 0.250000 4.122705
vt 0.200000 3.933896
vt 0.250000 4.122705
vt 0.250000 3.933896
vt 0.250000 3.933896
vt 0.250000 4.122705
vt 0.300000 4.122705
vt 0.250000 3.933896
vt 0.300000 4.122705
vt 0.300000 3.933896
vt 0.300000 3.933896
vt 0.300000 4.122705
vt 0.350000 4.122705
vt 0.300000 3.933896
vt 0.350000 4.122705
vt 0.350000 3.933896
vt 0.350000 3.933896
vt 0.350000 4.122705
vt 0.400000 4.122705
vt 0.350000 3.933896
vt 0.400000 4.122705
vt 0.400000 3.933896
vt 0.400000 3.933896
vt 0.400000 4.122705
vt 0.450000 4.122705
vt 0.400000 3.933896
vt 0.450000 4.122705
vt 0.450000 3.933896
vt 0.450000 3.933896
vt 0.450000 4.122705
vt 0.500000 4.122705
vt 0.450000 3.933896
vt 0.500000 4.122705
vt 0.500000 3.933896
vt 0.500000 3.933896
vt 0.500000 4.122705
vt 0.550000 4.122705
vt 0.500000 3.933896
vt 0.550000 4.122705
vt 0.550000 3.933896
vt 0.550000 3.933896
vt 0.550000 4.122705
vt 0.600000 4.122705
vt 0.550000 3.933896
vt 0.600000 4.122705
vt 0.600000 3.933896
vt 0.600000 3.933896
vt 0.600000 4.122705
vt 0.650000 4.122705
vt 0.600000 3.933896
vt 0.650000 4.122705
vt 0.650000 3.933896
vt 0.650000 3.933896
vt 0.650000 4.122705
vt 0.700000 4.122705
vt 0.650000 3.933896
vt 0.700000 4.122705
vt 0.700000 3.933896
vt 0.700000 3.933896
vt 0.700000 4.122705
vt 0.750000 4.122705
vt 0.700000 3.933896
vt 0.750000 4.122705
vt 0.750000 3.933896
vt 0.750000 3.933896
vt 0.750000 4.122705
vt 0.800000 4.122705
vt 0.750000 3.933896
vt 0.800000 4.122705
vt 0.800000 3.933896
vt 0.800000 3.933896
vt 0.800000 4.122705
vt 0.850000 4.122705
vt 0.800000 3.933896
vt 0.850000 4.122705
vt 0.850000 3.933896
vt 0.850000 3.933896
vt 0.850000 4.122705
vt 0.900000 4.122705
vt 0.850000 3.933896
vt 0.900000 4.122705
vt 0.900000 3.933896
vt 0.900000 3.933896
vt 0.900000 4.122705
vt 0.950000 4.122705
vt 0.900000 3.933896
vt 0.950000 4.122705
vt 0.950000 3.933896
vt 0.950000 3.933896
vt 0.950000 4.122705
vt 0.000000 4.122705
vt 0.950000 3.933896
vt 0.000000 4.122705
vt 0.000000 3.933896
vt 0.000000 4.122705
vt 0.000000 4.292104
vt 0.050000 4.292104
vt 0.000000 4.122705
vt 0.050000 4.292104
vt 0.050000 4.122705
vt 0.050000 4.122705
vt 0.050000 4.292104
vt 0.100000 4.292104
vt 0.050000 4.122705
vt 0.100000 4.292104
vt 0.100000 4.122705
vt 0.100000 4.122705
vt 0.100000 4.292104
vt 0.150000 4.292104
vt 0.100000 4.122705
vt 0.150000 4.292104
vt 0.150000 4.122705
vt 0.150000 4.122705
vt 0.150000 4.292104
vt 0.200000 4.292104
vt 0.150000 4.122705
vt 0.200000 4.292104
vt 0.200000 4.122705
vt 0.200000 4.122705
vt 0.200000 4.292104
vt 0.250000 4.292104
vt 0.200000 4.122705
vt 0.250000 4.292104
vt 0.250000 4.122705
vt 0.250000 4.122705
vt 0.250000 4.292104
vt 0.300000 4.292104
vt 0.250000 4.122705
vt 0.300000 4.292104
vt 0.300000 4.122705
vt 0.300000 4.122705
vt 0.300000 4.292104
vt 0.350000 4.292104
vt 0.300000 4.122705
vt 0.350000 4.292104
vt 0.350000 4.122705
vt 0.350000 4.122705
vt 0.350000 4.292104
vt 0.400000 4.292104
vt 0.350000 4.122705
vt 0.400000 4.292104
vt 0.400000 4.122705
vt 0.400000 4.122705
vt 0.400000 4.292104
vt 0.450000 4.292104
vt 0.400000 4.122705
vt 0.450000 4.292104
vt 0.450000 4.122705
vt 0.450000 4.122705
vt 0.450000 4.292104
vt 0.500000 4.292104
vt 0.450000 4.122705
vt 0.500000 4.292104
vt 0.500000 4.122705
vt 0.500000 4.122705
vt 0.500000 4.292104
vt 0.550000 4.292104
vt 0.500000 4.122705
vt 0.550000 4.292104
vt 0.550000 4.122705
vt 0.550000 4.122705
vt 0.550000 4.292104
vt 0.600000 4.292104
vt 0.550000 4.122705
vt 0.600000 4.292104
vt 0.600000 4.122705
vt 0.600000 4.122705
vt 0.600000 4.292104
vt 0.650000 4.292104
vt 0.600000 4.122705
vt 0.650000 4.292104
vt 0.650000 4.122705
vt 0.650000 4.122705
vt 0.650000 4.292104
vt 0.700000 4.292104
vt 0.650000 4.122705
vt 0.700000 4.292104
vt 0.700000 4.122705
vt 0.700000 4.122705
vt 0.700000 4.292104
vt 0.750000 4.292104
vt 0.700000 4.122705
vt 0.750000 4.292104
vt 0.750000 4.122705
vt 0.750000 4.122705
vt 0.750000 4.292104
vt 0.800000 4.292104
vt 0.750000 4.122705
vt 0.800000 4.292104
vt 0.800000 4.122705
vt 0.800000 4.122705
vt 0.800000 4.292104
vt 0.850000 4.292104
vt 0.800000 4.122705
vt 0.850000 4.292104
vt 0.850000 4.122705
vt 0.850000 4.122705
vt 0.850000 4.292104
vt 0.900000 4.292104
vt 0.850000 4.122705
vt 0.900000 4.292104
vt 0.900000 4.122705
vt 0.900000 4.122705
vt 0.900000 4.292104
vt 0.950000 4.292104
vt 0.900000 4.122705
vt 0.950000 4.292104
vt 0.950000 4.122705
vt 0.950000 4.122705
vt 0.950000 4.292104
vt 0.000000 4.292104
vt 0.950000 4.122705
vt 0.000000 4.292104
vt 0.000000 4.122705
vt 0.000000 4.292104
vt 0.000000 4.571300
vt 0.050000 4.571300
vt 0.000000 4.292104
vt 0.050000 4.571300
vt 0.050000 4.292104
vt 0.050000 4.292104
vt 0.050000 4.571300
vt 0.100000 4.571300
vt 0.050000 4.292104
vt 0.100000 4.571300
vt 0.100000 4.292104
vt 0.100000 4.292104
vt 0.100000 4.571300
vt 0.150000 4.571300
vt 0.100000 4.292104
vt 0.150000 4.571300
vt 0.150000 4.292104
vt 0.150000 4.292104
vt 0.150000 4.571300
vt 0.200000 4.571300
vt 0.150000 4.292104
vt 0.200000 4.571300
vt 0.200000 4.292104
vt 0.200000 4.292104
vt 0.200000 4.571300
vt 0.250000 4.571300
vt 0.200000 4.292104
vt 0.250000 4.571300
vt 0.250000 4.292104
vt 0.250000 4.292104
vt 0.250000 4.571300
vt 0.300000 4.571300
vt 0.250000 4.292104
vt 0.300000 4.571300
vt 0.300000 4.292104
vt 0.300000 4.292104
vt 0.300000 4.571300
vt 0.350000 4.571300
vt 0.300000 4.292104
vt 0.350000 4.571300
vt 0.350000 4.292104
vt 0.350000 4.292104
vt 0.350000 4.571300
vt 0.400000 4.571300
vt 0.350000 4.292104
vt 0.400000 4.571300
vt 0.400000 4.292104
vt 0.400000 4.292104
vt 0.400000 4.571300
vt 0.450000 4.571300
vt 0.400000 4.292104
vt 0.450000 4.571300
vt 0.450000 4.292104
vt 0.450000 4.292104
vt 0.450000 4.571300
vt 0.500000 4.571300
vt 0.450000 4.292104
vt 0.500000 4.571300
vt 0.500000 4.292104
vt 0.500000 4.292104
vt 0.500000 4.571300
vt 0.550000 4.571300
vt 0.500000 4.292104
vt 0.550000 4.571300
vt 0.550000 4.292104
vt 0.550000 4.292104
vt 0.550000 4.571300
vt 0.600000 4.571300
vt 0.550000 4.292104
vt 0.600000 4.571300
vt 0.600000 4.292104
vt 0.600000 4.292104
vt 0.600000 4.571300
vt 0.650000 4.571300
vt 0.600000 4.292104
vt 0.650000 4.571300
vt 0.650000 4.292104
vt 0.650000 4.292104
vt 0.650000 4.571300
vt 0.700000 4.571300
vt 0.650000 4.292104
vt 0.700000 4.571300
vt 0.700000 4.292104
vt 0.700000 4.292104
vt 0.700000 4.571300
vt 0.750000 4.571300
vt 0.700000 4.292104
vt 0.750000 4.571300
vt 0.750000 4.292104
vt 0.750000 4.292104
vt 0.750000 4.571300
vt 0.800000 4.571300
vt 0.750000 4.292104
vt 0.800000 4.571300
vt 0.800000 4.292104
vt 0.800000 4.292104
vt 0.800000 4.571300
vt 0.850000 4.571300
vt 0.800000 4.292104
vt 0.850000 4.571300
vt 0.850000 4.292104
vt 0.850000 4.292104
vt 0.850000 4.571300
vt 0.900000 4.571300
vt 0.850000 4.292104
vt 0.900000 4.571300
vt 0.900000 4.292104
vt 0.900000 4.292104
vt 0.900000 4.571300
vt 0.950000 4.571300
vt 0.900000 4.292104
vt 0.950000 4.571300
vt 0.950000 4.292104
vt 0.950000 4.292104
vt 0.950000 4.571300
vt 0.000000 4.571300
vt 0.950000 4.292104
vt 0.000000 4.571300
vt 0.000000 4.292104
vt 0.000000 4.571300
vt 0.000000 4.888400
vt 0.050000 4.888400
vt 0.000000 4.571300
vt 0.050000 4.888400
vt 0.050000 4.571300
vt 0.050000 4.571300
vt 0.050000 4.888400
vt 0.100000 4.888400
vt 0.050000 4.571300
vt 0.100000 4.888400
vt 0.100000 4.571300
vt 0.100000 4.571300
vt 0.100000 4.888400
vt 0.150000 4.888400
vt 0.100000 4.571300
vt 0.150000 4.888400
vt 0.150000 4.571300
vt 0.150000 4.571300
vt 0.150000 4.888400
vt 0.200000 4.888400
vt 0.150000 4.571300
vt 0.200000 4.888400
vt 0.200000 4.571300
vt 0.200000 4.571300
vt 0.200000 4.888400
vt 0.250000 4.888400
vt 0.200000 4.571300
vt 0.250000 4.888400
vt 0.250000 4.571300
vt 0.250000 4.571300
vt 0.250000 4.888400
vt 0.300000 4.888400
vt 0.250000 4.571300
vt 0.300000 4.888400
vt 0.300000 4.571300
vt 0.300000 4.571300
vt 0.300000 4.888400
vt 0.350000 4.888400
vt 0.300000 4.571300
vt 0.350000 4.888400
vt 0.350000 4.571300
vt 0.350000 4.571300
vt 0.350000 4.888400
vt 0.400000 4.888400
vt 0.350000 4.571300
vt 0.400000 4.888400
vt 0.400000 4.571300
vt 0.400000 4.571300
vt 0.400000 4.888400
vt 0.450000 4.888400
vt 0.400000 4.571300
vt 0.450000 4.888400
vt 0.450000 4.571300
vt 0.450000 4.571300
vt 0.450000 4.888400
vt 0.500000 4.888400
vt 0.450000 4.571300
vt 0.500000 4.888400
vt 0.500000 4.571300
vt 0.500000 4.571300
vt 0.500000 4.888400
vt 0.550000 4.888400
vt 0.500000 4.571300
vt 0.550000 4.888400
vt 0.550000 4.571300
vt 0.550000 4.571300
vt 0.550000 4.888400
vt 0.600000 4.888400
vt 0.550000 4.571300
vt 0.600000 4.888400
vt 0.600000 4.571300
vt 0.600000 4.571300
vt 0.600000 4.888400
vt 0.650000 4.888400
vt 0.600000 4.571300
vt 0.650000 4.888400
vt 0.650000 4.571300
vt 0.650000 4.571300
vt 0.650000 4.888400
vt 0.700000 4.888400
vt 0.650000 4.571300
vt 0.700000 4.888400
vt 0.700000 4.571300
vt 0.700000 4.571300
vt 0.700000 4.888400
vt 0.750000 4.888400
vt 0.700000 4.571300
vt 0.750000 4.888400
vt 0.750000 4.571300
vt 0.750000 4.571300
vt 0.750000 4.888400
vt 0.800000 4.888400
vt 0.750000 4.571300
vt 0.800000 4.888400
vt 0.800000 4.571300
vt 0.800000 4.571300
vt 0.800000 4.888400
vt 0.850000 4.888400
vt 0.800000 4.571300
vt 0.850000 4.888400
vt 0.850000 4.571300
vt 0.850000 4.571300
vt 0.850000 4.888400
vt 0.900000 4.888400
vt 0.850000 4.571300
vt 0.900000 4.888400
vt 0.900000 4.571300
vt 0.900000 4.571300
vt 0.900000 4.888400
vt 0.950000 4.888400
vt 0.900000 4.571300
vt 0.950000 4.888400
vt 0.950000 4.571300
vt 0.950000 4.571300
vt 0.950000 4.888400
vt 0.000000 4.888400
vt 0.950000 4.571300
vt 0.000000 4.888400
vt 0.000000 4.571300
vt 0.000000 4.888400
vt 0.000000 5.056122
vt 0.050000 5.056122
vt 0.000000 4.888400
vt 0.050000 5.056122
vt 0.050000 4.888400
vt 0.050000 4.888400
vt 0.050000 5.056122
vt 0.100000 5.056122
vt 0.050000 4.888400
vt 0.100000 5.056122
vt 0.100000 4.888400
vt 0.100000 4.888400
vt 0.100000 5.056122
vt 0.150000 5.056122
vt 0.100000 4.888400
vt 0.150000 5.056122
vt 0.150000 4.888400
vt 0.150000 4.888400
vt 0.150000 5.056122
vt 0.200000 5.056122
vt 0.150000 4.888400
vt 0.200000 5.056122
vt 0.200000 4.888400
vt 0.200000 4.888400
vt 0.200000 5.056122
vt 0.250000 5.056122
vt 0.200000 4.888400
vt 0.250000 5.056122
vt 0.250000 4.888400
vt 0.250000 4.888400
vt 0.250000 5.056122
vt 0.300000 5.056122
vt 0.250000 4.888400
vt 0.300000 5.056122
vt 0.300000 4.888400
vt 0.300000 4.888400
vt 0.300000 5.056122
vt 0.350000 5.056122
vt 0.300000 4.888400
vt 0.350000 5.056122
vt 0.350000 4.888400
vt 0.350000 4.888400
vt 0.350000 5.056122
vt 0.400000 5.056122
vt 0.350000 4.888400
vt 0.400000 5.056122
vt 0.400000 4.888400
vt 0.400000 4.888400
vt 0.400000 5.056122
vt 0.450000 5.056122
vt 0.400000 4.888400
vt 0.450000 5.056122
vt 0.450000 4.888400
vt 0.450000 4.888400
vt 0.450000 5.056122
vt 0.500000 5.056122
vt 0.450000 4.888400
vt 0.500000 5.056122
vt 0.500000 4.888400
vt 0.500000 4.888400
vt 0.500000 5.056122
vt 0.550000 5.056122
vt 0.500000 4.888400
vt 0.550000 5.056122
vt 0.550000 4.888400
vt 0.550000 4.888400
vt 0.550000 5.056122
vt 0.600000 5.056122
vt 0.550000 4.888400
vt 0.600000 5.056122
vt 0.600000 4.888400
vt 0.600000 4.888400
vt 0.600000 5.056122
vt 0.650000 5.056122
vt 0.600000 4.888400
vt 0.650000 5.056122
vt 0.650000 4.888400
vt 0.650000 4.888400
vt 0.650000 5.056122
vt 0.700000 5.056122
vt 0.650000 4.888400
vt 0.700000 5.056122
vt 0.700000 4.888400
vt 0.700000 4.888400
vt 0.700000 5.056122
vt 0.750000 5.056122
vt 0.700000 4.888400
vt 0.750000 5.056122
vt 0.750000 4.888400
vt 0.750000 4.888400
vt 0.750000 5.056122
vt 0.800000 5.056122
vt 0.750000 4.888400
vt 0.800000 5.056122
vt 0.800000 4.888400
vt 0.800000 4.888400
vt 0.800000 5.056122
vt 0.850000 5.056122
vt 0.800000 4.888400
vt 0.850000 5.056122
vt 0.850000 4.888400
vt 0.850000 4.888400
vt 0.850000 5.056122
vt 0.900000 5.056122
vt 0.850000 4.888400
vt 0.900000 5.056122
vt 0.900000 4.888400
vt 0.900000 4.888400
vt 0.900000 5.056122
vt 0.950000 5.056122
vt 0.900000 4.888400
vt 0.950000 5.056122
vt 0.950000 4.888400
vt 0.950000 4.888400
vt 0.950000 5.056122
vt 0.000000 5.056122
vt 0.950000 4.888400
vt 0.000000 5.056122
vt 0.000000 4.888400
vt 0.000000 5.056122
vt 0.000000 5.223385
vt 0.050000 5.223385
vt 0.000000 5.056122
vt 0.050000 5.223385
vt 0.050000 5.056122
vt 0.050000 5.056122
vt 0.050000 5.223385
vt 0.100000 5.223385
vt 0.050000 5.056122
vt 0.100000 5.223385
vt 0.100000 5.056122
vt 0.100000 5.056122
vt 0.100000 5.223385
vt 0.150000 5.223385
vt 0.100000 5.056122
vt 0.150000 5.223385
vt 0.150000 5.056122
vt 0.150000 5.056122
vt 0.150000 5.223385
vt 0.200000 5.223385
vt 0.150000 5.056122
vt 0.200000 5.223385
vt 0.200000 5.056122
vt 0.200000 5.056122
vt 0.200000 5.223385
vt 0.250000 5.223385
vt 0.200000 5.056122
vt 0.250000 5.223385
vt 0.250000 5.056122
vt 0.250000 5.056122
vt 0.250000 5.223385
vt 0.300000 5.223385
vt 0.250000 5.056122
vt 0.300000 5.223385
vt 0.300000 5.056122
vt 0.300000 5.056122
vt 0.300000 5.223385
vt 0.350000 5.223385
vt 0.300000 5.056122
vt 0.350000 5.223385
vt 0.350000 5.056122
vt 0.350000 5.056122
vt 0.350000 5.223385
vt 0.400000 5.223385
vt 0.350000 5.056122
vt 0.400000 5.223385
vt 0.400000 5.056122
vt 0.400000 5.056122
vt 0.400000 5.223385
vt 0.450000 5.223385
vt 0.400000 5.056122
vt 0.450000 5.223385
vt 0.450000 5.056122
vt 0.450000 5.056122
vt 0.450000 5.223385
vt 0.500000 5.223385
vt 0.450000 5.056122
vt 0.500000 5.223385
vt 0.500000 5.056122
vt 0.500000 5.056122
vt 0.500000 5.223385
vt 0.550000 5.223385
vt 0.500000 5.056122
vt 0.550000 5.223385
vt 0.550000 5.056122
vt 0.550000 5.056122
vt 0.550000 5.223385
vt 0.600000 5.223385
vt 0.550000 5.056122
vt 0.600000 5.223385
vt 0.600000 5.056122
vt 0.600000 5.056122
vt 0.600000 5.223385
vt 0.650000 5.223385
vt 0.600000 5.056122
vt 0.650000 5.223385
vt 0.650000 5.056122
vt 0.650000 5.056122
vt 0.650000 5.223385
vt 0.700000 5.223385
vt 0.650000 5.056122
vt 0.700000 5.223385
vt 0.700000 5.056122
vt 0.700000 5.056122
vt 0.700000 5.223385
vt 0.750000 5.223385
vt 0.700000 5.056122
vt 0.750000 5.223385
vt 0.750000 5.056122
vt 0.750000 5.056122
vt 0.750000 5.223385
vt 0.800000 5.223385
vt 0.750000 5.056122
vt 0.800000 5.223385
vt 0.800000 5.056122
vt 0.800000 5.056122
vt 0.800000 5.223385
vt 0.850000 5.223385
vt 0.800000 5.056122
vt 0.850000 5.223385
vt 0.850000 5.056122
vt 0.850000 5.056122
vt 0.850000 5.223385
vt 0.900000 5.223385
vt 0.850000 5.056122
vt 0.900000 5.223385
vt 0.900000 5.056122
vt 0.900000 5.056122
vt 0.900000 5.223385
vt 0.950000 5.223385
vt 0.900000 5.056122
vt 0.950000 5.223385
vt 0.950000 5.056122
vt 0.950000 5.056122
vt 0.950000 5.223385
vt 0.000000 5.223385
vt 0.950000 5.056122
vt 0.000000 5.223385
vt 0.000000 5.056122
vt 0.000000 5.223385
vt 0.000000 5.497804
vt 0.050000 5.497804
vt 0.000000 5.223385
vt 0.050000 5.497804
vt 0.050000 5.223385
vt 0.050000 5.223385
vt 0.050000 5.497804
vt 0.100000 5.497804
vt 0.050000 5.223385
vt 0.100000 5.497804
vt 0.100000 5.223385
vt 0.100000 5.223385
vt 0.100000 5.497804
vt 0.150000 5.497804
vt 0.100000 5.223385
vt 0.150000 5.497804
vt 0.150000 5.223385
vt 0.150000 5.223385
vt 0.150000 5.497804
vt 0.200000 5.497804
vt 0.150000 5.223385
vt 0.200000 5.497804
vt 0.200000 5.223385
vt 0.200000 5.223385
vt 0.200000 5.497804
vt 0.250000 5.497804
vt 0.200000 5.223385
vt 0.250000 5.497804
vt 0.250000 5.223385
vt 0.250000 5.223385
vt 0.250000 5.497804
vt 0.300000 5.497804
vt 0.250000 5.223385
vt 0.300000 5.497804
vt 0.300000 5.223385
vt 0.300000 5.223385
vt 0.300000 5.497804
vt 0.350000 5.497804
vt 0.300000 5.223385
vt 0.350000 5.497804
vt 0.350000 5.223385
vt 0.350000 5.223385
vt 0.350000 5.497804
vt 0.400000 5.497804
vt 0.350000 5.223385
vt 0.400000 5.497804
vt 0.400000 5.223385
vt 0.400000 5.223385
vt 0.400000 5.497804
vt 0.450000 5.497804
vt 0.400000 5.223385
vt 0.450000 5.497804
vt 0.450000 5.223385
vt 0.450000 5.223385
vt 0.450000 5.497804
vt 0.500000 5.497804
vt 0.450000 5.223385
vt 0.500000 5.497804
vt 0.500000 5.223385
vt 0.500000 5.223385
vt 0.500000 5.497804
vt 0.550000 5.497804
vt 0.500000 5.223385
vt 0.550000 5.497804
vt 0.550000 5.223385
vt 0.550000 5.223385
vt 0.550000 5.497804
vt 0.600000 5.497804
vt 0.550000 5.223385
vt 0.600000 5.497804
vt 0.600000 5.223385
vt 0.600000 5.223385
vt 0.600000 5.497804
vt 0.650000 5.497804
vt 0.600000 5.223385
vt 0.650000 5.497804
vt 0.650000 5.223385
vt 0.650000 5.223385
vt 0.650000 5.497804
vt 0.700000 5.497804
vt 0.650000 5.223385
vt 0.700000 5.497804
vt 0.700000 5.223385
vt 0.700000 5.223385
vt 0.700000 5.497804
vt 0.750000 5.497804
vt 0.700000 5.223385
vt 0.750000 5.497804
vt 0.750000 5.223385
vt 0.750000 5.223385
vt 0.750000 5.497804
vt 0.800000 5.497804
vt 0.750000 5.223385
vt 0.800000 5.497804
vt 0.800000 5.223385
vt 0.800000 5.223385
vt 0.800000 5.497804
vt 0.850000 5.497804
vt 0.800000 5.223385
vt 0.850000 5.497804
vt 0.850000 5.223385
vt 0.850000 5.223385
vt 0.850000 5.497804
vt 0.900000 5.497804
vt 0.850000 5.223385
vt 0.900000 5.497804
vt 0.900000 5.223385
vt 0.900000 5.223385
vt 0.900000 5.497804
vt 0.950000 5.497804
vt 0.900000 5.223385
vt 0.950000 5.497804
vt 0.950000 5.223385
vt 0.950000 5.223385
vt 0.950000 5.497804
vt 0.000000 5.497804
vt 0.950000 5.223385
vt 0.000000 5.497804
vt 0.000000 5.223385
vt 0.000000 5.497804
vt 0.000000 5.686500
vt 0.050000 5.686500
vt 0.000000 5.497804
vt 0.050000 5.686500
vt 0.050000 5.497804
vt 0.050000 5.497804
vt 0.050000 5.686500
vt 0.100000 5.686500
vt 0.050000 5.497804
vt 0.100000 5.686500
vt 0.100000 5.497804
vt 0.100000 5.497804
vt 0.100000 5.686500
vt 0.150000 5.686500
vt 0.100000 5.497804
vt 0.150000 5.686500
vt 0.150000 5.497804
vt 0.150000 5.497804
vt 0.150000 5.686500
vt 0.200000 5.686500
vt 0.150000 5.497804
vt 0.200000 5.686500
vt 0.200000 5.497804
vt 0.200000 5.497804
vt 0.200000 5.686500
vt 0.250000 5.686500
vt 0.200000 5.497804
vt 0.250000 5.686500
vt 0.250000 5.497804
vt 0.250000 5.497804
vt 0.250000 5.686500
vt 0.300000 5.686500
vt 0.250000 5.497804
vt 0.300000 5.686500
vt 0.300000 5.497804
vt 0.300000 5.497804
vt 0.300000 5.686500
vt 0.350000 5.686500
vt 0.300000 5.497804
vt 0.350000 5.686500
vt 0.350000 5.497804
vt 0.350000 5.497804
vt 0.350000 5.686500
vt 0.400000 5.686500
vt 0.350000 5.497804
vt 0.400000 5.686500
vt 0.400000 5.497804
vt 0.400000 5.497804
vt 0.400000 5.686500
vt 0.450000 5.686500
vt 0.400000 5.497804
vt 0.450000 5.686500
vt 0.450000 5.497804
vt 0.450000 5.497804
vt 0.450000 5.686500
vt 0.500000 5.686500
vt 0.450000 5.497804
vt 0.500000 5.686500
vt 0.500000 5.497804
vt 0.500000 5.497804
vt 0.500000 5.686500
vt 0.550000 5.686500
vt 0.500000 5.497804
vt 0.550000 5.686500
vt 0.550000 5.497804
vt 0.550000 5.497804
vt 0.550000 5.686500
vt 0.600000 5.686500
vt 0.550000 5.497804
vt 0.600000 5.686500
vt 0.600000 5.497804
vt 0.600000 5.497804
vt 0.600000 5.686500
vt 0.650000 5.686500
vt 0.600000 5.497804
vt 0.650000 5.686500
vt 0.650000 5.497804
vt 0.650000 5.497804
vt 0.650000 5.686500
vt 0.700000 5.686500
vt 0.650000 5.497804
vt 0.700000 5.686500
vt 0.700000 5.497804
vt 0.700000 5.497804
vt 0.700000 5.686500
vt 0.750000 5.686500
vt 0.700000 5.497804
vt 0.750000 5.686500
vt 0.750000 5.497804
vt 0.750000 5.497804
vt 0.750000 5.686500
vt 0.800000 5.686500
vt 0.750000 5.497804
vt 0.800000 5.686500
vt 0.800000 5.497804
vt 0.800000 5.497804
vt 0.800000 5.686500
vt 0.850000 5.686500
vt 0.800000 5.497804
vt 0.850000 5.686500
vt 0.850000 5.497804
vt 0.850000 5.497804
vt 0.850000 5.686500
vt 0.900000 5.686500
vt 0.850000 5.497804
vt 0.900000 5.686500
vt 0.900000 5.497804
vt 0.900000 5.497804
vt 0.900000 5.686500
vt 0.950000 5.686500
vt 0.900000 5.497804
vt 0.950000 5.686500
vt 0.950000 5.497804
vt 0.950000 5.497804
vt 0.950000 5.686500
vt 0.000000 5.686500
vt 0.950000 5.497804
vt 0.000000 5.686500
vt 0.000000 5.497804
vt 0.000000 5.686500
vt 0.000000 5.790861
vt 0.050000 5.790861
vt 0.000000 5.686500
vt 0.050000 5.790861
vt 0.050000 5.686500
vt 0.050000 5.686500
vt 0.050000 5.790861
vt 0.100000 5.790861
vt 0.050000 5.686500
vt 0.100000 5.790861
vt 0.100000 5.686500
vt 0.100000 5.686500
vt 0.100000 5.790861
vt 0.150000 5.790861
vt 0.100000 5.686500
vt 0.150000 5.790861
vt 0.150000 5.686500
vt 0.150000 5.686500
vt 0.150000 5.790861
vt 0.200000 5.790861
vt 0.150000 5.686500
vt 0.200000 5.790861
vt 0.200000 5.686500
vt 0.200000 5.686500
vt 0.200000 5.790861
vt 0.250000 5.790861
vt 0.200000 5.686500
vt 0.250000 5.790861
vt 0.250000 5.686500
vt 0.250000 5.686500
vt 0.250000 5.790861
vt 0.300000 5.790861
vt 0.250000 5.686500
vt 0.300000 5.790861
vt 0.300000 5.686500
vt 0.300000 5.686500
vt 0.300000 5.790861
vt 0.350000 5.790861
vt 0.300000 5.686500
vt 0.350000 5.790861
vt 0.350000 5.686500
vt 0.350000 5.686500
vt 0.350000 5.790861
vt 0.400000 5.790861
vt 0.350000 5.686500
vt 0.400000 5.790861
vt 0.400000 5.686500
vt 0.400000 5.686500
vt 0.400000 5.790861
vt 0.450000 5.790861
vt 0.400000 5.686500
vt 0.450000 5.790861
vt 0.450000 5.686500
vt 0.450000 5.686500
vt 0.450000 5.790861
vt 0.500000 5.790861
vt 0.450000 5.686500
vt 0.500000 5.790861
vt 0.500000 5.686500
vt 0.500000 5.686500
vt 0.500000 5.790861
vt 0.550000 5.790861
vt 0.500000 5.686500
vt 0.550000 5.790861
vt 0.550000 5.686500
vt 0.550000 5.686500
vt 0.550000 5.790861
vt 0.600000 5.790861
vt 0.550000 5.686500
vt 0.600000 5.790861
vt 0.600000 5.686500
vt 0.600000 5.686500
vt 0.600000 5.790861
vt 0.650000 5.790861
vt 0.600000 5.686500
vt 0.650000 5.790861
vt 0.650000 5.686500
vt 0.650000 5.686500
vt 0.650000 5.790861
vt 0.700000 5.790861
vt 0.650000 5.686500
vt 0.700000 5.790861
vt 0.700000 5.686500
vt 0.700000 5.686500
vt 0.700000 5.790861
vt 0.750000 5.790861
vt 0.700000 5.686500
vt 0.750000 5.790861
vt 0.750000 5.686500
vt 0.750000 5.686500
vt 0.750000 5.790861
vt 0.800000 5.790861
vt 0.750000 5.686500
vt 0.800000 5.790861
vt 0.800000 5.686500
vt 0.800000 5.686500
vt 0.800000 5.790861
vt 0.850000 5.790861
vt 0.800000 5.686500
vt 0.850000 5.790861
vt 0.850000 5.686500
vt 0.850000 5.686500
vt 0.850000 5.790861
vt 0.900000 5.790861
vt 0.850000 5.686500
vt 0.900000 5.790861
vt 0.900000 5.686500
vt 0.900000 5.686500
vt 0.900000 5.790861
vt 0.950000 5.790861
vt 0.900000 5.686500
vt 0.950000 5.790861
vt 0.950000 5.686500
vt 0.950000 5.686500
vt 0.950000 5.790861
vt 0.000000 5.790861
vt 0.950000 5.686500
vt 0.000000 5.790861
vt 0.000000 5.686500
vt 0.000000 5.790861
vt 0.000000 5.978365
vt 0.050000 5.978365
vt 0.000000 5.790861
vt 0.050000 5.978365
vt 0.050000 5.790861
vt 0.050000 5.790861
vt 0.050000 5.978365
vt 0.100000 5.978365
vt 0.050000 5.790861
vt 0.100000 5.978365
vt 0.100000 5.790861
vt 0.100000 5.790861
vt 0.100000 5.978365
vt 0.150000 5.978365
vt 0.100000 5.790861
vt 0.150000 5.978365
vt 0.150000 5.790861
vt 0.150000 5.790861
vt 0.150000 5.978365
vt 0.200000 5.978365
vt 0.150000 5.790861
vt 0.200000 5.978365
vt 0.200000 5.790861
vt 0.200000 5.790861
vt 0.200000 5.978365
vt 0.250000 5.978365
vt 0.200000 5.790861
vt 0.250000 5.978365
vt 0.250000 5.790861
vt 0.250000 5.790861
vt 0.250000 5.978365
vt 0.300000 5.978365
vt 0.250000 5.790861
vt 0.300000 5.978365
vt 0.300000 5.790861
vt 0.300000 5.790861
vt 0.300000 5.978365
vt 0.350000 5.978365
vt 0.300000 5.790861
vt 0.350000 5.978365
vt 0.350000 5.790861
vt 0.350000 5.790861
vt 0.350000 5.978365
vt 0.400000 5.978365
vt 0.350000 5.790861
vt 0.400000 5.978365
vt 0.400000 5.790861
vt 0.400000 5.790861
vt 0.400000 5.978365
vt 0.450000 5.978365
vt 0.400000 5.790861
vt 0.450000 5.978365
vt 0.450000 5.790861
vt 0.450000 5.790861
vt 0.450000 5.978365
vt 0.500000 5.978365
vt 0.450000 5.790861
vt 0.500000 5.978365
vt 0.500000 5.790861
vt 0.500000 5.790861
vt 0.500000 5.978365
vt 0.550000 5.978365
vt 0.500000 5.790861
vt 0.550000 5.978365
vt 0.550000 5.790861
vt 0.550000 5.790861
vt 0.550000 5.978365
vt 0.600000 5.978365
vt 0.550000 5.790861
vt 0.600000 5.978365
vt 0.600000 5.790861
vt 0.600000 5.790861
vt 0.600000 5.978365
vt 0.650000 5.978365
vt 0.600000 5.790861
vt 0.650000 5.978365
vt 0.650000 5.790861
vt 0.650000 5.790861
vt 0.650000 5.978365
vt 0.700000 5.978365
vt 0.650000 5.790861
vt 0.700000 5.978365
vt 0.700000 5.790861
vt 0.700000 5.790861
vt 0.700000 5.978365
vt 0.750000 5.978365
vt 0.700000 5.790861
vt 0.750000 5.978365
vt 0.750000 5.790861
vt 0.750000 5.790861
vt 0.750000 5.978365
vt 0.800000 5.978365
vt 0.750000 5.790861
vt 0.800000 5.978365
vt 0.800000 5.790861
vt 0.800000 5.790861
vt 0.800000 5.978365
vt 0.850000 5.978365
vt 0.800000 5.790861
vt 0.850000 5.978365
vt 0.850000 5.790861
vt 0.850000 5.790861
vt 0.850000 5.978365
vt 0.900000 5.978365
vt 0.850000 5.790861
vt 0.900000 5.978365
vt 0.900000 5.790861
vt 0.900000 5.790861
vt 0.900000 5.978365
vt 0.950000 5.978365
vt 0.900000 5.790861
vt 0.950000 5.978365
vt 0.950000 5.790861
vt 0.950000 5.790861
vt 0.950000 5.978365
vt 0.000000 5.978365
vt 0.950000 5.790861
vt 0.000000 5.978365
vt 0.000000 5.790861
vt 0.000000 5.978365
vt 0.000000 6.165945
vt 0.050000 6.165945
vt 0.000000 5.978365
vt 0.050000 6.165945
vt 0.050000 5.978365
vt 0.050000 5.978365
vt 0.050000 6.165945
vt 0.100000 6.165945
vt 0.050000 5.978365
vt 0.100000 6.165945
vt 0.100000 5.978365
vt 0.100000 5.978365
vt 0.100000 6.165945
vt 0.150000 6.165945
vt 0.100000 5.978365
vt 0.150000 6.165945
vt 0.150000 5.978365
vt 0.150000 5.978365
vt 0.150000 6.165945
vt 0.200000 6.165945
vt 0.150000 5.978365
vt 0.200000 6.165945
vt 0.200000 5.978365
vt 0.200000 5.978365
vt 0.200000 6.165945
vt 0.250000 6.165945
vt 0.200000 5.978365
vt 0.250000 6.165945
vt 0.250000 5.978365
vt 0.250000 5.978365
vt 0.250000 6.165945
vt 0.300000 6.165945
vt 0.250000 5.978365
vt 0.300000 6.165945
vt 0.300000 5.978365
vt 0.300000 5.978365
vt 0.300000 6.165945
vt 0.350000 6.165945
vt 0.300000 5.978365
vt 0.350000 6.165945
vt 0.350000 5.978365
vt 0.350000 5.978365
vt 0.350000 6.165945
vt 0.400000 6.165945
vt 0.350000 5.978365
vt 0.400000 6.165945
vt 0.400000 5.978365
vt 0.400000 5.978365
vt 0.400000 6.165945
vt 0.450000 6.165945
vt 0.400000 5.978365
vt 0.450000 6.165945
vt 0.450000 5.978365
vt 0.450000 5.978365
vt 0.450000 6.165945
vt 0.500000 6.165945
vt 0.450000 5.978365
vt 0.500000 6.165945
vt 0.500000 5.978365
vt 0.500000 5.978365
vt 0.500000 6.165945
vt 0.550000 6.165945
vt 0.500000 5.978365
vt 0.550000 6.165945
vt 0.550000 5.978365
vt 0.550000 5.978365
vt 0.550000 6.165945
vt 0.600000 6.165945
vt 0.550000 5.978365
vt 0.600000 6.165945
vt 0.600000 5.978365
vt 0.600000 5.978365
vt 0.600000 6.165945
vt 0.650000 6.165945
vt 0.600000 5.978365
vt 0.650000 6.165945
vt 0.650000 5.978365
vt 0.650000 5.978365
vt 0.650000 6.165945
vt 0.700000 6.165945
vt 0.650000 5.978365
vt 0.700000 6.165945
vt 0.700000 5.978365
vt 0.700000 5.978365
vt 0.700000 6.165945
vt 0.750000 6.165945
vt 0.700000 5.978365
vt 0.750000 6.165945
vt 0.750000 5.978365
vt 0.750000 5.978365
vt 0.750000 6.165945
vt 0.800000 6.165945
vt 0.750000 5.978365
vt 0.800000 6.165945
vt 0.800000 5.978365
vt 0.800000 5.978365
vt 0.800000 6.165945
vt 0.850000 6.165945
vt 0.800000 5.978365
vt 0.850000 6.165945
vt 0.850000 5.978365
vt 0.850000 5.978365
vt 0.850000 6.165945
vt 0.900000 6.165945
vt 0.850000 5.978365
vt 0.900000 6.165945
vt 0.900000 5.978365
vt 0.900000 5.978365
vt 0.900000 6.165945
vt 0.950000 6.165945
vt 0.900000 5.978365
vt 0.950000 6.165945
vt 0.950000 5.978365
vt 0.950000 5.978365
vt 0.950000 6.165945
vt 0.000000 6.165945
vt 0.950000 5.978365
vt 0.000000 6.165945
vt 0.000000 5.978365
vt 0.000000 6.165945
vt 0.000000 6.417011
vt 0.050000 6.417011
vt 0.000000 6.165945
vt 0.050000 6.417011
vt 0.050000 6.165945
vt 0.050000 6.165945
vt 0.050000 6.417011
vt 0.100000 6.417011
vt 0.050000 6.165945
vt 0.100000 6.417011
vt 0.100000 6.165945
vt 0.100000 6.165945
vt 0.100000 6.417011
vt 0.150000 6.417011
vt 0.100000 6.165945
vt 0.150000 6.417011
vt 0.150000 6.165945
vt 0.150000 6.165945
vt 0.150000 6.417011
vt 0.200000 6.417011
vt 0.150000 6.165945
vt 0.200000 6.417011
vt 0.200000 6.165945
vt 0.200000 6.165945
vt 0.200000 6.417011
vt 0.250000 6.417011
vt 0.200000 6.165945
vt 0.250000 6.417011
vt 0.250000 6.165945
vt 0.250000 6.165945
vt 0.250000 6.417011
vt 0.300000 6.417011
vt 0.250000 6.165945
vt 0.300000 6.417011
vt 0.300000 6.165945
vt 0.300000 6.165945
vt 0.300000 6.417011
vt 0.350000 6.417011
vt 0.300000 6.165945
vt 0.350000 6.417011
vt 0.350000 6.165945
vt 0.350000 6.165945
vt 0.350000 6.417011
vt 0.400000 6.417011
vt 0.350000 6.165945
vt 0.400000 6.417011
vt 0.400000 6.165945
vt 0.400000 6.165945
vt 0.400000 6.417011
vt 0.450000 6.417011
vt 0.400000 6.165945
vt 0.450000 6.417011
vt 0.450000 6.165945
vt 0.450000 6.165945
vt 0.450000 6.417011
vt 0.500000 6.417011
vt 0.450000 6.165945
vt 0.500000 6.417011
vt 0.500000 6.165945
vt 0.500000 6.165945
vt 0.500000 6.417011
vt 0.550000 6.417011
vt 0.500000 6.165945
vt 0.550000 6.417011
vt 0.550000 6.165945
vt 0.550000 6.165945
vt 0.550000 6.417011
vt 0.600000 6.417011
vt 0.550000 6.165945
vt 0.600000 6.417011
vt 0.600000 6.165945
vt 0.600000 6.165945
vt 0.600000 6.417011
vt 0.650000 6.417011
vt 0.600000 6.165945
vt 0.650000 6.417011
vt 0.650000 6.165945
vt 0.650000 6.165945
vt 0.650000 6.417011
vt 0.700000 6.417011
vt 0.650000 6.165945
vt 0.700000 6.417011
vt 0.700000 6.165945
vt 0.700000 6.165945
vt 0.700000 6.417011
vt 0.750000 6.417011
vt 0.700000 6.165945
vt 0.750000 6.417011
vt 0.750000 6.165945
vt 0.750000 6.165945
vt 0.750000 6.417011
vt 0.800000 6.417011
vt 0.750000 6.165945
vt 0.800000 6.417011
vt 0.800000 6.165945
vt 0.800000 6.165945
vt 0.800000 6.417011
vt 0.850000 6.417011
vt 0.800000 6.165945
vt 0.850000 6.417011
vt 0.850000 6.165945
vt 0.850000 6.165945
vt 0.850000 6.417011
vt 0.900000 6.417011
vt 0.850000 6.165945
vt 0.900000 6.417011
vt 0.900000 6.165945
vt 0.900000 6.165945
vt 0.900000 6.417011
vt 0.950000 6.417011
vt 0.900000 6.165945
vt 0.950000 6.417011
vt 0.950000 6.165945
vt 0.950000 6.165945
vt 0.950000 6.417011
vt 0.000000 6.417011
vt 0.950000 6.165945
vt 0.000000 6.417011
vt 0.000000 6.165945
vt 0.000000 6.417011
vt 0.000000 6.585564
vt 0.050000 6.585564
vt 0.000000 6.417011
vt 0.050000 6.585564
vt 0.050000 6.417011
vt 0.050000 6.417011
vt 0.050000 6.585564
vt 0.100000 6.585564
vt 0.050000 6.417011
vt 0.100000 6.585564
vt 0.100000 6.417011
vt 0.100000 6.417011
vt 0.100000 6.585564
vt 0.150000 6.585564
vt 0.100000 6.417011
vt 0.150000 6.585564
vt 0.150000 6.417011
vt 0.150000 6.417011
vt 0.150000 6.585564
vt 0.200000 6.585564
vt 0.150000 6.417011
vt 0.200000 6.585564
vt 0.200000 6.417011
vt 0.200000 6.417011
vt 0.200000 6.585564
vt 0.250000 6.585564
vt 0.200000 6.417011
vt 0.250000 6.585564
vt 0.250000 6.417011
vt 0.250000 6.417011
vt 0.250000 6.585564
vt 0.300000 6.585564
vt 0.250000 6.417011
vt 0.300000 6.585564
vt 0.300000 6.417011
vt 0.300000 6.417011
vt 0.300000 6.585564
vt 0.350000 6.585564
vt 0.300000 6.417011
vt 0.350000 6.585564
vt 0.350000 6.417011
vt 0.350000 6.417011
vt 0.350000 6.585564
vt 0.400000 6.585564
vt 0.350000 6.417011
vt 0.400000 6.585564
vt 0.400000 6.417011
vt 0.400000 6.417011
vt 0.400000 6.585564
vt 0.450000 6.585564
vt 0.400000 6.417011
vt 0.450000 6.585564
vt 0.450000 6.417011
vt 0.450000 6.417011
vt 0.450000 6.585564
vt 0.500000 6.585564
vt 0.450000 6.417011
vt 0.500000 6.585564
vt 0.500000 6.417011
vt 0.500000 6.417011
vt 0.500000 6.585564
vt 0.550000 6.585564
vt 0.500000 6.417011
vt 0.550000 6.585564
vt 0.550000 6.417011
vt 0.550000 6.417011
vt 0.550000 6.585564
vt 0.600000 6.585564
vt 0.550000 6.417011
vt 0.600000 6.585564
vt 0.600000 6.417011
vt 0.600000 6.417011
vt 0.600000 6.585564
vt 0.650000 6.585564
vt 0.600000 6.417011
vt 0.650000 6.585564
vt 0.650000 6.417011
vt 0.650000 6.417011
vt 0.650000 6.585564
vt 0.700000 6.585564
vt 0.650000 6.417011
vt 0.700000 6.585564
vt 0.700000 6.417011
vt 0.700000 6.417011
vt 0.700000 6.585564
vt 0.750000 6.585564
vt 0.700000 6.417011
vt 0.750000 6.585564
vt 0.750000 6.417011
vt 0.750000 6.417011
vt 0.750000 6.585564
vt 0.800000 6.585564
vt 0.750000 6.417011
vt 0.800000 6.585564
vt 0.800000 6.417011
vt 0.800000 6.417011
vt 0.800000 6.585564
vt 0.850000 6.585564
vt 0.800000 6.417011
vt 0.850000 6.585564
vt 0.850000 6.417011
vt 0.850000 6.417011
vt 0.850000 6.585564
vt 0.900000 6.585564
vt 0.850000 6.417011
vt 0.900000 6.585564
vt 0.900000 6.417011
vt 0.900000 6.417011
vt 0.900000 6.585564
vt 0.950000 6.585564
vt 0.900000 6.417011
vt 0.950000 6.585564
vt 0.950000 6.417011
vt 0.950000 6.417011
vt 0.950000 6.585564
vt 0.000000 6.585564
vt 0.950000 6.417011
vt 0.000000 6.585564
vt 0.000000 6.417011
vt 0.000000 6.585564
vt 0.000000 6.774776
vt 0.050000 6.774776
vt 0.000000 6.585564
vt 0.050000 6.774776
vt 0.050000 6.585564
vt 0.050000 6.585564
vt 0.050000 6.774776
vt 0.100000 6.774776
vt 0.050000 6.585564
vt 0.100000 6.774776
vt 0.100000 6.585564
vt 0.100000 6.585564
vt 0.100000 6.774776
vt 0.150000 6.774776
vt 0.100000 6.585564
vt 0.150000 6.774776
vt 0.150000 6.585564
vt 0.150000 6.585564
vt 0.150000 6.774776
vt 0.200000 6.774776
vt 0.150000 6.585564
vt 0.200000 6.774776
vt 0.200000 6.585564
vt 0.200000 6.585564
vt 0.200000 6.774776
vt 0.250000 6.774776
vt 0.200000 6.585564
vt 0.250000 6.774776
vt 0.250000 6.585564
vt 0.250000 6.585564
vt 0.250000 6.774776
vt 0.300000 6.774776
vt 0.250000 6.585564
vt 0.300000 6.774776
vt 0.300000 6.585564
vt 0.300000 6.585564
vt 0.300000 6.774776
vt 0.350000 6.774776
vt 0.300000 6.585564
vt 0.350000 6.774776
vt 0.350000 6.585564
vt 0.350000 6.585564
vt 0.350000 6.774776
vt 0.400000 6.774776
vt 0.350000 6.585564
vt 0.400000 6.774776
vt 0.400000 6.585564
vt 0.400000 6.585564
vt 0.400000 6.774776
vt 0.450000 6.774776
vt 0.400000 6.585564
vt 0.450000 6.774776
vt 0.450000 6.585564
vt 0.450000 6.585564
vt 0.450000 6.774776
vt 0.500000 6.774776
vt 0.450000 6.585564
vt 0.500000 6.774776
vt 0.500000 6.585564
vt 0.500000 6.585564
vt 0.500000 6.774776
vt 0.550000 6.774776
vt 0.500000 6.585564
vt 0.550000 6.774776
vt 0.550000 6.585564
vt 0.550000 6.585564
vt 0.550000 6.774776
vt 0.600000 6.774776
vt 0.550000 6.585564
vt 0.600000 6.774776
vt 0.600000 6.585564
vt 0.600000 6.585564
vt 0.600000 6.774776
vt 0.650000 6.774776
vt 0.600000 6.585564
vt 0.650000 6.774776
vt 0.650000 6.585564
vt 0.650000 6.585564
vt 0.650000 6.774776
vt 0.700000 6.774776
vt 0.650000 6.585564
vt 0.700000 6.774776
vt 0.700000 6.585564
vt 0.700000 6.585564
vt 0.700000 6.774776
vt 0.750000 6.774776
vt 0.700000 6.585564
vt 0.750000 6.774776
vt 0.750000 6.585564
vt 0.750000 6.585564
vt 0.750000 6.774776
vt 0.800000 6.774776
vt 0.750000 6.585564
vt 0.800000 6.774776
vt 0.800000 6.585564
vt 0.800000 6.585564
vt 0.800000 6.774776
vt 0.850000 6.774776
vt 0.800000 6.585564
vt 0.850000 6.774776
vt 0.850000 6.585564
vt 0.850000 6.585564
vt 0.850000 6.774776
vt 0.900000 6.774776
vt 0.850000 6.585564
vt 0.900000 6.774776
vt 0.900000 6.585564
vt 0.900000 6.585564
vt 0.900000 6.774776
vt 0.950000 6.774776
vt 0.900000 6.585564
vt 0.950000 6.774776
vt 0.950000 6.585564
vt 0.950000 6.585564
vt 0.950000 6.774776
vt 0.000000 6.774776
vt 0.950000 6.585564
vt 0.000000 6.774776
vt 0.000000 6.585564
vt 0.000000 6.774776
vt 0.000000 7.087304
vt 0.050000 7.087304
vt 0.000000 6.774776
vt 0.050000 7.087304
vt 0.050000 6.774776
vt 0.050000 6.774776
vt 0.050000 7.087304
vt 0.100000 7.087304
vt 0.050000 6.774776
vt 0.100000 7.087304
vt 0.100000 6.774776
vt 0.100000 6.774776
vt 0.100000 7.087304
vt 0.150000 7.087304
vt 0.100000 6.774776
vt 0.150000 7.087304
vt 0.150000 6.774776
vt 0.150000 6.774776
vt 0.150000 7.087304
vt 0.200000 7.087304
vt 0.150000 6.774776
vt 0.200000 7.087304
vt 0.200000 6.774776
vt 0.200000 6.774776
vt 0.200000 7.087304
vt 0.250000 7.087304
vt 0.200000 6.774776
vt 0.250000 7.087304
vt 0.250000 6.774776
vt 0.250000 6.774776
vt 0.250000 7.087304
vt 0.300000 7.087304
vt 0.250000 6.774776
vt 0.300000 7.087304
vt 0.300000 6.774776
vt 0.300000 6.774776
vt 0.300000 7.087304
vt 0.350000 7.087304
vt 0.300000 6.774776
vt 0.350000 7.087304
vt 0.350000 6.774776
vt 0.350000 6.774776
vt 0.350000 7.087304
vt 0.400000 7.087304
vt 0.350000 6.774776
vt 0.400000 7.087304
vt 0.400000 6.774776
vt 0.400000 6.774776
vt 0.400000 7.087304
vt 0.450000 7.087304
vt 0.400000 6.774776
vt 0.450000 7.087304
vt 0.450000 6.774776
vt 0.450000 6.774776
vt 0.450000 7.087304
vt 0.500000 7.087304
vt 0.450000 6.774776
vt 0.500000 7.087304
vt 0.500000 6.774776
vt 0.500000 6.774776
vt 0.500000 7.087304
vt 0.550000 7.087304
vt 0.500000 6.774776
vt 0.550000 7.087304
vt 0.550000 6.774776
vt 0.550000 6.774776
vt 0.550000 7.087304
vt 0.600000 7.087304
vt 0.550000 6.774776
vt 0.600000 7.087304
vt 0.600000 6.774776
vt 0.600000 6.774776
vt 0.600000 7.087304
vt 0.650000 7.087304
vt 0.600000 6.774776
vt 0.650000 7.087304
vt 0.650000 6.774776
vt 0.650000 6.774776
vt 0.650000 7.087304
vt 0.700000 7.087304
vt 0.650000 6.774776
vt 0.700000 7.087304
vt 0.700000 6.774776
vt 0.700000 6.774776
vt 0.700000 7.087304
vt 0.750000 7.087304
vt 0.700000 6.774776
vt 0.750000 7.087304
vt 0.750000 6.774776
vt 0.750000 6.774776
vt 0.750000 7.087304
vt 0.800000 7.087304
vt 0.750000 6.774776
vt 0.800000 7.087304
vt 0.800000 6.774776
vt 0.800000 6.774776
vt 0.800000 7.087304
vt 0.850000 7.087304
vt 0.800000 6.774776
vt 0.850000 7.087304
vt 0.850000 6.774776
vt 0.850000 6.774776
vt 0.850000 7.087304
vt 0.900000 7.087304
vt 0.850000 6.774776
vt 0.900000 7.087304
vt 0.900000 6.774776
vt 0.900000 6.774776
vt 0.900000 7.087304
vt 0.950000 7.087304
vt 0.900000 6.774776
vt 0.950000 7.087304
vt 0.950000 6.774776
vt 0.950000 6.774776
vt 0.950000 7.087304
vt 0.000000 7.087304
vt 0.950000 6.774776
vt 0.000000 7.087304
vt 0.000000 6.774776
vt 0.000000 7.087304
vt 0.000000 7.399806
vt 0.050000 7.399806
vt 0.000000 7.087304
vt 0.050000 7.399806
vt 0.050000 7.087304
vt 0.050000 7.087304
vt 0.050000 7.399806
vt 0.100000 7.399806
vt 0.050000 7.087304
vt 0.100000 7.399806
vt 0.100000 7.087304
vt 0.100000 7.087304
vt 0.100000 7.399806
vt 0.150000 7.399806
vt 0.100000 7.087304
vt 0.150000 7.399806
vt 0.150000 7.087304
vt 0.150000 7.087304
vt 0.150000 7.399806
vt 0.200000 7.399806
vt 0.150000 7.087304
vt 0.200000 7.399806
vt 0.200000 7.087304
vt 0.200000 7.087304
vt 0.200000 7.399806
vt 0.250000 7.399806
vt 0.200000 7.087304
vt 0.250000 7.399806
vt 0.250000 7.087304
vt 0.250000 7.087304
vt 0.250000 7.399806
vt 0.300000 7.399806
vt 0.250000 7.087304
vt 0.300000 7.399806
vt 0.300000 7.087304
vt 0.300000 7.087304
vt 0.300000 7.399806
vt 0.350000 7.399806
vt 0.300000 7.087304
vt 0.350000 7.399806
vt 0.350000 7.087304
vt 0.350000 7.087304
vt 0.350000 7.399806
vt 0.400000 7.399806
vt 0.350000 7.087304
vt 0.400000 7.399806
vt 0.400000 7.087304
vt 0.400000 7.087304
vt 0.400000 7.399806
vt 0.450000 7.399806
vt 0.400000 7.087304
vt 0.450000 7.399806
vt 0.450000 7.087304
vt 0.450000 7.087304
vt 0.450000 7.399806
vt 0.500000 7.399806
vt 0.450000 7.087304
vt 0.500000 7.399806
vt 0.500000 7.087304
vt 0.500000 7.087304
vt 0.500000 7.399806
vt 0.550000 7.399806
vt 0.500000 7.087304
vt 0.550000 7.399806
vt 0.550000 7.087304
vt 0.550000 7.087304
vt 0.550000 7.399806
vt 0.600000 7.399806
vt 0.550000 7.087304
vt 0.600000 7.399806
vt 0.600000 7.087304
vt 0.600000 7.087304
vt 0.600000 7.399806
vt 0.650000 7.399806
vt 0.600000 7.087304
vt 0.650000 7.399806
vt 0.650000 7.087304
vt 0.650000 7.087304
vt 0.650000 7.399806
vt 0.700000 7.399806
vt 0.650000 7.087304
vt 0.700000 7.399806
vt 0.700000 7.087304
vt 0.700000 7.087304
vt 0.700000 7.399806
vt 0.750000 7.399806
vt 0.700000 7.087304
vt 0.750000 7.399806
vt 0.750000 7.087304
vt 0.750000 7.087304
vt 0.750000 7.399806
vt 0.800000 7.399806
vt 0.750000 7.087304
vt 0.800000 7.399806
vt 0.800000 7.087304
vt 0.800000 7.087304
vt 0.800000 7.399806
vt 0.850000 7.399806
vt 0.800000 7.087304
vt 0.850000 7.399806
vt 0.850000 7.087304
vt 0.850000 7.087304
vt 0.850000 7.399806
vt 0.900000 7.399806
vt 0.850000 7.087304
vt 0.900000 7.399806
vt 0.900000 7.087304
vt 0.900000 7.087304
vt 0.900000 7.399806
vt 0.950000 7.399806
vt 0.900000 7.087304
vt 0.950000 7.399806
vt 0.950000 7.087304
vt 0.950000 7.087304
vt 0.950000 7.399806
vt 0.000000 7.399806
vt 0.950000 7.087304
vt 0.000000 7.399806
vt 0.000000 7.087304
vt 0.000000 7.399806
vt 0.000000 7.692099
vt 0.050000 7.692099
vt 0.000000 7.399806
vt 0.050000 7.692099
vt 0.050000 7.399806
vt 0.050000 7.399806
vt 0.050000 7.692099
vt 0.100000 7.692099
vt 0.050000 7.399806
vt 0.100000 7.692099
vt 0.100000 7.399806
vt 0.100000 7.399806
vt 0.100000 7.692099
vt 0.150000 7.692099
vt 0.100000 7.399806
vt 0.150000 7.692099
vt 0.150000 7.399806
vt 0.150000 7.399806
vt 0.150000 7.692099
vt 0.200000 7.692099
vt 0.150000 7.399806
vt 0.200000 7.692099
vt 0.200000 7.399806
vt 0.200000 7.399806
vt 0.200000 7.692099
vt 0.250000 7.692099
vt 0.200000 7.399806
vt 0.250000 7.692099
vt 0.250000 7.399806
vt 0.250000 7.399806
vt 0.250000 7.692099
vt 0.300000 7.692099
vt 0.250000 7.399806
vt 0.300000 7.692099
vt 0.300000 7.399806
vt 0.300000 7.399806
vt 0.300000 7.692099
vt 0.350000 7.692099
vt 0.300000 7.399806
vt 0.350000 7.692099
vt 0.350000 7.399806
vt 0.350000 7.399806
vt 0.350000 7.692099
vt 0.400000 7.692099
vt 0.350000 7.399806
vt 0.400000 7.692099
vt 0.400000 7.399806
vt 0.400000 7.399806
vt 0.400000 7.692099
vt 0.450000 7.692099
vt 0.400000 7.399806
vt 0.450000 7.692099
vt 0.450000 7.399806
vt 0.450000 7.399806
vt 0.450000 7.692099
vt 0.500000 7.692099
vt 0.450000 7.399806
vt 0.500000 7.692099
vt 0.500000 7.399806
vt 0.500000 7.399806
vt 0.500000 7.692099
vt 0.550000 7.692099
vt 0.500000 7.399806
vt 0.550000 7.692099
vt 0.550000 7.399806
vt 0.550000 7.399806
vt 0.550000 7.692099
vt 0.600000 7.692099
vt 0.550000 7.399806
vt 0.600000 7.692099
vt 0.600000 7.399806
vt 0.600000 7.399806
vt 0.600000 7.692099
vt 0.650000 7.692099
vt 0.600000 7.399806
vt 0.650000 7.692099
vt 0.650000 7.399806
vt 0.650000 7.399806
vt 0.650000 7.692099
vt 0.700000 7.692099
vt 0.650000 7.399806
vt 0.700000 7.692099
vt 0.700000 7.399806
vt 0.700000 7.399806
vt 0.700000 7.692099
vt 0.750000 7.692099
vt 0.700000 7.399806
vt 0.750000 7.692099
vt 0.750000 7.399806
vt 0.750000 7.399806
vt 0.750000 7.692099
vt 0.800000 7.692099
vt 0.750000 7.399806
vt 0.800000 7.692099
vt 0.800000 7.399806
vt 0.800000 7.399806
vt 0.800000 7.692099
vt 0.850000 7.692099
vt 0.800000 7.399806
vt 0.850000 7.692099
vt 0.850000 7.399806
vt 0.850000 7.399806
vt 0.850000 7.692099
vt 0.900000 7.692099
vt 0.850000 7.399806
vt 0.900000 7.692099
vt 0.900000 7.399806
vt 0.900000 7.399806
vt 0.900000 7.692099
vt 0.950000 7.692099
vt 0.900000 7.399806
vt 0.950000 7.692099
vt 0.950000 7.399806
vt 0.950000 7.399806
vt 0.950000 7.692099
vt 0.000000 7.692099
vt 0.950000 7.399806
vt 0.000000 7.692099
vt 0.000000 7.399806
vt 0.000000 7.692099
vt 0.000000 7.942100
vt 0.050000 7.942100
vt 0.000000 7.692099
vt 0.050000 7.942100
vt 0.050000 7.692099
vt 0.050000 7.692099
vt 0.050000 7.942100
vt 0.100000 7.942100
vt 0.050000 7.692099
vt 0.100000 7.942100
vt 0.100000 7.692099
vt 0.100000 7.692099
vt 0.100000 7.942100
vt 0.150000 7.942100
vt 0.100000 7.692099
vt 0.150000 7.942100
vt 0.150000 7.692099
vt 0.150000 7.692099
vt 0.150000 7.942100
vt 0.200000 7.942100
vt 0.150000 7.692099
vt 0.200000 7.942100
vt 0.200000 7.692099
vt 0.200000 7.692099
vt 0.200000 7.942100
vt 0.250000 7.942100
vt 0.200000 7.692099
vt 0.250000 7.942100
vt 0.250000 7.692099
vt 0.250000 7.692099
vt 0.250000 7.942100
vt 0.300000 7.942100
vt 0.250000 7.692099
vt 0.300000 7.942100
vt 0.300000 7.692099
vt 0.300000 7.692099
vt 0.300000 7.942100
vt 0.350000 7.942100
vt 0.300000 7.692099
vt 0.350000 7.942100
vt 0.350000 7.692099
vt 0.350000 7.692099
vt 0.350000 7.942100
vt 0.400000 7.942100
vt 0.350000 7.692099
vt 0.400000 7.942100
vt 0.400000 7.692099
vt 0.400000 7.692099
vt 0.400000 7.942100
vt 0.450000 7.942100
vt 0.400000 7.692099
vt 0.450000 7.942100
vt 0.450000 7.692099
vt 0.450000 7.692099
vt 0.450000 7.942100
vt 0.500000 7.942100
vt 0.450000 7.692099
vt 0.500000 7.942100
vt 0.500000 7.692099
vt 0.500000 7.692099
vt 0.500000 7.942100
vt 0.550000 7.942100
vt 0.500000 7.692099
vt 0.550000 7.942100
vt 0.550000 7.692099
vt 0.550000 7.692099
vt 0.550000 7.942100
vt 0.600000 7.942100
vt 0.550000 7.692099
vt 0.600000 7.942100
vt 0.600000 7.692099
vt 0.600000 7.692099
vt 0.600000 7.942100
vt 0.650000 7.942100
vt 0.600000 7.692099
vt 0.650000 7.942100
vt 0.650000 7.692099
vt 0.650000 7.692099
vt 0.650000 7.942100
vt 0.700000 7.942100
vt 0.650000 7.692099
vt 0.700000 7.942100
vt 0.700000 7.692099
vt 0.700000 7.692099
vt 0.700000 7.942100
vt 0.750000 7.942100
vt 0.700000 7.692099
vt 0.750000 7.942100
vt 0.750000 7.692099
vt 0.750000 7.692099
vt 0.750000 7.942100
vt 0.800000 7.942100
vt 0.750000 7.692099
vt 0.800000 7.942100
vt 0.800000 7.692099
vt 0.800000 7.692099
vt 0.800000 7.942100
vt 0.850000 7.942100
vt 0.800000 7.692099
vt 0.850000 7.942100
vt 0.850000 7.692099
vt 0.850000 7.692099
vt 0.850000 7.942100
vt 0.900000 7.942100
vt 0.850000 7.692099
vt 0.900000 7.942100
vt 0.900000 7.692099
vt 0.900000 7.692099
vt 0.900000 7.942100
vt 0.950000 7.942100
vt 0.900000 7.692099
vt 0.950000 7.942100
vt 0.950000 7.692099
vt 0.950000 7.692099
vt 0.950000 7.942100
vt 0.000000 7.942100
vt 0.950000 7.692099
vt 0.000000 7.942100
vt 0.000000 7.692099
vt 0.000000 7.942100
vt 0.000000 8.192100
vt 0.050000 8.192100
vt 0.000000 7.942100
vt 0.050000 8.192100
vt 0.050000 7.942100
vt 0.050000 7.942100
vt 0.050000 8.192100
vt 0.100000 8.192100
vt 0.050000 7.942100
vt 0.100000 8.192100
vt 0.100000 7.942100
vt 0.100000 7.942100
vt 0.100000 8.192100
vt 0.150000 8.192100
vt 0.100000 7.942100
vt 0.150000 8.192100
vt 0.150000 7.942100
vt 0.150000 7.942100
vt 0.150000 8.192100
vt 0.200000 8.192100
vt 0.150000 7.942100
vt 0.200000 8.192100
vt 0.200000 7.942100
vt 0.200000 7.942100
vt 0.200000 8.192100
vt 0.250000 8.192100
vt 0.200000 7.942100
vt 0.250000 8.192100
vt 0.250000 7.942100
vt 0.250000 7.942100
vt 0.250000 8.192100
vt 0.300000 8.192100
vt 0.250000 7.942100
vt 0.300000 8.192100
vt 0.300000 7.942100
vt 0.300000 7.942100
vt 0.300000 8.192100
vt 0.350000 8.192100
vt 0.300000 7.942100
vt 0.350000 8.192100
vt 0.350000 7.942100
vt 0.350000 7.942100
vt 0.350000 8.192100
vt 0.400000 8.192100
vt 0.350000 7.942100
vt 0.400000 8.192100
vt 0.400000 7.942100
vt 0.400000 7.942100
vt 0.400000 8.192100
vt 0.450000 8.192100
vt 0.400000 7.942100
vt 0.450000 8.192100
vt 0.450000 7.942100
vt 0.450000 7.942100
vt 0.450000 8.192100
vt 0.500000 8.192100
vt 0.450000 7.942100
vt 0.500000 8.192100
vt 0.500000 7.942100
vt 0.500000 7.942100
vt 0.500000 8.192100
vt 0.550000 8.192100
vt 0.500000 7.942100
vt 0.550000 8.192100
vt 0.550000 7.942100
vt 0.550000 7.942100
vt 0.550000 8.192100
vt 0.600000 8.192100
vt 0.550000 7.942100
vt 0.600000 8.192100
vt 0.600000 7.942100
vt 0.600000 7.942100
vt 0.600000 8.192100
vt 0.650000 8.192100
vt 0.600000 7.942100
vt 0.650000 8.192100
vt 0.650000 7.942100
vt 0.650000 7.942100
vt 0.650000 8.192100
vt 0.700000 8.192100
vt 0.650000 7.942100
vt 0.700000 8.192100
vt 0.700000 7.942100
vt 0.700000 7.942100
vt 0.700000 8.192100
vt 0.750000 8.192100
vt 0.700000 7.942100
vt 0.750000 8.192100
vt 0.750000 7.942100
vt 0.750000 7.942100
vt 0.750000 8.192100
vt 0.800000 8.192100
vt 0.750000 7.942100
vt 0.800000 8.192100
vt 0.800000 7.942100
vt 0.800000 7.942100
vt 0.800000 8.192100
vt 0.850000 8.192100
vt 0.800000 7.942100
vt 0.850000 8.192100
vt 0.850000 7.942100
vt 0.850000 7.942100
vt 0.850000 8.192100
vt 0.900000 8.192100
vt 0.850000 7.942100
vt 0.900000 8.192100
vt 0.900000 7.942100
vt 0.900000 7.942100
vt 0.900000 8.192100
vt 0.950000 8.192100
vt 0.900000 7.942100
vt 0.950000 8.192100
vt 0.950000 7.942100
vt 0.950000 7.942100
vt 0.950000 8.192100
vt 0.000000 8.192100
vt 0.950000 7.942100
vt 0.000000 8.192100
vt 0.000000 7.942100
vt 0.000000 8.192100
vt 0.000000 8.442100
vt 0.050000 8.442100
vt 0.000000 8.192100
vt 0.050000 8.442100
vt 0.050000 8.192100
vt 0.050000 8.192100
vt 0.050000 8.442100
vt 0.100000 8.442100
vt 0.050000 8.192100
vt 0.100000 8.442100
vt 0.100000 8.192100
vt 0.100000 8.192100
vt 0.100000 8.442100
vt 0.150000 8.442100
vt 0.100000 8.192100
vt 0.150000 8.442100
vt 0.150000 8.192100
vt 0.150000 8.192100
vt 0.150000 8.442100
vt 0.200000 8.442100
vt 0.150000 8.192100
vt 0.200000 8.442100
vt 0.200000 8.192100
vt 0.200000 8.192100
vt 0.200000 8.442100
vt 0.250000 8.442100
vt 0.200000 8.192100
vt 0.250000 8.442100
vt 0.250000 8.192100
vt 0.250000 8.192100
vt 0.250000 8.442100
vt 0.300000 8.442100
vt 0.250000 8.192100
vt 0.300000 8.442100
vt 0.300000 8.192100
vt 0.300000 8.192100
vt 0.300000 8.442100
vt 0.350000 8.442100
vt 0.300000 8.192100
vt 0.350000 8.442100
vt 0.350000 8.192100
vt 0.350000 8.192100
vt 0.350000 8.442100
vt 0.400000 8.442100
vt 0.350000 8.192100
vt 0.400000 8.442100
vt 0.400000 8.192100
vt 0.400000 8.192100
vt 0.400000 8.442100
vt 0.450000 8.442100
vt 0.400000 8.192100
vt 0.450000 8.442100
vt 0.450000 8.192100
vt 0.450000 8.192100
vt 0.450000 8.442100
vt 0.500000 8.442100
vt 0.450000 8.192100
vt 0.500000 8.442100
vt 0.500000 8.192100
vt 0.500000 8.192100
vt 0.500000 8.442100
vt 0.550000 8.442100
vt 0.500000 8.192100
vt 0.550000 8.442100
vt 0.550000 8.192100
vt 0.550000 8.192100
vt 0.550000 8.442100
vt 0.600000 8.442100
vt 0.550000 8.192100
vt 0.600000 8.442100
vt 0.600000 8.192100
vt 0.600000 8.192100
vt 0.600000 8.442100
vt 0.650000 8.442100
vt 0.600000 8.192100
vt 0.650000 8.442100
vt 0.650000 8.192100
vt 0.650000 8.192100
vt 0.650000 8.442100
vt 0.700000 8.442100
vt 0.650000 8.192100
vt 0.700000 8.442100
vt 0.700000 8.192100
vt 0.700000 8.192100
vt 0.700000 8.442100
vt 0.750000 8.442100
vt 0.700000 8.192100
vt 0.750000 8.442100
vt 0.750000 8.192100
vt 0.750000 8.192100
vt 0.750000 8.442100
vt 0.800000 8.442100
vt 0.750000 8.192100
vt 0.800000 8.442100
vt 0.800000 8.192100
vt 0.800000 8.192100
vt 0.800000 8.442100
vt 0.850000 8.442100
vt 0.800000 8.192100
vt 0.850000 8.442100
vt 0.850000 8.192100
vt 0.850000 8.192100
vt 0.850000 8.442100
vt 0.900000 8.442100
vt 0.850000 8.192100
vt 0.900000 8.442100
vt 0.900000 8.192100
vt 0.900000 8.192100
vt 0.900000 8.442100
vt 0.950000 8.442100
vt 0.900000 8.192100
vt 0.950000 8.442100
vt 0.950000 8.192100
vt 0.950000 8.192100
vt 0.950000 8.442100
vt 0.000000 8.442100
vt 0.950000 8.192100
vt 0.000000 8.442100
vt 0.000000 8.192100
vt 0.000000 8.442100
vt 0.000000 8.608925
vt 0.050000 8.608925
vt 0.000000 8.442100
vt 0.050000 8.608925
vt 0.050000 8.442100
vt 0.050000 8.442100
vt 0.050000 8.608925
vt 0.100000 8.608925
vt 0.050000 8.442100
vt 0.100000 8.608925
vt 0.100000 8.442100
vt 0.100000 8.442100
vt 0.100000 8.608925
vt 0.150000 8.608925
vt 0.100000 8.442100
vt 0.150000 8.608925
vt 0.150000 8.442100
vt 0.150000 8.442100
vt 0.150000 8.608925
vt 0.200000 8.608925
vt 0.150000 8.442100
vt 0.200000 8.608925
vt 0.200000 8.442100
vt 0.200000 8.442100
vt 0.200000 8.608925
vt 0.250000 8.608925
vt 0.200000 8.442100
vt 0.250000 8.608925
vt 0.250000 8.442100
vt 0.250000 8.442100
vt 0.250000 8.608925
vt 0.300000 8.608925
vt 0.250000 8.442100
vt 0.300000 8.608925
vt 0.300000 8.442100
vt 0.300000 8.442100
vt 0.300000 8.608925
vt 0.350000 8.608925
vt 0.300000 8.442100
vt 0.350000 8.608925
vt 0.350000 8.442100
vt 0.350000 8.442100
vt 0.350000 8.608925
vt 0.400000 8.608925
vt 0.350000 8.442100
vt 0.400000 8.608925
vt 0.400000 8.442100
vt 0.400000 8.442100
vt 0.400000 8.608925
vt 0.450000 8.608925
vt 0.400000 8.442100
vt 0.450000 8.608925
vt 0.450000 8.442100
vt 0.450000 8.442100
vt 0.450000 8.608925
vt 0.500000 8.608925
vt 0.450000 8.442100
vt 0.500000 8.608925
vt 0.500000 8.442100
vt 0.500000 8.442100
vt 0.500000 8.608925
vt 0.550000 8.608925
vt 0.500000 8.442100
vt 0.550000 8.608925
vt 0.550000 8.442100
vt 0.550000 8.442100
vt 0.550000 8.608925
vt 0.600000 8.608925
vt 0.550000 8.442100
vt 0.600000 8.608925
vt 0.600000 8.442100
vt 0.600000 8.442100
vt 0.600000 8.608925
vt 0.650000 8.608925
vt 0.600000 8.442100
vt 0.650000 8.608925
vt 0.650000 8.442100
vt 0.650000 8.442100
vt 0.650000 8.608925
vt 0.700000 8.608925
vt 0.650000 8.442100
vt 0.700000 8.608925
vt 0.700000 8.442100
vt 0.700000 8.442100
vt 0.700000 8.608925
vt 0.750000 8.608925
vt 0.700000 8.442100
vt 0.750000 8.608925
vt 0.750000 8.442100
vt 0.750000 8.442100
vt 0.750000 8.608925
vt 0.800000 8.608925
vt 0.750000 8.442100
vt 0.800000 8.608925
vt 0.800000 8.442100
vt 0.800000 8.442100
vt 0.800000 8.608925
vt 0.850000 8.608925
vt 0.800000 8.442100
vt 0.850000 8.608925
vt 0.850000 8.442100
vt 0.850000 8.442100
vt 0.850000 8.608925
vt 0.900000 8.608925
vt 0.850000 8.442100
vt 0.900000 8.608925
vt 0.900000 8.442100
vt 0.900000 8.442100
vt 0.900000 8.608925
vt 0.950000 8.608925
vt 0.900000 8.442100
vt 0.950000 8.608925
vt 0.950000 8.442100
vt 0.950000 8.442100
vt 0.950000 8.608925
vt 0.000000 8.608925
vt 0.950000 8.442100
vt 0.000000 8.608925
vt 0.000000 8.442100
vt 0.000000 8.608925
vt 0.000000 8.860547
vt 0.050000 8.860547
vt 0.000000 8.608925
vt 0.050000 8.860547
vt 0.050000 8.608925
vt 0.050000 8.608925
vt 0.050000 8.860547
vt 0.100000 8.860547
vt 0.050000 8.608925
vt 0.100000 8.860547
vt 0.100000 8.608925
vt 0.100000 8.608925
vt 0.100000 8.860547
vt 0.150000 8.860547
vt 0.100000 8.608925
vt 0.150000 8.860547
vt 0.150000 8.608925
vt 0.150000 8.608925
vt 0.150000 8.860547
vt 0.200000 8.860547
vt 0.150000 8.608925
vt 0.200000 8.860547
vt 0.200000 8.608925
vt 0.200000 8.608925
vt 0.200000 8.860547
vt 0.250000 8.860547
vt 0.200000 8.608925
vt 0.250000 8.860547
vt 0.250000 8.608925
vt 0.250000 8.608925
vt 0.250000 8.860547
vt 0.300000 8.860547
vt 0.250000 8.608925
vt 0.300000 8.860547
vt 0.300000 8.608925
vt 0.300000 8.608925
vt 0.300000 8.860547
vt 0.350000 8.860547
vt 0.300000 8.608925
vt 0.350000 8.860547
vt 0.350000 8.608925
vt 0.350000 8.608925
vt 0.350000 8.860547
vt 0.400000 8.860547
vt 0.350000 8.608925
vt 0.400000 8.860547
vt 0.400000 8.608925
vt 0.400000 8.608925
vt 0.400000 8.860547
vt 0.450000 8.860547
vt 0.400000 8.608925
vt 0.450000 8.860547
vt 0.450000 8.608925
vt 0.450000 8.608925
vt 0.450000 8.860547
vt 0.500000 8.860547
vt 0.450000 8.608925
vt 0.500000 8.860547
vt 0.500000 8.608925
vt 0.500000 8.608925
vt 0.500000 8.860547
vt 0.550000 8.860547
vt 0.500000 8.608925
vt 0.550000 8.860547
vt 0.550000 8.608925
vt 0.550000 8.608925
vt 0.550000 8.860547
vt 0.600000 8.860547
vt 0.550000 8.608925
vt 0.600000 8.860547
vt 0.600000 8.608925
vt 0.600000 8.608925
vt 0.600000 8.860547
vt 0.650000 8.860547
vt 0.600000 8.608925
vt 0.650000 8.860547
vt 0.650000 8.608925
vt 0.650000 8.608925
vt 0.650000 8.860547
vt 0.700000 8.860547
vt 0.650000 8.608925
vt 0.700000 8.860547
vt 0.700000 8.608925
vt 0.700000 8.608925
vt 0.700000 8.860547
vt 0.750000 8.860547
vt 0.700000 8.608925
vt 0.750000 8.860547
vt 0.750000 8.608925
vt 0.750000 8.608925
vt 0.750000 8.860547
vt 0.800000 8.860547
vt 0.750000 8.608925
vt 0.800000 8.860547
vt 0.800000 8.608925
vt 0.800000 8.608925
vt 0.800000 8.860547
vt 0.850000 8.860547
vt 0.800000 8.608925
vt 0.850000 8.860547
vt 0.850000 8.608925
vt 0.850000 8.608925
vt 0.850000 8.860547
vt 0.900000 8.860547
vt 0.850000 8.608925
vt 0.900000 8.860547
vt 0.900000 8.608925
vt 0.900000 8.608925
vt 0.900000 8.860547
vt 0.950000 8.860547
vt 0.900000 8.608925
vt 0.950000 8.860547
vt 0.950000 8.608925
vt 0.950000 8.608925
vt 0.950000 8.860547
vt 0.000000 8.860547
vt 0.950000 8.608925
vt 0.000000 8.860547
vt 0.000000 8.608925
vt 0.000000 8.860547
vt 0.000000 9.112775
vt 0.050000 9.112775
vt 0.000000 8.860547
vt 0.050000 9.112775
vt 0.050000 8.860547
vt 0.050000 8.860547
vt 0.050000 9.112775
vt 0.100000 9.112775
vt 0.050000 8.860547
vt 0.100000 9.112775
vt 0.100000 8.860547
vt 0.100000 8.860547
vt 0.100000 9.112775
vt 0.150000 9.112775
vt 0.100000 8.860547
vt 0.150000 9.112775
vt 0.150000 8.860547
vt 0.150000 8.860547
vt 0.150000 9.112775
vt 0.200000 9.112775
vt 0.150000 8.860547
vt 0.200000 9.112775
vt 0.200000 8.860547
vt 0.200000 8.860547
vt 0.200000 9.112775
vt 0.250000 9.112775
vt 0.200000 8.860547
vt 0.250000 9.112775
vt 0.250000 8.860547
vt 0.250000 8.860547
vt 0.250000 9.112775
vt 0.300000 9.112775
vt 0.250000 8.860547
vt 0.300000 9.112775
vt 0.300000 8.860547
vt 0.300000 8.860547
vt 0.300000 9.112775
vt 0.350000 9.112775
vt 0.300000 8.860547
vt 0.350000 9.112775
vt 0.350000 8.860547
vt 0.350000 8.860547
vt 0.350000 9.112775
vt 0.400000 9.112775
vt 0.350000 8.860547
vt 0.400000 9.112775
vt 0.400000 8.860547
vt 0.400000 8.860547
vt 0.400000 9.112775
vt 0.450000 9.112775
vt 0.400000 8.860547
vt 0.450000 9.112775
vt 0.450000 8.860547
vt 0.450000 8.860547
vt 0.450000 9.112775
vt 0.500000 9.112775
vt 0.450000 8.860547
vt 0.500000 9.112775
vt 0.500000 8.860547
vt 0.500000 8.860547
vt 0.500000 9.112775
vt 0.550000 9.112775
vt 0.500000 8.860547
vt 0.550000 9.112775
vt 0.550000 8.860547
vt 0.550000 8.860547
vt 0.550000 9.112775
vt 0.600000 9.112775
vt 0.550000 8.860547
vt 0.600000 9.112775
vt 0.600000 8.860547
vt 0.600000 8.860547
vt 0.600000 9.112775
vt 0.650000 9.112775
vt 0.600000 8.860547
vt 0.650000 9.112775
vt 0.650000 8.860547
vt 0.650000 8.860547
vt 0.650000 9.112775
vt 0.700000 9.112775
vt 0.650000 8.860547
vt 0.700000 9.112775
vt 0.700000 8.860547
vt 0.700000 8.860547
vt 0.700000 9.112775
vt 0.750000 9.112775
vt 0.700000 8.860547
vt 0.750000 9.112775
vt 0.750000 8.860547
vt 0.750000 8.860547
vt 0.750000 9.112775
vt 0.800000 9.112775
vt 0.750000 8.860547
vt 0.800000 9.112775
vt 0.800000 8.860547
vt 0.800000 8.860547
vt 0.800000 9.112775
vt 0.850000 9.112775
vt 0.800000 8.860547
vt 0.850000 9.112775
vt 0.850000 8.860547
vt 0.850000 8.860547
vt 0.850000 9.112775
vt 0.900000 9.112775
vt 0.850000 8.860547
vt 0.900000 9.112775
vt 0.900000 8.860547
vt 0.900000 8.860547
vt 0.900000 9.112775
vt 0.950000 9.112775
vt 0.900000 8.860547
vt 0.950000 9.112775
vt 0.950000 8.860547
vt 0.950000 8.860547
vt 0.950000 9.112775
vt 0.000000 9.112775
vt 0.950000 8.860547
vt 0.000000 9.112775
vt 0.000000 8.860547
vt 0.000000 9.112775
vt 0.000000 9.408397
vt 0.050000 9.408397
vt 0.000000 9.112775
vt 0.050000 9.408397
vt 0.050000 9.112775
vt 0.050000 9.112775
vt 0.050000 9.408397
vt 0.100000 9.408397
vt 0.050000 9.112775
vt 0.100000 9.408397
vt 0.100000 9.112775
vt 0.100000 9.112775
vt 0.100000 9.408397
vt 0.150000 9.408397
vt 0.100000 9.112775
vt 0.150000 9.408397
vt 0.150000 9.112775
vt 0.150000 9.112775
vt 0.150000 9.408397
vt 0.200000 9.408397
vt 0.150000 9.112775
vt 0.200000 9.408397
vt 0.200000 9.112775
vt 0.200000 9.112775
vt 0.200000 9.408397
vt 0.250000 9.408397
vt 0.200000 9.112775
vt 0.250000 9.408397
vt 0.250000 9.112775
vt 0.250000 9.112775
vt 0.250000 9.408397
vt 0.300000 9.408397
vt 0.250000 9.112775
vt 0.300000 9.408397
vt 0.300000 9.112775
vt 0.300000 9.112775
vt 0.300000 9.408397
vt 0.350000 9.408397
vt 0.300000 9.112775
vt 0.350000 9.408397
vt 0.350000 9.112775
vt 0.350000 9.112775
vt 0.350000 9.408397
vt 0.400000 9.408397
vt 0.350000 9.112775
vt 0.400000 9.408397
vt 0.400000 9.112775
vt 0.400000 9.112775
vt 0.400000 9.408397
vt 0.450000 9.408397
vt 0.400000 9.112775
vt 0.450000 9.408397
vt 0.450000 9.112775
vt 0.450000 9.112775
vt 0.450000 9.408397
vt 0.500000 9.408397
vt 0.450000 9.112775
vt 0.500000 9.408397
vt 0.500000 9.112775
vt 0.500000 9.112775
vt 0.500000 9.408397
vt 0.550000 9.408397
vt 0.500000 9.112775
vt 0.550000 9.408397
vt 0.550000 9.112775
vt 0.550000 9.112775
vt 0.550000 9.408397
vt 0.600000 9.408397
vt 0.550000 9.112775
vt 0.600000 9.408397
vt 0.600000 9.112775
vt 0.600000 9.112775
vt 0.600000 9.408397
vt 0.650000 9.408397
vt 0.600000 9.112775
vt 0.650000 9.408397
vt 0.650000 9.112775
vt 0.650000 9.112775
vt 0.650000 9.408397
vt 0.700000 9.408397
vt 0.650000 9.112775
vt 0.700000 9.408397
vt 0.700000 9.112775
vt 0.700000 9.112775
vt 0.700000 9.408397
vt 0.750000 9.408397
vt 0.700000 9.112775
vt 0.750000 9.408397
vt 0.750000 9.112775
vt 0.750000 9.112775
vt 0.750000 9.408397
vt 0.800000 9.408397
vt 0.750000 9.112775
vt 0.800000 9.408397
vt 0.800000 9.112775
vt 0.800000 9.112775
vt 0.800000 9.408397
vt 0.850000 9.408397
vt 0.800000 9.112775
vt 0.850000 9.408397
vt 0.850000 9.112775
vt 0.850000 9.112775
vt 0.850000 9.408397
vt 0.900000 9.408397
vt 0.850000 9.112775
vt 0.900000 9.408397
vt 0.900000 9.112775
vt 0.900000 9.112775
vt 0.900000 9.408397
vt 0.950000 9.408397
vt 0.900000 9.112775
vt 0.950000 9.408397
vt 0.950000 9.112775
vt 0.950000 9.112775
vt 0.950000 9.408397
vt 0.000000 9.408397
vt 0.950000 9.112775
vt 0.000000 9.408397
vt 0.000000 9.112775
vt 0.000000 9.408397
vt 0.000000 9.597385
vt 0.050000 9.597385
vt 0.000000 9.408397
vt 0.050000 9.597385
vt 0.050000 9.408397
vt 0.050000 9.408397
vt 0.050000 9.597385
vt 0.100000 9.597385
vt 0.050000 9.408397
vt 0.100000 9.597385
vt 0.100000 9.408397
vt 0.100000 9.408397
vt 0.100000 9.597385
vt 0.150000 9.597385
vt 0.100000 9.408397
vt 0.150000 9.597385
vt 0.150000 9.408397
vt 0.150000 9.408397
vt 0.150000 9.597385
vt 0.200000 9.597385
vt 0.150000 9.408397
vt 0.200000 9.597385
vt 0.200000 9.408397
vt 0.200000 9.408397
vt 0.200000 9.597385
vt 0.250000 9.597385
vt 0.200000 9.408397
vt 0.250000 9.597385
vt 0.250000 9.408397
vt 0.250000 9.408397
vt 0.250000 9.597385
vt 0.300000 9.597385
vt 0.250000 9.408397
vt 0.300000 9.597385
vt 0.300000 9.408397
vt 0.300000 9.408397
vt 0.300000 9.597385
vt 0.350000 9.597385
vt 0.300000 9.408397
vt 0.350000 9.597385
vt 0.350000 9.408397
vt 0.350000 9.408397
vt 0.350000 9.597385
vt 0.400000 9.597385
vt 0.350000 9.408397
vt 0.400000 9.597385
vt 0.400000 9.408397
vt 0.400000 9.408397
vt 0.400000 9.597385
vt 0.450000 9.597385
vt 0.400000 9.408397
vt 0.450000 9.597385
vt 0.450000 9.408397
vt 0.450000 9.408397
vt 0.450000 9.597385
vt 0.500000 9.597385
vt 0.450000 9.408397
vt 0.500000 9.597385
vt 0.500000 9.408397
vt 0.500000 9.408397
vt 0.500000 9.597385
vt 0.550000 9.597385
vt 0.500000 9.408397
vt 0.550000 9.597385
vt 0.550000 9.408397
vt 0.550000 9.408397
vt 0.550000 9.597385
vt 0.600000 9.597385
vt 0.550000 9.408397
vt 0.600000 9.597385
vt 0.600000 9.408397
vt 0.600000 9.408397
vt 0.600000 9.597385
vt 0.650000 9.597385
vt 0.600000 9.408397
vt 0.650000 9.597385
vt 0.650000 9.408397
vt 0.650000 9.408397
vt 0.650000 9.597385
vt 0.700000 9.597385
vt 0.650000 9.408397
vt 0.700000 9.597385
vt 0.700000 9.408397
vt 0.700000 9.408397
vt 0.700000 9.597385
vt 0.750000 9.597385
vt 0.700000 9.408397
vt 0.750000 9.597385
vt 0.750000 9.408397
vt 0.750000 9.408397
vt 0.750000 9.597385
vt 0.800000 9.597385
vt 0.750000 9.408397
vt 0.800000 9.597385
vt 0.800000 9.408397
vt 0.800000 9.408397
vt 0.800000 9.597385
vt 0.850000 9.597385
vt 0.800000 9.408397
vt 0.850000 9.597385
vt 0.850000 9.408397
vt 0.850000 9.408397
vt 0.850000 9.597385
vt 0.900000 9.597385
vt 0.850000 9.408397
vt 0.900000 9.597385
vt 0.900000 9.408397
vt 0.900000 9.408397
vt 0.900000 9.597385
vt 0.950000 9.597385
vt 0.900000 9.408397
vt 0.950000 9.597385
vt 0.950000 9.408397
vt 0.950000 9.408397
vt 0.950000 9.597385
vt 0.000000 9.597385
vt 0.950000 9.408397
vt 0.000000 9.597385
vt 0.000000 9.408397
vt 0.000000 9.597385
vt 0.000000 9.786044
vt 0.050000 9.786044
vt 0.000000 9.597385
vt 0.050000 9.786044
vt 0.050000 9.597385
vt 0.050000 9.597385
vt 0.050000 9.786044
vt 0.100000 9.786044
vt 0.050000 9.597385
vt 0.100000 9.786044
vt 0.100000 9.597385
vt 0.100000 9.597385
vt 0.100000 9.786044
vt 0.150000 9.786044
vt 0.100000 9.597385
vt 0.150000 9.786044
vt 0.150000 9.597385
vt 0.150000 9.597385
vt 0.150000 9.786044
vt 0.200000 9.786044
vt 0.150000 9.597385
vt 0.200000 9.786044
vt 0.200000 9.597385
vt 0.200000 9.597385
vt 0.200000 9.786044
vt 0.250000 9.786044
vt 0.200000 9.597385
vt 0.250000 9.786044
vt 0.250000 9.597385
vt 0.250000 9.597385
vt 0.250000 9.786044
vt 0.300000 9.786044
vt 0.250000 9.597385
vt 0.300000 9.786044
vt 0.300000 9.597385
vt 0.300000 9.597385
vt 0.300000 9.786044
vt 0.350000 9.786044
vt 0.300000 9.597385
vt 0.350000 9.786044
vt 0.350000 9.597385
vt 0.350000 9.597385
vt 0.350000 9.786044
vt 0.400000 9.786044
vt 0.350000 9.597385
vt 0.400000 9.786044
vt 0.400000 9.597385
vt 0.400000 9.597385
vt 0.400000 9.786044
vt 0.450000 9.786044
vt 0.400000 9.597385
vt 0.450000 9.786044
vt 0.450000 9.597385
vt 0.450000 9.597385
vt 0.450000 9.786044
vt 0.500000 9.786044
vt 0.450000 9.597385
vt 0.500000 9.786044
vt 0.500000 9.597385
vt 0.500000 9.597385
vt 0.500000 9.786044
vt 0.550000 9.786044
vt 0.500000 9.597385
vt 0.550000 9.786044
vt 0.550000 9.597385
vt 0.550000 9.597385
vt 0.550000 9.786044
vt 0.600000 9.786044
vt 0.550000 9.597385
vt 0.600000 9.786044
vt 0.600000 9.597385
vt 0.600000 9.597385
vt 0.600000 9.786044
vt 0.650000 9.786044
vt 0.600000 9.597385
vt 0.650000 9.786044
vt 0.650000 9.597385
vt 0.650000 9.597385
vt 0.650000 9.786044
vt 0.700000 9.786044
vt 0.650000 9.597385
vt 0.700000 9.786044
vt 0.700000 9.597385
vt 0.700000 9.597385
vt 0.700000 9.786044
vt 0.750000 9.786044
vt 0.700000 9.597385
vt 0.750000 9.786044
vt 0.750000 9.597385
vt 0.750000 9.597385
vt 0.750000 9.786044
vt 0.800000 9.786044
vt 0.750000 9.597385
vt 0.800000 9.786044
vt 0.800000 9.597385
vt 0.800000 9.597385
vt 0.800000 9.786044
vt 0.850000 9.786044
vt 0.800000 9.597385
vt 0.850000 9.786044
vt 0.850000 9.597385
vt 0.850000 9.597385
vt 0.850000 9.786044
vt 0.900000 9.786044
vt 0.850000 9.597385
vt 0.900000 9.786044
vt 0.900000 9.597385
vt 0.900000 9.597385
vt 0.900000 9.786044
vt 0.950000 9.786044
vt 0.900000 9.597385
vt 0.950000 9.786044
vt 0.950000 9.597385
vt 0.950000 9.597385
vt 0.950000 9.786044
vt 0.000000 9.786044
vt 0.950000 9.597385
vt 0.000000 9.786044
vt 0.000000 9.597385
vt 0.000000 9.786044
vt 0.000000 9.974583
vt 0.050000 9.974583
vt 0.000000 9.786044
vt 0.050000 9.974583
vt 0.050000 9.786044
vt 0.050000 9.786044
vt 0.050000 9.974583
vt 0.100000 9.974583
vt 0.050000 9.786044
vt 0.100000 9.974583
vt 0.100000 9.786044
vt 0.100000 9.786044
vt 0.100000 9.974583
vt 0.150000 9.974583
vt 0.100000 9.786044
vt 0.150000 9.974583
vt 0.150000 9.786044
vt 0.150000 9.786044
vt 0.150000 9.974583
vt 0.200000 9.974583
vt 0.150000 9.786044
vt 0.200000 9.974583
vt 0.200000 9.786044
vt 0.200000 9.786044
vt 0.200000 9.974583
vt 0.250000 9.974583
vt 0.200000 9.786044
vt 0.250000 9.974583
vt 0.250000 9.786044
vt 0.250000 9.786044
vt 0.250000 9.974583
vt 0.300000 9.974583
vt 0.250000 9.786044
vt 0.300000 9.974583
vt 0.300000 9.786044
vt 0.300000 9.786044
vt 0.300000 9.974583
vt 0.350000 9.974583
vt 0.300000 9.786044
vt 0.350000 9.974583
vt 0.350000 9.786044
vt 0.350000 9.786044
vt 0.350000 9.974583
vt 0.400000 9.974583
vt 0.350000 9.786044
vt 0.400000 9.974583
vt 0.400000 9.786044
vt 0.400000 9.786044
vt 0.400000 9.974583
vt 0.450000 9.974583
vt 0.400000 9.786044
vt 0.450000 9.974583
vt 0.450000 9.786044
vt 0.450000 9.786044
vt 0.450000 9.974583
vt 0.500000 9.974583
vt 0.450000 9.786044
vt 0.500000 9.974583
vt 0.500000 9.786044
vt 0.500000 9.786044
vt 0.500000 9.974583
vt 0.550000 9.974583
vt 0.500000 9.786044
vt 0.550000 9.974583
vt 0.550000 9.786044
vt 0.550000 9.786044
vt 0.550000 9.974583
vt 0.600000 9.974583
vt 0.550000 9.786044
vt 0.600000 9.974583
vt 0.600000 9.786044
vt 0.600000 9.786044
vt 0.600000 9.974583
vt 0.650000 9.974583
vt 0.600000 9.786044
vt 0.650000 9.974583
vt 0.650000 9.786044
vt 0.650000 9.786044
vt 0.650000 9.974583
vt 0.700000 9.974583
vt 0.650000 9.786044
vt 0.700000 9.974583
vt 0.700000 9.786044
vt 0.700000 9.786044
vt 0.700000 9.974583
vt 0.750000 9.974583
vt 0.700000 9.786044
vt 0.750000 9.974583
vt 0.750000 9.786044
vt 0.750000 9.786044
vt 0.750000 9.974583
vt 0.800000 9.974583
vt 0.750000 9.786044
vt 0.800000 9.974583
vt 0.800000 9.786044
vt 0.800000 9.786044
vt 0.800000 9.974583
vt 0.850000 9.974583
vt 0.800000 9.786044
vt 0.850000 9.974583
vt 0.850000 9.786044
vt 0.850000 9.786044
vt 0.850000 9.974583
vt 0.900000 9.974583
vt 0.850000 9.786044
vt 0.900000 9.974583
vt 0.900000 9.786044
vt 0.900000 9.786044
vt 0.900000 9.974583
vt 0.950000 9.974583
vt 0.900000 9.786044
vt 0.950000 9.974583
vt 0.950000 9.786044
vt 0.950000 9.786044
vt 0.950000 9.974583
vt 0.000000 9.974583
vt 0.950000 9.786044
vt 0.000000 9.974583
vt 0.000000 9.786044
vt 0.000000 9.974583
vt 0.000000 10.224921
vt 0.050000 10.224921
vt 0.000000 9.974583
vt 0.050000 10.224921
vt 0.050000 9.974583
vt 0.050000 9.974583
vt 0.050000 10.224921
vt 0.100000 10.224921
vt 0.050000 9.974583
vt 0.100000 10.224921
vt 0.100000 9.974583
vt 0.100000 9.974583
vt 0.100000 10.224921
vt 0.150000 10.224921
vt 0.100000 9.974583
vt 0.150000 10.224921
vt 0.150000 9.974583
vt 0.150000 9.974583
vt 0.150000 10.224921
vt 0.200000 10.224921
vt 0.150000 9.974583
vt 0.200000 10.224921
vt 0.200000 9.974583
vt 0.200000 9.974583
vt 0.200000 10.224921
vt 0.250000 10.224921
vt 0.200000 9.974583
vt 0.250000 10.224921
vt 0.250000 9.974583
vt 0.250000 9.974583
vt 0.250000 10.224921
vt 0.300000 10.224921
vt 0.250000 9.974583
vt 0.300000 10.224921
vt 0.300000 9.974583
vt 0.300000 9.974583
vt 0.300000 10.224921
vt 0.350000 10.224921
vt 0.300000 9.974583
vt 0.350000 10.224921
vt 0.350000 9.974583
vt 0.350000 9.974583
vt 0.350000 10.224921
vt 0.400000 10.224921
vt 0.350000 9.974583
vt 0.400000 10.224921
vt 0.400000 9.974583
vt 0.400000 9.974583
vt 0.400000 10.224921
vt 0.450000 10.224921
vt 0.400000 9.974583
vt 0.450000 10.224921
vt 0.450000 9.974583
vt 0.450000 9.974583
vt 0.450000 10.224921
vt 0.500000 10.224921
vt 0.450000 9.974583
vt 0.500000 10.224921
vt 0.500000 9.974583
vt 0.500000 9.974583
vt 0.500000 10.224921
vt 0.550000 10.224921
vt 0.500000 9.974583
vt 0.550000 10.224921
vt 0.550000 9.974583
vt 0.550000 9.974583
vt 0.550000 10.224921
vt 0.600000 10.224921
vt 0.550000 9.974583
vt 0.600000 10.224921
vt 0.600000 9.974583
vt 0.600000 9.974583
vt 0.600000 10.224921
vt 0.650000 10.224921
vt 0.600000 9.974583
vt 0.650000 10.224921
vt 0.650000 9.974583
vt 0.650000 9.974583
vt 0.650000 10.224921
vt 0.700000 10.224921
vt 0.650000 9.974583
vt 0.700000 10.224921
vt 0.700000 9.974583
vt 0.700000 9.974583
vt 0.700000 10.224921
vt 0.750000 10.224921
vt 0.700000 9.974583
vt 0.750000 10.224921
vt 0.750000 9.974583
vt 0.750000 9.974583
vt 0.750000 10.224921
vt 0.800000 10.224921
vt 0.750000 9.974583
vt 0.800000 10.224921
vt 0.800000 9.974583
vt 0.800000 9.974583
vt 0.800000 10.224921
vt 0.850000 10.224921
vt 0.800000 9.974583
vt 0.850000 10.224921
vt 0.850000 9.974583
vt 0.850000 9.974583
vt 0.850000 10.224921
vt 0.900000 10.224921
vt 0.850000 9.974583
vt 0.900000 10.224921
vt 0.900000 9.974583
vt 0.900000 9.974583
vt 0.900000 10.224921
vt 0.950000 10.224921
vt 0.900000 9.974583
vt 0.950000 10.224921
vt 0.950000 9.974583
vt 0.950000 9.974583
vt 0.950000 10.224921
vt 0.000000 10.224921
vt 0.950000 9.974583
vt 0.000000 10.224921
vt 0.000000 9.974583
vt 0.000000 10.224921
vt 0.000000 10.497455
vt 0.050000 10.497455
vt 0.000000 10.224921
vt 0.050000 10.497455
vt 0.050000 10.224921
vt 0.050000 10.224921
vt 0.050000 10.497455
vt 0.100000 10.497455
vt 0.050000 10.224921
vt 0.100000 10.497455
vt 0.100000 10.224921
vt 0.100000 10.224921
vt 0.100000 10.497455
vt 0.150000 10.497455
vt 0.100000 10.224921
vt 0.150000 10.497455
vt 0.150000 10.224921
vt 0.150000 10.224921
vt 0.150000 10.497455
vt 0.200000 10.497455
vt 0.150000 10.224921
vt 0.200000 10.497455
vt 0.200000 10.224921
vt 0.200000 10.224921
vt 0.200000 10.497455
vt 0.250000 10.497455
vt 0.200000 10.224921
vt 0.250000 10.497455
vt 0.250000 10.224921
vt 0.250000 10.224921
vt 0.250000 10.497455
vt 0.300000 10.497455
vt 0.250000 10.224921
vt 0.300000 10.497455
vt 0.300000 10.224921
vt 0.300000 10.224921
vt 0.300000 10.497455
vt 0.350000 10.497455
vt 0.300000 10.224921
vt 0.350000 10.497455
vt 0.350000 10.224921
vt 0.350000 10.224921
vt 0.350000 10.497455
vt 0.400000 10.497455
vt 0.350000 10.224921
vt 0.400000 10.497455
vt 0.400000 10.224921
vt 0.400000 10.224921
vt 0.400000 10.497455
vt 0.450000 10.497455
vt 0.400000 10.224921
vt 0.450000 10.497455
vt 0.450000 10.224921
vt 0.450000 10.224921
vt 0.450000 10.497455
vt 0.500000 10.497455
vt 0.450000 10.224921
vt 0.500000 10.497455
vt 0.500000 10.224921
vt 0.500000 10.224921
vt 0.500000 10.497455
vt 0.550000 10.497455
vt 0.500000 10.224921
vt 0.550000 10.497455
vt 0.550000 10.224921
vt 0.550000 10.224921
vt 0.550000 10.497455
vt 0.600000 10.497455
vt 0.550000 10.224921
vt 0.600000 10.497455
vt 0.600000 10.224921
vt 0.600000 10.224921
vt 0.600000 10.497455
vt 0.650000 10.497455
vt 0.600000 10.224921
vt 0.650000 10.497455
vt 0.650000 10.224921
vt 0.650000 10.224921
vt 0.650000 10.497455
vt 0.700000 10.497455
vt 0.650000 10.224921
vt 0.700000 10.497455
vt 0.700000 10.224921
vt 0.700000 10.224921
vt 0.700000 10.497455
vt 0.750000 10.497455
vt 0.700000 10.224921
vt 0.750000 10.497455
vt 0.750000 10.224921
vt 0.750000 10.224921
vt 0.750000 10.497455
vt 0.800000 10.497455
vt 0.750000 10.224921
vt 0.800000 10.497455
vt 0.800000 10.224921
vt 0.800000 10.224921
vt 0.800000 10.497455
vt 0.850000 10.497455
vt 0.800000 10.224921
vt 0.850000 10.497455
vt 0.850000 10.224921
vt 0.850000 10.224921
vt 0.850000 10.497455
vt 0.900000 10.497455
vt 0.850000 10.224921
vt 0.900000 10.497455
vt 0.900000 10.224921
vt 0.900000 10.224921
vt 0.900000 10.497455
vt 0.950000 10.497455
vt 0.900000 10.224921
vt 0.950000 10.497455
vt 0.950000 10.224921
vt 0.950000 10.224921
vt 0.950000 10.497455
vt 0.000000 10.497455
vt 0.950000 10.224921
vt 0.000000 10.497455
vt 0.000000 10.224921
vt 0.000000 10.497455
vt 0.000000 10.769735
vt 0.050000 10.769735
vt 0.000000 10.497455
vt 0.050000 10.769735
vt 0.050000 10.497455
vt 0.050000 10.497455
vt 0.050000 10.769735
vt 0.100000 10.769735
vt 0.050000 10.497455
vt 0.100000 10.769735
vt 0.100000 10.497455
vt 0.100000 10.497455
vt 0.100000 10.769735
vt 0.150000 10.769735
vt 0.100000 10.497455
vt 0.150000 10.769735
vt 0.150000 10.497455
vt 0.150000 10.497455
vt 0.150000 10.769735
vt 0.200000 10.769735
vt 0.150000 10.497455
vt 0.200000 10.769735
vt 0.200000 10.497455
vt 0.200000 10.497455
vt 0.200000 10.769735
vt 0.250000 10.769735
vt 0.200000 10.497455
vt 0.250000 10.769735
vt 0.250000 10.497455
vt 0.250000 10.497455
vt 0.250000 10.769735
vt 0.300000 10.769735
vt 0.250000 10.497455
vt 0.300000 10.769735
vt 0.300000 10.497455
vt 0.300000 10.497455
vt 0.300000 10.769735
vt 0.350000 10.769735
vt 0.300000 10.497455
vt 0.350000 10.769735
vt 0.350000 10.497455
vt 0.350000 10.497455
vt 0.350000 10.769735
vt 0.400000 10.769735
vt 0.350000 10.497455
vt 0.400000 10.769735
vt 0.400000 10.497455
vt 0.400000 10.497455
vt 0.400000 10.769735
vt 0.450000 10.769735
vt 0.400000 10.497455
vt 0.450000 10.769735
vt 0.450000 10.497455
vt 0.450000 10.497455
vt 0.450000 10.769735
vt 0.500000 10.769735
vt 0.450000 10.497455
vt 0.500000 10.769735
vt 0.500000 10.497455
vt 0.500000 10.497455
vt 0.500000 10.769735
vt 0.550000 10.769735
vt 0.500000 10.497455
vt 0.550000 10.769735
vt 0.550000 10.497455
vt 0.550000 10.497455
vt 0.550000 10.769735
vt 0.600000 10.769735
vt 0.550000 10.497455
vt 0.600000 10.769735
vt 0.600000 10.497455
vt 0.600000 10.497455
vt 0.600000 10.769735
vt 0.650000 10.769735
vt 0.600000 10.497455
vt 0.650000 10.769735
vt 0.650000 10.497455
vt 0.650000 10.497455
vt 0.650000 10.769735
vt 0.700000 10.769735
vt 0.650000 10.497455
vt 0.700000 10.769735
vt 0.700000 10.497455
vt 0.700000 10.497455
vt 0.700000 10.769735
vt 0.750000 10.769735
vt 0.700000 10.497455
vt 0.750000 10.769735
vt 0.750000 10.497455
vt 0.750000 10.497455
vt 0.750000 10.769735
vt 0.800000 10.769735
vt 0.750000 10.497455
vt 0.800000 10.769735
vt 0.800000 10.497455
vt 0.800000 10.497455
vt 0.800000 10.769735
vt 0.850000 10.769735
vt 0.800000 10.497455
vt 0.850000 10.769735
vt 0.850000 10.497455
vt 0.850000 10.497455
vt 0.850000 10.769735
vt 0.900000 10.769735
vt 0.850000 10.497455
vt 0.900000 10.769735
vt 0.900000 10.497455
vt 0.900000 10.497455
vt 0.900000 10.769735
vt 0.950000 10.769735
vt 0.900000 10.497455
vt 0.950000 10.769735
vt 0.950000 10.497455
vt 0.950000 10.497455
vt 0.950000 10.769735
vt 0.000000 10.769735
vt 0.950000 10.497455
vt 0.000000 10.769735
vt 0.000000 10.497455
vt 0.000000 10.769735
vt 0.000000 11.042318
vt 0.050000 11.042318
vt 0.000000 10.769735
vt 0.050000 11.042318
vt 0.050000 10.769735
vt 0.050000 10.769735
vt 0.050000 11.042318
vt 0.100000 11.042318
vt 0.050000 10.769735
vt 0.100000 11.042318
vt 0.100000 10.769735
vt 0.100000 10.769735
vt 0.100000 11.042318
vt 0.150000 11.042318
vt 0.100000 10.769735
vt 0.150000 11.042318
vt 0.150000 10.769735
vt 0.150000 10.769735
vt 0.150000 11.042318
vt 0.200000 11.042318
vt 0.150000 10.769735
vt 0.200000 11.042318
vt 0.200000 10.769735
vt 0.200000 10.769735
vt 0.200000 11.042318
vt 0.250000 11.042318
vt 0.200000 10.769735
vt 0.250000 11.042318
vt 0.250000 10.769735
vt 0.250000 10.769735
vt 0.250000 11.042318
vt 0.300000 11.042318
vt 0.250000 10.769735
vt 0.300000 11.042318
vt 0.300000 10.769735
vt 0.300000 10.769735
vt 0.300000 11.042318
vt 0.350000 11.042318
vt 0.300000 10.769735
vt 0.350000 11.042318
vt 0.350000 10.769735
vt 0.350000 10.769735
vt 0.350000 11.042318
vt 0.400000 11.042318
vt 0.350000 10.769735
vt 0.400000 11.042318
vt 0.400000 10.769735
vt 0.400000 10.769735
vt 0.400000 11.042318
vt 0.450000 11.042318
vt 0.400000 10.769735
vt 0.450000 11.042318
vt 0.450000 10.769735
vt 0.450000 10.769735
vt 0.450000 11.042318
vt 0.500000 11.042318
vt 0.450000 10.769735
vt 0.500000 11.042318
vt 0.500000 10.769735
vt 0.500000 10.769735
vt 0.500000 11.042318
vt 0.550000 11.042318
vt 0.500000 10.769735
vt 0.550000 11.042318
vt 0.550000 10.769735
vt 0.550000 10.769735
vt 0.550000 11.042318
vt 0.600000 11.042318
vt 0.550000 10.769735
vt 0.600000 11.042318
vt 0.600000 10.769735
vt 0.600000 10.769735
vt 0.600000 11.042318
vt 0.650000 11.042318
vt 0.600000 10.769735
vt 0.650000 11.042318
vt 0.650000 10.769735
vt 0.650000 10.769735
vt 0.650000 11.042318
vt 0.700000 11.042318
vt 0.650000 10.769735
vt 0.700000 11.042318
vt 0.700000 10.769735
vt 0.700000 10.769735
vt 0.700000 11.042318
vt 0.750000 11.042318
vt 0.700000 10.769735
vt 0.750000 11.042318
vt 0.750000 10.769735
vt 0.750000 10.769735
vt 0.750000 11.042318
vt 0.800000 11.042318
vt 0.750000 10.769735
vt 0.800000 11.042318
vt 0.800000 10.769735
vt 0.800000 10.769735
vt 0.800000 11.042318
vt 0.850000 11.042318
vt 0.800000 10.769735
vt 0.850000 11.042318
vt 0.850000 10.769735
vt 0.850000 10.769735
vt 0.850000 11.042318
vt 0.900000 11.042318
vt 0.850000 10.769735
vt 0.900000 11.042318
vt 0.900000 10.769735
vt 0.900000 10.769735
vt 0.900000 11.042318
vt 0.950000 11.042318
vt 0.900000 10.769735
vt 0.950000 11.042318
vt 0.950000 10.769735
vt 0.950000 10.769735
vt 0.950000 11.042318
vt 0.000000 11.042318
vt 0.950000 10.769735
vt 0.000000 11.042318
vt 0.000000 10.769735
vt 0.000000 11.042318
vt 0.000000 11.272316
vt 0.050000 11.272316
vt 0.000000 11.042318
vt 0.050000 11.272316
vt 0.050000 11.042318
vt 0.050000 11.042318
vt 0.050000 11.272316
vt 0.100000 11.272316
vt 0.050000 11.042318
vt 0.100000 11.272316
vt 0.100000 11.042318
vt 0.100000 11.042318
vt 0.100000 11.272316
vt 0.150000 11.272316
vt 0.100000 11.042318
vt 0.150000 11.272316
vt 0.150000 11.042318
vt 0.150000 11.042318
vt 0.150000 11.272316
vt 0.200000 11.272316
vt 0.150000 11.042318
vt 0.200000 11.272316
vt 0.200000 11.042318
vt 0.200000 11.042318
vt 0.200000 11.272316
vt 0.250000 11.272316
vt 0.200000 11.042318
vt 0.250000 11.272316
vt 0.250000 11.042318
vt 0.250000 11.042318
vt 0.250000 11.272316
vt 0.300000 11.272316
vt 0.250000 11.042318
vt 0.300000 11.272316
vt 0.300000 11.042318
vt 0.300000 11.042318
vt 0.300000 11.272316
vt 0.350000 11.272316
vt 0.300000 11.042318
vt 0.350000 11.272316
vt 0.350000 11.042318
vt 0.350000 11.042318
vt 0.350000 11.272316
vt 0.400000 11.272316
vt 0.350000 11.042318
vt 0.400000 11.272316
vt 0.400000 11.042318
vt 0.400000 11.042318
vt 0.400000 11.272316
vt 0.450000 11.272316
vt 0.400000 11.042318
vt 0.450000 11.272316
vt 0.450000 11.042318
vt 0.450000 11.042318
vt 0.450000 11.272316
vt 0.500000 11.272316
vt 0.450000 11.042318
vt 0.500000 11.272316
vt 0.500000 11.042318
vt 0.500000 11.042318
vt 0.500000 11.272316
vt 0.550000 11.272316
vt 0.500000 11.042318
vt 0.550000 11.272316
vt 0.550000 11.042318
vt 0.550000 11.042318
vt 0.550000 11.272316
vt 0.600000 11.272316
vt 0.550000 11.042318
vt 0.600000 11.272316
vt 0.600000 11.042318
vt 0.600000 11.042318
vt 0.600000 11.272316
vt 0.650000 11.272316
vt 0.600000 11.042318
vt 0.650000 11.272316
vt 0.650000 11.042318
vt 0.650000 11.042318
vt 0.650000 11.272316
vt 0.700000 11.272316
vt 0.650000 11.042318
vt 0.700000 11.272316
vt 0.700000 11.042318
vt 0.700000 11.042318
vt 0.700000 11.272316
vt 0.750000 11.272316
vt 0.700000 11.042318
vt 0.750000 11.272316
vt 0.750000 11.042318
vt 0.750000 11.042318
vt 0.750000 11.272316
vt 0.800000 11.272316
vt 0.750000 11.042318
vt 0.800000 11.272316
vt 0.800000 11.042318
vt 0.800000 11.042318
vt 0.800000 11.272316
vt 0.850000 11.272316
vt 0.800000 11.042318
vt 0.850000 11.272316
vt 0.850000 11.042318
vt 0.850000 11.042318
vt 0.850000 11.272316
vt 0.900000 11.272316
vt 0.850000 11.042318
vt 0.900000 11.272316
vt 0.900000 11.042318
vt 0.900000 11.042318
vt 0.900000 11.272316
vt 0.950000 11.272316
vt 0.900000 11.042318
vt 0.950000 11.272316
vt 0.950000 11.042318
vt 0.950000 11.042318
vt 0.950000 11.272316
vt 0.000000 11.272316
vt 0.950000 11.042318
vt 0.000000 11.272316
vt 0.000000 11.042318
vt 0.000000 11.272316
vt 0.000000 11.567387
vt 0.050000 11.567387
vt 0.000000 11.272316
vt 0.050000 11.567387
vt 0.050000 11.272316
vt 0.050000 11.272316
vt 0.050000 11.567387
vt 0.100000 11.567387
vt 0.050000 11.272316
vt 0.100000 11.567387
vt 0.100000 11.272316
vt 0.100000 11.272316
vt 0.100000 11.567387
vt 0.150000 11.567387
vt 0.100000 11.272316
vt 0.150000 11.567387
vt 0.150000 11.272316
vt 0.150000 11.272316
vt 0.150000 11.567387
vt 0.200000 11.567387
vt 0.150000 11.272316
vt 0.200000 11.567387
vt 0.200000 11.272316
vt 0.200000 11.272316
vt 0.200000 11.567387
vt 0.250000 11.567387
vt 0.200000 11.272316
vt 0.250000 11.567387
vt 0.250000 11.272316
vt 0.250000 11.272316
vt 0.250000 11.567387
vt 0.300000 11.567387
vt 0.250000 11.272316
vt 0.300000 11.567387
vt 0.300000 11.272316
vt 0.300000 11.272316
vt 0.300000 11.567387
vt 0.350000 11.567387
vt 0.300000 11.272316
vt 0.350000 11.567387
vt 0.350000 11.272316
vt 0.350000 11.272316
vt 0.350000 11.567387
vt 0.400000 11.567387
vt 0.350000 11.272316
vt 0.400000 11.567387
vt 0.400000 11.272316
vt 0.400000 11.272316
vt 0.400000 11.567387
vt 0.450000 11.567387
vt 0.400000 11.272316
vt 0.450000 11.567387
vt 0.450000 11.272316
vt 0.450000 11.272316
vt 0.450000 11.567387
vt 0.500000 11.567387
vt 0.450000 11.272316
vt 0.500000 11.567387
vt 0.500000 11.272316
vt 0.500000 11.272316
vt 0.500000 11.567387
vt 0.550000 11.567387
vt 0.500000 11.272316
vt 0.550000 11.567387
vt 0.550000 11.272316
vt 0.550000 11.272316
vt 0.550000 11.567387
vt 0.600000 11.567387
vt 0.550000 11.272316
vt 0.600000 11.567387
vt 0.600000 11.272316
vt 0.600000 11.272316
vt 0.600000 11.567387
vt 0.650000 11.567387
vt 0.600000 11.272316
vt 0.650000 11.567387
vt 0.650000 11.272316
vt 0.650000 11.272316
vt 0.650000 11.567387
vt 0.700000 11.567387
vt 0.650000 11.272316
vt 0.700000 11.567387
vt 0.700000 11.272316
vt 0.700000 11.272316
vt 0.700000 11.567387
vt 0.750000 11.567387
vt 0.700000 11.272316
vt 0.750000 11.567387
vt 0.750000 11.272316
vt 0.750000 11.272316
vt 0.750000 11.567387
vt 0.800000 11.567387
vt 0.750000 11.272316
vt 0.800000 11.567387
vt 0.800000 11.272316
vt 0.800000 11.272316
vt 0.800000 11.567387
vt 0.850000 11.567387
vt 0.800000 11.272316
vt 0.850000 11.567387
vt 0.850000 11.272316
vt 0.850000 11.272316
vt 0.850000 11.567387
vt 0.900000 11.567387
vt 0.850000 11.272316
vt 0.900000 11.567387
vt 0.900000 11.272316
vt 0.900000 11.272316
vt 0.900000 11.567387
vt 0.950000 11.567387
vt 0.900000 11.272316
vt 0.950000 11.567387
vt 0.950000 11.272316
vt 0.950000 11.272316
vt 0.950000 11.567387
vt 0.000000 11.567387
vt 0.950000 11.272316
vt 0.000000 11.567387
vt 0.000000 11.272316
vt 0.000000 11.567387
vt 0.000000 11.862206
vt 0.050000 11.862206
vt 0.000000 11.567387
vt 0.050000 11.862206
vt 0.050000 11.567387
vt 0.050000 11.567387
vt 0.050000 11.862206
vt 0.100000 11.862206
vt 0.050000 11.567387
vt 0.100000 11.862206
vt 0.100000 11.567387
vt 0.100000 11.567387
vt 0.100000 11.862206
vt 0.150000 11.862206
vt 0.100000 11.567387
vt 0.150000 11.862206
vt 0.150000 11.567387
vt 0.150000 11.567387
vt 0.150000 11.862206
vt 0.200000 11.862206
vt 0.150000 11.567387
vt 0.200000 11.862206
vt 0.200000 11.567387
vt 0.200000 11.567387
vt 0.200000 11.862206
vt 0.250000 11.862206
vt 0.200000 11.567387
vt 0.250000 11.862206
vt 0.250000 11.567387
vt 0.250000 11.567387
vt 0.250000 11.862206
vt 0.300000 11.862206
vt 0.250000 11.567387
vt 0.300000 11.862206
vt 0.300000 11.567387
vt 0.300000 11.567387
vt 0.300000 11.862206
vt 0.350000 11.862206
vt 0.300000 11.567387
vt 0.350000 11.862206
vt 0.350000 11.567387
vt 0.350000 11.567387
vt 0.350000 11.862206
vt 0.400000 11.862206
vt 0.350000 11.567387
vt 0.400000 11.862206
vt 0.400000 11.567387
vt 0.400000 11.567387
vt 0.400000 11.862206
vt 0.450000 11.862206
vt 0.400000 11.567387
vt 0.450000 11.862206
vt 0.450000 11.567387
vt 0.450000 11.567387
vt 0.450000 11.862206
vt 0.500000 11.862206
vt 0.450000 11.567387
vt 0.500000 11.862206
vt 0.500000 11.567387
vt 0.500000 11.567387
vt 0.500000 11.862206
vt 0.550000 11.862206
vt 0.500000 11.567387
vt 0.550000 11.862206
vt 0.550000 11.567387
vt 0.550000 11.567387
vt 0.550000 11.862206
vt 0.600000 11.862206
vt 0.550000 11.567387
vt 0.600000 11.862206
vt 0.600000 11.567387
vt 0.600000 11.567387
vt 0.600000 11.862206
vt 0.650000 11.862206
vt 0.600000 11.567387
vt 0.650000 11.862206
vt 0.650000 11.567387
vt 0.650000 11.567387
vt 0.650000 11.862206
vt 0.700000 11.862206
vt 0.650000 11.567387
vt 0.700000 11.862206
vt 0.700000 11.567387
vt 0.700000 11.567387
vt 0.700000 11.862206
vt 0.750000 11.862206
vt 0.700000 11.567387
vt 0.750000 11.862206
vt 0.750000 11.567387
vt 0.750000 11.567387
vt 0.750000 11.862206
vt 0.800000 11.862206
vt 0.750000 11.567387
vt 0.800000 11.862206
vt 0.800000 11.567387
vt 0.800000 11.567387
vt 0.800000 11.862206
vt 0.850000 11.862206
vt 0.800000 11.567387
vt 0.850000 11.862206
vt 0.850000 11.567387
vt 0.850000 11.567387
vt 0.850000 11.862206
vt 0.900000 11.862206
vt 0.850000 11.567387
vt 0.900000 11.862206
vt 0.900000 11.567387
vt 0.900000 11.567387
vt 0.900000 11.862206
vt 0.950000 11.862206
vt 0.900000 11.567387
vt 0.950000 11.862206
vt 0.950000 11.567387
vt 0.950000 11.567387
vt 0.950000 11.862206
vt 0.000000 11.862206
vt 0.950000 11.567387
vt 0.000000 11.862206
vt 0.000000 11.567387
vt 0.000000 11.862206
vt 0.000000 12.011645
vt 0.050000 12.011645
vt 0.000000 11.862206
vt 0.050000 12.011645
vt 0.050000 11.862206
vt 0.050000 11.862206
vt 0.050000 12.011645
vt 0.100000 12.011645
vt 0.050000 11.862206
vt 0.100000 12.011645
vt 0.100000 11.862206
vt 0.100000 11.862206
vt 0.100000 12.011645
vt 0.150000 12.011645
vt 0.100000 11.862206
vt 0.150000 12.011645
vt 0.150000 11.862206
vt 0.150000 11.862206
vt 0.150000 12.011645
vt 0.200000 12.011645
vt 0.150000 11.862206
vt 0.200000 12.011645
vt 0.200000 11.862206
vt 0.200000 11.862206
vt 0.200000 12.011645
vt 0.250000 12.011645
vt 0.200000 11.862206
vt 0.250000 12.011645
vt 0.250000 11.862206
vt 0.250000 11.862206
vt 0.250000 12.011645
vt 0.300000 12.011645
vt 0.250000 11.862206
vt 0.300000 12.011645
vt 0.300000 11.862206
vt 0.300000 11.862206
vt 0.300000 12.011645
vt 0.350000 12.011645
vt 0.300000 11.862206
vt 0.350000 12.011645
vt 0.350000 11.862206
vt 0.350000 11.862206
vt 0.350000 12.011645
vt 0.400000 12.011645
vt 0.350000 11.862206
vt 0.400000 12.011645
vt 0.400000 11.862206
vt 0.400000 11.862206
vt 0.400000 12.011645
vt 0.450000 12.011645
vt 0.400000 11.862206
vt 0.450000 12.011645
vt 0.450000 11.862206
vt 0.450000 11.862206
vt 0.450000 12.011645
vt 0.500000 12.011645
vt 0.450000 11.862206
vt 0.500000 12.011645
vt 0.500000 11.862206
vt 0.500000 11.862206
vt 0.500000 12.011645
vt 0.550000 12.011645
vt 0.500000 11.862206
vt 0.550000 12.011645
vt 0.550000 11.862206
vt 0.550000 11.862206
vt 0.550000 12.011645
vt 0.600000 12.011645
vt 0.550000 11.862206
vt 0.600000 12.011645
vt 0.600000 11.862206
vt 0.600000 11.862206
vt 0.600000 12.011645
vt 0.650000 12.011645
vt 0.600000 11.862206
vt 0.650000 12.011645
vt 0.650000 11.862206
vt 0.650000 11.862206
vt 0.650000 12.011645
vt 0.700000 12.011645
vt 0.650000 11.862206
vt 0.700000 12.011645
vt 0.700000 11.862206
vt 0.700000 11.862206
vt 0.700000 12.011645
vt 0.750000 12.011645
vt 0.700000 11.862206
vt 0.750000 12.011645
vt 0.750000 11.862206
vt 0.750000 11.862206
vt 0.750000 12.011645
vt 0.800000 12.011645
vt 0.750000 11.862206
vt 0.800000 12.011645
vt 0.800000 11.862206
vt 0.800000 11.862206
vt 0.800000 12.011645
vt 0.850000 12.011645
vt 0.800000 11.862206
vt 0.850000 12.011645
vt 0.850000 11.862206
vt 0.850000 11.862206
vt 0.850000 12.011645
vt 0.900000 12.011645
vt 0.850000 11.862206
vt 0.900000 12.011645
vt 0.900000 11.862206
vt 0.900000 11.862206
vt 0.900000 12.011645
vt 0.950000 12.011645
vt 0.900000 11.862206
vt 0.950000 12.011645
vt 0.950000 11.862206
vt 0.950000 11.862206
vt 0.950000 12.011645
vt 0.000000 12.011645
vt 0.950000 11.862206
vt 0.000000 12.011645
vt 0.000000 11.862206
vt 0.000000 12.011645
vt 0.000000 12.275426
vt 0.050000 12.275426
vt 0.000000 12.011645
vt 0.050000 12.275426
vt 0.050000 12.011645
vt 0.050000 12.011645
vt 0.050000 12.275426
vt 0.100000 12.275426
vt 0.050000 12.011645
vt 0.100000 12.275426
vt 0.100000 12.011645
vt 0.100000 12.011645
vt 0.100000 12.275426
vt 0.150000 12.275426
vt 0.100000 12.011645
vt 0.150000 12.275426
vt 0.150000 12.011645
vt 0.150000 12.011645
vt 0.150000 12.275426
vt 0.200000 12.275426
vt 0.150000 12.011645
vt 0.200000 12.275426
vt 0.200000 12.011645
vt 0.200000 12.011645
vt 0.200000 12.275426
vt 0.250000 12.275426
vt 0.200000 12.011645
vt 0.250000 12.275426
vt 0.250000 12.011645
vt 0.250000 12.011645
vt 0.250000 12.275426
vt 0.300000 12.275426
vt 0.250000 12.011645
vt 0.300000 12.275426
vt 0.300000 12.011645
vt 0.300000 12.011645
vt 0.300000 12.275426
vt 0.350000 12.275426
vt 0.300000 12.011645
vt 0.350000 12.275426
vt 0.350000 12.011645
vt 0.350000 12.011645
vt 0.350000 12.275426
vt 0.400000 12.275426
vt 0.350000 12.011645
vt 0.400000 12.275426
vt 0.400000 12.011645
vt 0.400000 12.011645
vt 0.400000 12.275426
vt 0.450000 12.275426
vt 0.400000 12.011645
vt 0.450000 12.275426
vt 0.450000 12.011645
vt 0.450000 12.011645
vt 0.450000 12.275426
vt 0.500000 12.275426
vt 0.450000 12.011645
vt 0.500000 12.275426
vt 0.500000 12.011645
vt 0.500000 12.011645
vt 0.500000 12.275426
vt 0.550000 12.275426
vt 0.500000 12.011645
vt 0.550000 12.275426
vt 0.550000 12.011645
vt 0.550000 12.011645
vt 0.550000 12.275426
vt 0.600000 12.275426
vt 0.550000 12.011645
vt 0.600000 12.275426
vt 0.600000 12.011645
vt 0.600000 12.011645
vt 0.600000 12.275426
vt 0.650000 12.275426
vt 0.600000 12.011645
vt 0.650000 12.275426
vt 0.650000 12.011645
vt 0.650000 12.011645
vt 0.650000 12.275426
vt 0.700000 12.275426
vt 0.650000 12.011645
vt 0.700000 12.275426
vt 0.700000 12.011645
vt 0.700000 12.011645
vt 0.700000 12.275426
vt 0.750000 12.275426
vt 0.700000 12.011645
vt 0.750000 12.275426
vt 0.750000 12.011645
vt 0.750000 12.011645
vt 0.750000 12.275426
vt 0.800000 12.275426
vt 0.750000 12.011645
vt 0.800000 12.275426
vt 0.800000 12.011645
vt 0.800000 12.011645
vt 0.800000 12.275426
vt 0.850000 12.275426
vt 0.800000 12.011645
vt 0.850000 12.275426
vt 0.850000 12.011645
vt 0.850000 12.011645
vt 0.850000 12.275426
vt 0.900000 12.275426
vt 0.850000 12.011645
vt 0.900000 12.275426
vt 0.900000 12.011645
vt 0.900000 12.011645
vt 0.900000 12.275426
vt 0.950000 12.275426
vt 0.900000 12.011645
vt 0.950000 12.275426
vt 0.950000 12.011645
vt 0.950000 12.011645
vt 0.950000 12.275426
vt 0.000000 12.275426
vt 0.950000 12.011645
vt 0.000000 12.275426
vt 0.000000 12.011645
vt 0.000000 12.275426
vt 0.000000 12.383424
vt 0.050000 12.383424
vt 0.000000 12.275426
vt 0.050000 12.383424
vt 0.050000 12.275426
vt 0.050000 12.275426
vt 0.050000 12.383424
vt 0.100000 12.383424
vt 0.050000 12.275426
vt 0.100000 12.383424
vt 0.100000 12.275426
vt 0.100000 12.275426
vt 0.100000 12.383424
vt 0.150000 12.383424
vt 0.100000 12.275426
vt 0.150000 12.383424
vt 0.150000 12.275426
vt 0.150000 12.275426
vt 0.150000 12.383424
vt 0.200000 12.383424
vt 0.150000 12.275426
vt 0.200000 12.383424
vt 0.200000 12.275426
vt 0.200000 12.275426
vt 0.200000 12.383424
vt 0.250000 12.383424
vt 0.200000 12.275426
vt 0.250000 12.383424
vt 0.250000 12.275426
vt 0.250000 12.275426
vt 0.250000 12.383424
vt 0.300000 12.383424
vt 0.250000 12.275426
vt 0.300000 12.383424
vt 0.300000 12.275426
vt 0.300000 12.275426
vt 0.300000 12.383424
vt 0.350000 12.383424
vt 0.300000 12.275426
vt 0.350000 12.383424
vt 0.350000 12.275426
vt 0.350000 12.275426
vt 0.350000 12.383424
vt 0.400000 12.383424
vt 0.350000 12.275426
vt 0.400000 12.383424
vt 0.400000 12.275426
vt 0.400000 12.275426
vt 0.400000 12.383424
vt 0.450000 12.383424
vt 0.400000 12.275426
vt 0.450000 12.383424
vt 0.450000 12.275426
vt 0.450000 12.275426
vt 0.450000 12.383424
vt 0.500000 12.383424
vt 0.450000 12.275426
vt 0.500000 12.383424
vt 0.500000 12.275426
vt 0.500000 12.275426
vt 0.500000 12.383424
vt 0.550000 12.383424
vt 0.500000 12.275426
vt 0.550000 12.383424
vt 0.550000 12.275426
vt 0.550000 12.275426
vt 0.550000 12.383424
vt 0.600000 12.383424
vt 0.550000 12.275426
vt 0.600000 12.383424
vt 0.600000 12.275426
vt 0.600000 12.275426
vt 0.600000 12.383424
vt 0.650000 12.383424
vt 0.600000 12.275426
vt 0.650000 12.383424
vt 0.650000 12.275426
vt 0.650000 12.275426
vt 0.650000 12.383424
vt 0.700000 12.383424
vt 0.650000 12.275426
vt 0.700000 12.383424
vt 0.700000 12.275426
vt 0.700000 12.275426
vt 0.700000 12.383424
vt 0.750000 12.383424
vt 0.700000 12.275426
vt 0.750000 12.383424
vt 0.750000 12.275426
vt 0.750000 12.275426
vt 0.750000 12.383424
vt 0.800000 12.383424
vt 0.750000 12.275426
vt 0.800000 12.383424
vt 0.800000 12.275426
vt 0.800000 12.275426
vt 0.800000 12.383424
vt 0.850000 12.383424
vt 0.800000 12.275426
vt 0.850000 12.383424
vt 0.850000 12.275426
vt 0.850000 12.275426
vt 0.850000 12.383424
vt 0.900000 12.383424
vt 0.850000 12.275426
vt 0.900000 12.383424
vt 0.900000 12.275426
vt 0.900000 12.275426
vt 0.900000 12.383424
vt 0.950000 12.383424
vt 0.900000 12.275426
vt 0.950000 12.383424
vt 0.950000 12.275426
vt 0.950000 12.275426
vt 0.950000 12.383424
vt 0.000000 12.383424
vt 0.950000 12.275426
vt 0.000000 12.383424
vt 0.000000 12.275426
vt 0.000000 12.383424
vt 0.000000 12.489095
vt 0.050000 12.489095
vt 0.000000 12.383424
vt 0.050000 12.489095
vt 0.050000 12.383424
vt 0.050000 12.383424
vt 0.050000 12.489095
vt 0.100000 12.489095
vt 0.050000 12.383424
vt 0.100000 12.489095
vt 0.100000 12.383424
vt 0.100000 12.383424
vt 0.100000 12.489095
vt 0.150000 12.489095
vt 0.100000 12.383424
vt 0.150000 12.489095
vt 0.150000 12.383424
vt 0.150000 12.383424
vt 0.150000 12.489095
vt 0.200000 12.489095
vt 0.150000 12.383424
vt 0.200000 12.489095
vt 0.200000 12.383424
vt 0.200000 12.383424
vt 0.200000 12.489095
vt 0.250000 12.489095
vt 0.200000 12.383424
vt 0.250000 12.489095
vt 0.250000 12.383424
vt 0.250000 12.383424
vt 0.250000 12.489095
vt 0.300000 12.489095
vt 0.250000 12.383424
vt 0.300000 12.489095
vt 0.300000 12.383424
vt 0.300000 12.383424
vt 0.300000 12.489095
vt 0.350000 12.489095
vt 0.300000 12.383424
vt 0.350000 12.489095
vt 0.350000 12.383424
vt 0.350000 12.383424
vt 0.350000 12.489095
vt 0.400000 12.489095
vt 0.350000 12.383424
vt 0.400000 12.489095
vt 0.400000 12.383424
vt 0.400000 12.383424
vt 0.400000 12.489095
vt 0.450000 12.489095
vt 0.400000 12.383424
vt 0.450000 12.489095
vt 0.450000 12.383424
vt 0.450000 12.383424
vt 0.450000 12.489095
vt 0.500000 12.489095
vt 0.450000 12.383424
vt 0.500000 12.489095
vt 0.500000 12.383424
vt 0.500000 12.383424
vt 0.500000 12.489095
vt 0.550000 12.489095
vt 0.500000 12.383424
vt 0.550000 12.489095
vt 0.550000 12.383424
vt 0.550000 12.383424
vt 0.550000 12.489095
vt 0.600000 12.489095
vt 0.550000 12.383424
vt 0.600000 12.489095
vt 0.600000 12.383424
vt 0.600000 12.383424
vt 0.600000 12.489095
vt 0.650000 12.489095
vt 0.600000 12.383424
vt 0.650000 12.489095
vt 0.650000 12.383424
vt 0.650000 12.383424
vt 0.650000 12.489095
vt 0.700000 12.489095
vt 0.650000 12.383424
vt 0.700000 12.489095
vt 0.700000 12.383424
vt 0.700000 12.383424
vt 0.700000 12.489095
vt 0.750000 12.489095
vt 0.700000 12.383424
vt 0.750000 12.489095
vt 0.750000 12.383424
vt 0.750000 12.383424
vt 0.750000 12.489095
vt 0.800000 12.489095
vt 0.750000 12.383424
vt 0.800000 12.489095
vt 0.800000 12.383424
vt 0.800000 12.383424
vt 0.800000 12.489095
vt 0.850000 12.489095
vt 0.800000 12.383424
vt 0.850000 12.489095
vt 0.850000 12.383424
vt 0.850000 12.383424
vt 0.850000 12.489095
vt 0.900000 12.489095
vt 0.850000 12.383424
vt 0.900000 12.489095
vt 0.900000 12.383424
vt 0.900000 12.383424
vt 0.900000 12.489095
vt 0.950000 12.489095
vt 0.900000 12.383424
vt 0.950000 12.489095
vt 0.950000 12.383424
vt 0.950000 12.383424
vt 0.950000 12.489095
vt 0.000000 12.489095
vt 0.950000 12.383424
vt 0.000000 12.489095
vt 0.000000 12.383424
vt 0.000000 12.489095
vt 0.000000 12.656470
vt 0.050000 12.656470
vt 0.000000 12.489095
vt 0.050000 12.656470
vt 0.050000 12.489095
vt 0.050000 12.489095
vt 0.050000 12.656470
vt 0.100000 12.656470
vt 0.050000 12.489095
vt 0.100000 12.656470
vt 0.100000 12.489095
vt 0.100000 12.489095
vt 0.100000 12.656470
vt 0.150000 12.656470
vt 0.100000 12.489095
vt 0.150000 12.656470
vt 0.150000 12.489095
vt 0.150000 12.489095
vt 0.150000 12.656470
vt 0.200000 12.656470
vt 0.150000 12.489095
vt 0.200000 12.656470
vt 0.200000 12.489095
vt 0.200000 12.489095
vt 0.200000 12.656470
vt 0.250000 12.656470
vt 0.200000 12.489095
vt 0.250000 12.656470
vt 0.250000 12.489095
vt 0.250000 12.489095
vt 0.250000 12.656470
vt 0.300000 12.656470
vt 0.250000 12.489095
vt 0.300000 12.656470
vt 0.300000 12.489095
vt 0.300000 12.489095
vt 0.300000 12.656470
vt 0.350000 12.656470
vt 0.300000 12.489095
vt 0.350000 12.656470
vt 0.350000 12.489095
vt 0.350000 12.489095
vt 0.350000 12.656470
vt 0.400000 12.656470
vt 0.350000 12.489095
vt 0.400000 12.656470
vt 0.400000 12.489095
vt 0.400000 12.489095
vt 0.400000 12.656470
vt 0.450000 12.656470
vt 0.400000 12.489095
vt 0.450000 12.656470
vt 0.450000 12.489095
vt 0.450000 12.489095
vt 0.450000 12.656470
vt 0.500000 12.656470
vt 0.450000 12.489095
vt 0.500000 12.656470
vt 0.500000 12.489095
vt 0.500000 12.489095
vt 0.500000 12.656470
vt 0.550000 12.656470
vt 0.500000 12.489095
vt 0.550000 12.656470
vt 0.550000 12.489095
vt 0.550000 12.489095
vt 0.550000 12.656470
vt 0.600000 12.656470
vt 0.550000 12.489095
vt 0.600000 12.656470
vt 0.600000 12.489095
vt 0.600000 12.489095
vt 0.600000 12.656470
vt 0.650000 12.656470
vt 0.600000 12.489095
vt 0.650000 12.656470
vt 0.650000 12.489095
vt 0.650000 12.489095
vt 0.650000 12.656470
vt 0.700000 12.656470
vt 0.650000 12.489095
vt 0.700000 12.656470
vt 0.700000 12.489095
vt 0.700000 12.489095
vt 0.700000 12.656470
vt 0.750000 12.656470
vt 0.700000 12.489095
vt 0.750000 12.656470
vt 0.750000 12.489095
vt 0.750000 12.489095
vt 0.750000 12.656470
vt 0.800000 12.656470
vt 0.750000 12.489095
vt 0.800000 12.656470
vt 0.800000 12.489095
vt 0.800000 12.489095
vt 0.800000 12.656470
vt 0.850000 12.656470
vt 0.800000 12.489095
vt 0.850000 12.656470
vt 0.850000 12.489095
vt 0.850000 12.489095
vt 0.850000 12.656470
vt 0.900000 12.656470
vt 0.850000 12.489095
vt 0.900000 12.656470
vt 0.900000 12.489095
vt 0.900000 12.489095
vt 0.900000 12.656470
vt 0.950000 12.656470
vt 0.900000 12.489095
vt 0.950000 12.656470
vt 0.950000 12.489095
vt 0.950000 12.489095
vt 0.950000 12.656470
vt 0.000000 12.656470
vt 0.950000 12.489095
vt 0.000000 12.656470
vt 0.000000 12.489095
vt 0.000000 12.656470
vt 0.000000 12.824542
vt 0.050000 12.824542
vt 0.000000 12.656470
vt 0.050000 12.824542
vt 0.050000 12.656470
vt 0.050000 12.656470
vt 0.050000 12.824542
vt 0.100000 12.824542
vt 0.050000 12.656470
vt 0.100000 12.824542
vt 0.100000 12.656470
vt 0.100000 12.656470
vt 0.100000 12.824542
vt 0.150000 12.824542
vt 0.100000 12.656470
vt 0.150000 12.824542
vt 0.150000 12.656470
vt 0.150000 12.656470
vt 0.150000 12.824542
vt 0.200000 12.824542
vt 0.150000 12.656470
vt 0.200000 12.824542
vt 0.200000 12.656470
vt 0.200000 12.656470
vt 0.200000 12.824542
vt 0.250000 12.824542
vt 0.200000 12.656470
vt 0.250000 12.824542
vt 0.250000 12.656470
vt 0.250000 12.656470
vt 0.250000 12.824542
vt 0.300000 12.824542
vt 0.250000 12.656470
vt 0.300000 12.824542
vt 0.300000 12.656470
vt 0.300000 12.656470
vt 0.300000 12.824542
vt 0.350000 12.824542
vt 0.300000 12.656470
vt 0.350000 12.824542
vt 0.350000 12.656470
vt 0.350000 12.656470
vt 0.350000 12.824542
vt 0.400000 12.824542
vt 0.350000 12.656470
vt 0.400000 12.824542
vt 0.400000 12.656470
vt 0.400000 12.656470
vt 0.400000 12.824542
vt 0.450000 12.824542
vt 0.400000 12.656470
vt 0.450000 12.824542
vt 0.450000 12.656470
vt 0.450000 12.656470
vt 0.450000 12.824542
vt 0.500000 12.824542
vt 0.450000 12.656470
vt 0.500000 12.824542
vt 0.500000 12.656470
vt 0.500000 12.656470
vt 0.500000 12.824542
vt 0.550000 12.824542
vt 0.500000 12.656470
vt 0.550000 12.824542
vt 0.550000 12.656470
vt 0.550000 12.656470
vt 0.550000 12.824542
vt 0.600000 12.824542
vt 0.550000 12.656470
vt 0.600000 12.824542
vt 0.600000 12.656470
vt 0.600000 12.656470
vt 0.600000 12.824542
vt 0.650000 12.824542
vt 0.600000 12.656470
vt 0.650000 12.824542
vt 0.650000 12.656470
vt 0.650000 12.656470
vt 0.650000 12.824542
vt 0.700000 12.824542
vt 0.650000 12.656470
vt 0.700000 12.824542
vt 0.700000 12.656470
vt 0.700000 12.656470
vt 0.700000 12.824542
vt 0.750000 12.824542
vt 0.700000 12.656470
vt 0.750000 12.824542
vt 0.750000 12.656470
vt 0.750000 12.656470
vt 0.750000 12.824542
vt 0.800000 12.824542
vt 0.750000 12.656470
vt 0.800000 12.824542
vt 0.800000 12.656470
vt 0.800000 12.656470
vt 0.800000 12.824542
vt 0.850000 12.824542
vt 0.800000 12.656470
vt 0.850000 12.824542
vt 0.850000 12.656470
vt 0.850000 12.656470
vt 0.850000 12.824542
vt 0.900000 12.824542
vt 0.850000 12.656470
vt 0.900000 12.824542
vt 0.900000 12.656470
vt 0.900000 12.656470
vt 0.900000 12.824542
vt 0.950000 12.824542
vt 0.900000 12.656470
vt 0.950000 12.824542
vt 0.950000 12.656470
vt 0.950000 12.656470
vt 0.950000 12.824542
vt 0.000000 12.824542
vt 0.950000 12.656470
vt 0.000000 12.824542
vt 0.000000 12.656470
vt 0.000000 12.824542
vt 0.000000 12.930814
vt 0.050000 12.930814
vt 0.000000 12.824542
vt 0.050000 12.930814
vt 0.050000 12.824542
vt 0.050000 12.824542
vt 0.050000 12.930814
vt 0.100000 12.930814
vt 0.050000 12.824542
vt 0.100000 12.930814
vt 0.100000 12.824542
vt 0.100000 12.824542
vt 0.100000 12.930814
vt 0.150000 12.930814
vt 0.100000 12.824542
vt 0.150000 12.930814
vt 0.150000 12.824542
vt 0.150000 12.824542
vt 0.150000 12.930814
vt 0.200000 12.930814
vt 0.150000 12.824542
vt 0.200000 12.930814
vt 0.200000 12.824542
vt 0.200000 12.824542
vt 0.200000 12.930814
vt 0.250000 12.930814
vt 0.200000 12.824542
vt 0.250000 12.930814
vt 0.250000 12.824542
vt 0.250000 12.824542
vt 0.250000 12.930814
vt 0.300000 12.930814
vt 0.250000 12.824542
vt 0.300000 12.930814
vt 0.300000 12.824542
vt 0.300000 12.824542
vt 0.300000 12.930814
vt 0.350000 12.930814
vt 0.300000 12.824542
vt 0.350000 12.930814
vt 0.350000 12.824542
vt 0.350000 12.824542
vt 0.350000 12.930814
vt 0.400000 12.930814
vt 0.350000 12.824542
vt 0.400000 12.930814
vt 0.400000 12.824542
vt 0.400000 12.824542
vt 0.400000 12.930814
vt 0.450000 12.930814
vt 0.400000 12.824542
vt 0.450000 12.930814
vt 0.450000 12.824542
vt 0.450000 12.824542
vt 0.450000 12.930814
vt 0.500000 12.930814
vt 0.450000 12.824542
vt 0.500000 12.930814
vt 0.500000 12.824542
vt 0.500000 12.824542
vt 0.500000 12.930814
vt 0.550000 12.930814
vt 0.500000 12.824542
vt 0.550000 12.930814
vt 0.550000 12.824542
vt 0.550000 12.824542
vt 0.550000 12.930814
vt 0.600000 12.930814
vt 0.550000 12.824542
vt 0.600000 12.930814
vt 0.600000 12.824542
vt 0.600000 12.824542
vt 0.600000 12.930814
vt 0.650000 12.930814
vt 0.600000 12.824542
vt 0.650000 12.930814
vt 0.650000 12.824542
vt 0.650000 12.824542
vt 0.650000 12.930814
vt 0.700000 12.930814
vt 0.650000 12.824542
vt 0.700000 12.930814
vt 0.700000 12.824542
vt 0.700000 12.824542
vt 0.700000 12.930814
vt 0.750000 12.930814
vt 0.700000 12.824542
vt 0.750000 12.930814
vt 0.750000 12.824542
vt 0.750000 12.824542
vt 0.750000 12.930814
vt 0.800000 12.930814
vt 0.750000 12.824542
vt 0.800000 12.930814
vt 0.800000 12.824542
vt 0.800000 12.824542
vt 0.800000 12.930814
vt 0.850000 12.930814
vt 0.800000 12.824542
vt 0.850000 12.930814
vt 0.850000 12.824542
vt 0.850000 12.824542
vt 0.850000 12.930814
vt 0.900000 12.930814
vt 0.850000 12.824542
vt 0.900000 12.930814
vt 0.900000 12.824542
vt 0.900000 12.824542
vt 0.900000 12.930814
vt 0.950000 12.930814
vt 0.900000 12.824542
vt 0.950000 12.930814
vt 0.950000 12.824542
vt 0.950000 12.824542
vt 0.950000 12.930814
vt 0.000000 12.930814
vt 0.950000 12.824542
vt 0.000000 12.930814
vt 0.000000 12.824542
vt 0.000000 12.930814
vt 0.000000 13.145658
vt 0.050000 13.145658
vt 0.000000 12.930814
vt 0.050000 13.145658
vt 0.050000 12.930814
vt 0.050000 12.930814
vt 0.050000 13.145658
vt 0.100000 13.145658
vt 0.050000 12.930814
vt 0.100000 13.145658
vt 0.100000 12.930814
vt 0.100000 12.930814
vt 0.100000 13.145658
vt 0.150000 13.145658
vt 0.100000 12.930814
vt 0.150000 13.145658
vt 0.150000 12.930814
vt 0.150000 12.930814
vt 0.150000 13.145658
vt 0.200000 13.145658
vt 0.150000 12.930814
vt 0.200000 13.145658
vt 0.200000 12.930814
vt 0.200000 12.930814
vt 0.200000 13.145658
vt 0.250000 13.145658
vt 0.200000 12.930814
vt 0.250000 13.145658
vt 0.250000 12.930814
vt 0.250000 12.930814
vt 0.250000 13.145658
vt 0.300000 13.145658
vt 0.250000 12.930814
vt 0.300000 13.145658
vt 0.300000 12.930814
vt 0.300000 12.930814
vt 0.300000 13.145658
vt 0.350000 13.145658
vt 0.300000 12.930814
vt 0.350000 13.145658
vt 0.350000 12.930814
vt 0.350000 12.930814
vt 0.350000 13.145658
vt 0.400000 13.145658
vt 0.350000 12.930814
vt 0.400000 13.145658
vt 0.400000 12.930814
vt 0.400000 12.930814
vt 0.400000 13.145658
vt 0.450000 13.145658
vt 0.400000 12.930814
vt 0.450000 13.145658
vt 0.450000 12.930814
vt 0.450000 12.930814
vt 0.450000 13.145658
vt 0.500000 13.145658
vt 0.450000 12.930814
vt 0.500000 13.145658
vt 0.500000 12.930814
vt 0.500000 12.930814
vt 0.500000 13.145658
vt 0.550000 13.145658
vt 0.500000 12.930814
vt 0.550000 13.145658
vt 0.550000 12.930814
vt 0.550000 12.930814
vt 0.550000 13.145658
vt 0.600000 13.145658
vt 0.550000 12.930814
vt 0.600000 13.145658
vt 0.600000 12.930814
vt 0.600000 12.930814
vt 0.600000 13.145658
vt 0.650000 13.145658
vt 0.600000 12.930814
vt 0.650000 13.145658
vt 0.650000 12.930814
vt 0.650000 12.930814
vt 0.650000 13.145658
vt 0.700000 13.145658
vt 0.650000 12.930814
vt 0.700000 13.145658
vt 0.700000 12.930814
vt 0.700000 12.930814
vt 0.700000 13.145658
vt 0.750000 13.145658
vt 0.700000 12.930814
vt 0.750000 13.145658
vt 0.750000 12.930814
vt 0.750000 12.930814
vt 0.750000 13.145658
vt 0.800000 13.145658
vt 0.750000 12.930814
vt 0.800000 13.145658
vt 0.800000 12.930814
vt 0.800000 12.930814
vt 0.800000 13.145658
vt 0.850000 13.145658
vt 0.800000 12.930814
vt 0.850000 13.145658
vt 0.850000 12.930814
vt 0.850000 12.930814
vt 0.850000 13.145658
vt 0.900000 13.145658
vt 0.850000 12.930814
vt 0.900000 13.145658
vt 0.900000 12.930814
vt 0.900000 12.930814
vt 0.900000 13.145658
vt 0.950000 13.145658
vt 0.900000 12.930814
vt 0.950000 13.145658
vt 0.950000 12.930814
vt 0.950000 12.930814
vt 0.950000 13.145658
vt 0.000000 13.145658
vt 0.950000 12.930814
vt 0.000000 13.145658
vt 0.000000 12.930814
vt 0.000000 13.145658
vt 0.000000 13.276570
vt 0.050000 13.276570
vt 0.000000 13.145658
vt 0.050000 13.276570
vt 0.050000 13.145658
vt 0.050000 13.145658
vt 0.050000 13.276570
vt 0.100000 13.276570
vt 0.050000 13.145658
vt 0.100000 13.276570
vt 0.100000 13.145658
vt 0.100000 13.145658
vt 0.100000 13.276570
vt 0.150000 13.276570
vt 0.100000 13.145658
vt 0.150000 13.276570
vt 0.150000 13.145658
vt 0.150000 13.145658
vt 0.150000 13.276570
vt 0.200000 13.276570
vt 0.150000 13.145658
vt 0.200000 13.276570
vt 0.200000 13.145658
vt 0.200000 13.145658
vt 0.200000 13.276570
vt 0.250000 13.276570
vt 0.200000 13.145658
vt 0.250000 13.276570
vt 0.250000 13.145658
vt 0.250000 13.145658
vt 0.250000 13.276570
vt 0.300000 13.276570
vt 0.250000 13.145658
vt 0.300000 13.276570
vt 0.300000 13.145658
vt 0.300000 13.145658
vt 0.300000 13.276570
vt 0.350000 13.276570
vt 0.300000 13.145658
vt 0.350000 13.276570
vt 0.350000 13.145658
vt 0.350000 13.145658
vt 0.350000 13.276570
vt 0.400000 13.276570
vt 0.350000 13.145658
vt 0.400000 13.276570
vt 0.400000 13.145658
vt 0.400000 13.145658
vt 0.400000 13.276570
vt 0.450000 13.276570
vt 0.400000 13.145658
vt 0.450000 13.276570
vt 0.450000 13.145658
vt 0.450000 13.145658
vt 0.450000 13.276570
vt 0.500000 13.276570
vt 0.450000 13.145658
vt 0.500000 13.276570
vt 0.500000 13.145658
vt 0.500000 13.145658
vt 0.500000 13.276570
vt 0.550000 13.276570
vt 0.500000 13.145658
vt 0.550000 13.276570
vt 0.550000 13.145658
vt 0.550000 13.145658
vt 0.550000 13.276570
vt 0.600000 13.276570
vt 0.550000 13.145658
vt 0.600000 13.276570
vt 0.600000 13.145658
vt 0.600000 13.145658
vt 0.600000 13.276570
vt 0.650000 13.276570
vt 0.600000 13.145658
vt 0.650000 13.276570
vt 0.650000 13.145658
vt 0.650000 13.145658
vt 0.650000 13.276570
vt 0.700000 13.276570
vt 0.650000 13.145658
vt 0.700000 13.276570
vt 0.700000 13.145658
vt 0.700000 13.145658
vt 0.700000 13.276570
vt 0.750000 13.276570
vt 0.700000 13.145658
vt 0.750000 13.276570
vt 0.750000 13.145658
vt 0.750000 13.145658
vt 0.750000 13.276570
vt 0.800000 13.276570
vt 0.750000 13.145658
vt 0.800000 13.276570
vt 0.800000 13.145658
vt 0.800000 13.145658
vt 0.800000 13.276570
vt 0.850000 13.276570
vt 0.800000 13.145658
vt 0.850000 13.276570
vt 0.850000 13.145658
vt 0.850000 13.145658
vt 0.850000 13.276570
vt 0.900000 13.276570
vt 0.850000 13.145658
vt 0.900000 13.276570
vt 0.900000 13.145658
vt 0.900000 13.145658
vt 0.900000 13.276570
vt 0.950000 13.276570
vt 0.900000 13.145658
vt 0.950000 13.276570
vt 0.950000 13.145658
vt 0.950000 13.145658
vt 0.950000 13.276570
vt 0.000000 13.276570
vt 0.950000 13.145658
vt 0.000000 13.276570
vt 0.000000 13.145658
vt 0.000000 13.276570
vt 0.000000 13.521234
vt 0.050000 13.521234
vt 0.000000 13.276570
vt 0.050000 13.521234
vt 0.050000 13.276570
vt 0.050000 13.276570
vt 0.050000 13.521234
vt 0.100000 13.521234
vt 0.050000 13.276570
vt 0.100000 13.521234
vt 0.100000 13.276570
vt 0.100000 13.276570
vt 0.100000 13.521234
vt 0.150000 13.521234
vt 0.100000 13.276570
vt 0.150000 13.521234
vt 0.150000 13.276570
vt 0.150000 13.276570
vt 0.150000 13.521234
vt 0.200000 13.521234
vt 0.150000 13.276570
vt 0.200000 13.521234
vt 0.200000 13.276570
vt 0.200000 13.276570
vt 0.200000 13.521234
vt 0.250000 13.521234
vt 0.200000 13.276570
vt 0.250000 13.521234
vt 0.250000 13.276570
vt 0.250000 13.276570
vt 0.250000 13.521234
vt 0.300000 13.521234
vt 0.250000 13.276570
vt 0.300000 13.521234
vt 0.300000 13.276570
vt 0.300000 13.276570
vt 0.300000 13.521234
vt 0.350000 13.521234
vt 0.300000 13.276570
vt 0.350000 13.521234
vt 0.350000 13.276570
vt 0.350000 13.276570
vt 0.350000 13.521234
vt 0.400000 13.521234
vt 0.350000 13.276570
vt 0.400000 13.521234
vt 0.400000 13.276570
vt 0.400000 13.276570
vt 0.400000 13.521234
vt 0.450000 13.521234
vt 0.400000 13.276570
vt 0.450000 13.521234
vt 0.450000 13.276570
vt 0.450000 13.276570
vt 0.450000 13.521234
vt 0.500000 13.521234
vt 0.450000 13.276570
vt 0.500000 13.521234
vt 0.500000 13.276570
vt 0.500000 13.276570
vt 0.500000 13.521234
vt 0.550000 13.521234
vt 0.500000 13.276570
vt 0.550000 13.521234
vt 0.550000 13.276570
vt 0.550000 13.276570
vt 0.550000 13.521234
vt 0.600000 13.521234
vt 0.550000 13.276570
vt 0.600000 13.521234
vt 0.600000 13.276570
vt 0.600000 13.276570
vt 0.600000 13.521234
vt 0.650000 13.521234
vt 0.600000 13.276570
vt 0.650000 13.521234
vt 0.650000 13.276570
vt 0.650000 13.276570
vt 0.650000 13.521234
vt 0.700000 13.521234
vt 0.650000 13.276570
vt 0.700000 13.521234
vt 0.700000 13.276570
vt 0.700000 13.276570
vt 0.700000 13.521234
vt 0.750000 13.521234
vt 0.700000 13.276570
vt 0.750000 13.521234
vt 0.750000 13.276570
vt 0.750000 13.276570
vt 0.750000 13.521234
vt 0.800000 13.521234
vt 0.750000 13.276570
vt 0.800000 13.521234
vt 0.800000 13.276570
vt 0.800000 13.276570
vt 0.800000 13.521234
vt 0.850000 13.521234
vt 0.800000 13.276570
vt 0.850000 13.521234
vt 0.850000 13.276570
vt 0.850000 13.276570
vt 0.850000 13.521234
vt 0.900000 13.521234
vt 0.850000 13.276570
vt 0.900000 13.521234
vt 0.900000 13.276570
vt 0.900000 13.276570
vt 0.900000 13.521234
vt 0.950000 13.521234
vt 0.900000 13.276570
vt 0.950000 13.521234
vt 0.950000 13.276570
vt 0.950000 13.276570
vt 0.950000 13.521234
vt 0.000000 13.521234
vt 0.950000 13.276570
vt 0.000000 13.521234
vt 0.000000 13.276570
vt 0.000000 13.521234
vt 0.000000 13.776010
vt 0.050000 13.776010
vt 0.000000 13.521234
vt 0.050000 13.776010
vt 0.050000 13.521234
vt 0.050000 13.521234
vt 0.050000 13.776010
vt 0.100000 13.776010
vt 0.050000 13.521234
vt 0.100000 13.776010
vt 0.100000 13.521234
vt 0.100000 13.521234
vt 0.100000 13.776010
vt 0.150000 13.776010
vt 0.100000 13.521234
vt 0.150000 13.776010
vt 0.150000 13.521234
vt 0.150000 13.521234
vt 0.150000 13.776010
vt 0.200000 13.776010
vt 0.150000 13.521234
vt 0.200000 13.776010
vt 0.200000 13.521234
vt 0.200000 13.521234
vt 0.200000 13.776010
vt 0.250000 13.776010
vt 0.200000 13.521234
vt 0.250000 13.776010
vt 0.250000 13.521234
vt 0.250000 13.521234
vt 0.250000 13.776010
vt 0.300000 13.776010
vt 0.250000 13.521234
vt 0.300000 13.776010
vt 0.300000 13.521234
vt 0.300000 13.521234
vt 0.300000 13.776010
vt 0.350000 13.776010
vt 0.300000 13.521234
vt 0.350000 13.776010
vt 0.350000 13.521234
vt 0.350000 13.521234
vt 0.350000 13.776010
vt 0.400000 13.776010
vt 0.350000 13.521234
vt 0.400000 13.776010
vt 0.400000 13.521234
vt 0.400000 13.521234
vt 0.400000 13.776010
vt 0.450000 13.776010
vt 0.400000 13.521234
vt 0.450000 13.776010
vt 0.450000 13.521234
vt 0.450000 13.521234
vt 0.450000 13.776010
vt 0.500000 13.776010
vt 0.450000 13.521234
vt 0.500000 13.776010
vt 0.500000 13.521234
vt 0.500000 13.521234
vt 0.500000 13.776010
vt 0.550000 13.776010
vt 0.500000 13.521234
vt 0.550000 13.776010
vt 0.550000 13.521234
vt 0.550000 13.521234
vt 0.550000 13.776010
vt 0.600000 13.776010
vt 0.550000 13.521234
vt 0.600000 13.776010
vt 0.600000 13.521234
vt 0.600000 13.521234
vt 0.600000 13.776010
vt 0.650000 13.776010
vt 0.600000 13.521234
vt 0.650000 13.776010
vt 0.650000 13.521234
vt 0.650000 13.521234
vt 0.650000 13.776010
vt 0.700000 13.776010
vt 0.650000 13.521234
vt 0.700000 13.776010
vt 0.700000 13.521234
vt 0.700000 13.521234
vt 0.700000 13.776010
vt 0.750000 13.776010
vt 0.700000 13.521234
vt 0.750000 13.776010
vt 0.750000 13.521234
vt 0.750000 13.521234
vt 0.750000 13.776010
vt 0.800000 13.776010
vt 0.750000 13.521234
vt 0.800000 13.776010
vt 0.800000 13.521234
vt 0.800000 13.521234
vt 0.800000 13.776010
vt 0.850000 13.776010
vt 0.800000 13.521234
vt 0.850000 13.776010
vt 0.850000 13.521234
vt 0.850000 13.521234
vt 0.850000 13.776010
vt 0.900000 13.776010
vt 0.850000 13.521234
vt 0.900000 13.776010
vt 0.900000 13.521234
vt 0.900000 13.521234
vt 0.900000 13.776010
vt 0.950000 13.776010
vt 0.900000 13.521234
vt 0.950000 13.776010
vt 0.950000 13.521234
vt 0.950000 13.521234
vt 0.950000 13.776010
vt 0.000000 13.776010
vt 0.950000 13.521234
vt 0.000000 13.776010
vt 0.000000 13.521234
vt 0.000000 13.776010
vt 0.000000 13.883919
vt 0.050000 13.883919
vt 0.000000 13.776010
vt 0.050000 13.883919
vt 0.050000 13.776010
vt 0.050000 13.776010
vt 0.050000 13.883919
vt 0.100000 13.883919
vt 0.050000 13.776010
vt 0.100000 13.883919
vt 0.100000 13.776010
vt 0.100000 13.776010
vt 0.100000 13.883919
vt 0.150000 13.883919
vt 0.100000 13.776010
vt 0.150000 13.883919
vt 0.150000 13.776010
vt 0.150000 13.776010
vt 0.150000 13.883919
vt 0.200000 13.883919
vt 0.150000 13.776010
vt 0.200000 13.883919
vt 0.200000 13.776010
vt 0.200000 13.776010
vt 0.200000 13.883919
vt 0.250000 13.883919
vt 0.200000 13.776010
vt 0.250000 13.883919
vt 0.250000 13.776010
vt 0.250000 13.776010
vt 0.250000 13.883919
vt 0.300000 13.883919
vt 0.250000 13.776010
vt 0.300000 13.883919
vt 0.300000 13.776010
vt 0.300000 13.776010
vt 0.300000 13.883919
vt 0.350000 13.883919
vt 0.300000 13.776010
vt 0.350000 13.883919
vt 0.350000 13.776010
vt 0.350000 13.776010
vt 0.350000 13.883919
vt 0.400000 13.883919
vt 0.350000 13.776010
vt 0.400000 13.883919
vt 0.400000 13.776010
vt 0.400000 13.776010
vt 0.400000 13.883919
vt 0.450000 13.883919
vt 0.400000 13.776010
vt 0.450000 13.883919
vt 0.450000 13.776010
vt 0.450000 13.776010
vt 0.450000 13.883919
vt 0.500000 13.883919
vt 0.450000 13.776010
vt 0.500000 13.883919
vt 0.500000 13.776010
vt 0.500000 13.776010
vt 0.500000 13.883919
vt 0.550000 13.883919
vt 0.500000 13.776010
vt 0.550000 13.883919
vt 0.550000 13.776010
vt 0.550000 13.776010
vt 0.550000 13.883919
vt 0.600000 13.883919
vt 0.550000 13.776010
vt 0.600000 13.883919
vt 0.600000 13.776010
vt 0.600000 13.776010
vt 0.600000 13.883919
vt 0.650000 13.883919
vt 0.600000 13.776010
vt 0.650000 13.883919
vt 0.650000 13.776010
vt 0.650000 13.776010
vt 0.650000 13.883919
vt 0.700000 13.883919
vt 0.650000 13.776010
vt 0.700000 13.883919
vt 0.700000 13.776010
vt 0.700000 13.776010
vt 0.700000 13.883919
vt 0.750000 13.883919
vt 0.700000 13.776010
vt 0.750000 13.883919
vt 0.750000 13.776010
vt 0.750000 13.776010
vt 0.750000 13.883919
vt 0.800000 13.883919
vt 0.750000 13.776010
vt 0.800000 13.883919
vt 0.800000 13.776010
vt 0.800000 13.776010
vt 0.800000 13.883919
vt 0.850000 13.883919
vt 0.800000 13.776010
vt 0.850000 13.883919
vt 0.850000 13.776010
vt 0.850000 13.776010
vt 0.850000 13.883919
vt 0.900000 13.883919
vt 0.850000 13.776010
vt 0.900000 13.883919
vt 0.900000 13.776010
vt 0.900000 13.776010
vt 0.900000 13.883919
vt 0.950000 13.883919
vt 0.900000 13.776010
vt 0.950000 13.883919
vt 0.950000 13.776010
vt 0.950000 13.776010
vt 0.950000 13.883919
vt 0.000000 13.883919
vt 0.950000 13.776010
vt 0.000000 13.883919
vt 0.000000 13.776010
vt 0.000000 13.883919
vt 0.000000 13.951823
vt 0.050000 13.951823
vt 0.000000 13.883919
vt 0.050000 13.951823
vt 0.050000 13.883919
vt 0.050000 13.883919
vt 0.050000 13.951823
vt 0.100000 13.951823
vt 0.050000 13.883919
vt 0.100000 13.951823
vt 0.100000 13.883919
vt 0.100000 13.883919
vt 0.100000 13.951823
vt 0.150000 13.951823
vt 0.100000 13.883919
vt 0.150000 13.951823
vt 0.150000 13.883919
vt 0.150000 13.883919
vt 0.150000 13.951823
vt 0.200000 13.951823
vt 0.150000 13.883919
vt 0.200000 13.951823
vt 0.200000 13.883919
vt 0.200000 13.883919
vt 0.200000 13.951823
vt 0.250000 13.951823
vt 0.200000 13.883919
vt 0.250000 13.951823
vt 0.250000 13.883919
vt 0.250000 13.883919
vt 0.250000 13.951823
vt 0.300000 13.951823
vt 0.250000 13.883919
vt 0.300000 13.951823
vt 0.300000 13.883919
vt 0.300000 13.883919
vt 0.300000 13.951823
vt 0.350000 13.951823
vt 0.300000 13.883919
vt 0.350000 13.951823
vt 0.350000 13.883919
vt 0.350000 13.883919
vt 0.350000 13.951823
vt 0.400000 13.951823
vt 0.350000 13.883919
vt 0.400000 13.951823
vt 0.400000 13.883919
vt 0.400000 13.883919
vt 0.400000 13.951823
vt 0.450000 13.951823
vt 0.400000 13.883919
vt 0.450000 13.951823
vt 0.450000 13.883919
vt 0.450000 13.883919
vt 0.450000 13.951823
vt 0.500000 13.951823
vt 0.450000 13.883919
vt 0.500000 13.951823
vt 0.500000 13.883919
vt 0.500000 13.883919
vt 0.500000 13.951823
vt 0.550000 13.951823
vt 0.500000 13.883919
vt 0.550000 13.951823
vt 0.550000 13.883919
vt 0.550000 13.883919
vt 0.550000 13.951823
vt 0.600000 13.951823
vt 0.550000 13.883919
vt 0.600000 13.951823
vt 0.600000 13.883919
vt 0.600000 13.883919
vt 0.600000 13.951823
vt 0.650000 13.951823
vt 0.600000 13.883919
vt 0.650000 13.951823
vt 0.650000 13.883919
vt 0.650000 13.883919
vt 0.650000 13.951823
vt 0.700000 13.951823
vt 0.650000 13.883919
vt 0.700000 13.951823
vt 0.700000 13.883919
vt 0.700000 13.883919
vt 0.700000 13.951823
vt 0.750000 13.951823
vt 0.700000 13.883919
vt 0.750000 13.951823
vt 0.750000 13.883919
vt 0.750000 13.883919
vt 0.750000 13.951823
vt 0.800000 13.951823
vt 0.750000 13.883919
vt 0.800000 13.951823
vt 0.800000 13.883919
vt 0.800000 13.883919
vt 0.800000 13.951823
vt 0.850000 13.951823
vt 0.800000 13.883919
vt 0.850000 13.951823
vt 0.850000 13.883919
vt 0.850000 13.883919
vt 0.850000 13.951823
vt 0.900000 13.951823
vt 0.850000 13.883919
vt 0.900000 13.951823
vt 0.900000 13.883919
vt 0.900000 13.883919
vt 0.900000 13.951823
vt 0.950000 13.951823
vt 0.900000 13.883919
vt 0.950000 13.951823
vt 0.950000 13.883919
vt 0.950000 13.883919
vt 0.950000 13.951823
vt 0.000000 13.951823
vt 0.950000 13.883919
vt 0.000000 13.951823
vt 0.000000 13.883919
vt 0.000000 13.951823
vt 0.000000 14.118183
vt 0.050000 14.118183
vt 0.000000 13.951823
vt 0.050000 14.118183
vt 0.050000 13.951823
vt 0.050000 13.951823
vt 0.050000 14.118183
vt 0.100000 14.118183
vt 0.050000 13.951823
vt 0.100000 14.118183
vt 0.100000 13.951823
vt 0.100000 13.951823
vt 0.100000 14.118183
vt 0.150000 14.118183
vt 0.100000 13.951823
vt 0.150000 14.118183
vt 0.150000 13.951823
vt 0.150000 13.951823
vt 0.150000 14.118183
vt 0.200000 14.118183
vt 0.150000 13.951823
vt 0.200000 14.118183
vt 0.200000 13.951823
vt 0.200000 13.951823
vt 0.200000 14.118183
vt 0.250000 14.118183
vt 0.200000 13.951823
vt 0.250000 14.118183
vt 0.250000 13.951823
vt 0.250000 13.951823
vt 0.250000 14.118183
vt 0.300000 14.118183
vt 0.250000 13.951823
vt 0.300000 14.118183
vt 0.300000 13.951823
vt 0.300000 13.951823
vt 0.300000 14.118183
vt 0.350000 14.118183
vt 0.300000 13.951823
vt 0.350000 14.118183
vt 0.350000 13.951823
vt 0.350000 13.951823
vt 0.350000 14.118183
vt 0.400000 14.118183
vt 0.350000 13.951823
vt 0.400000 14.118183
vt 0.400000 13.951823
vt 0.400000 13.951823
vt 0.400000 14.118183
vt 0.450000 14.118183
vt 0.400000 13.951823
vt 0.450000 14.118183
vt 0.450000 13.951823
vt 0.450000 13.951823
vt 0.450000 14.118183
vt 0.500000 14.118183
vt 0.450000 13.951823
vt 0.500000 14.118183
vt 0.500000 13.951823
vt 0.500000 13.951823
vt 0.500000 14.118183
vt 0.550000 14.118183
vt 0.500000 13.951823
vt 0.550000 14.118183
vt 0.550000 13.951823
vt 0.550000 13.951823
vt 0.550000 14.118183
vt 0.600000 14.118183
vt 0.550000 13.951823
vt 0.600000 14.118183
vt 0.600000 13.951823
vt 0.600000 13.951823
vt 0.600000 14.118183
vt 0.650000 14.118183
vt 0.600000 13.951823
vt 0.650000 14.118183
vt 0.650000 13.951823
vt 0.650000 13.951823
vt 0.650000 14.118183
vt 0.700000 14.118183
vt 0.650000 13.951823
vt 0.700000 14.118183
vt 0.700000 13.951823
vt 0.700000 13.951823
vt 0.700000 14.118183
vt 0.750000 14.118183
vt 0.700000 13.951823
vt 0.750000 14.118183
vt 0.750000 13.951823
vt 0.750000 13.951823
vt 0.750000 14.118183
vt 0.800000 14.118183
vt 0.750000 13.951823
vt 0.800000 14.118183
vt 0.800000 13.951823
vt 0.800000 13.951823
vt 0.800000 14.118183
vt 0.850000 14.118183
vt 0.800000 13.951823
vt 0.850000 14.118183
vt 0.850000 13.951823
vt 0.850000 13.951823
vt 0.850000 14.118183
vt 0.900000 14.118183
vt 0.850000 13.951823
vt 0.900000 14.118183
vt 0.900000 13.951823
vt 0.900000 13.951823
vt 0.900000 14.118183
vt 0.950000 14.118183
vt 0.900000 13.951823
vt 0.950000 14.118183
vt 0.950000 13.951823
vt 0.950000 13.951823
vt 0.950000 14.118183
vt 0.000000 14.118183
vt 0.950000 13.951823
vt 0.000000 14.118183
vt 0.000000 13.951823
vt 0.000000 14.118183
vt 0.000000 14.345301
vt 0.050000 14.345301
vt 0.000000 14.118183
vt 0.050000 14.345301
vt 0.050000 14.118183
vt 0.050000 14.118183
vt 0.050000 14.345301
vt 0.100000 14.345301
vt 0.050000 14.118183
vt 0.100000 14.345301
vt 0.100000 14.118183
vt 0.100000 14.118183
vt 0.100000 14.345301
vt 0.150000 14.345301
vt 0.100000 14.118183
vt 0.150000 14.345301
vt 0.150000 14.118183
vt 0.150000 14.118183
vt 0.150000 14.345301
vt 0.200000 14.345301
vt 0.150000 14.118183
vt 0.200000 14.345301
vt 0.200000 14.118183
vt 0.200000 14.118183
vt 0.200000 14.345301
vt 0.250000 14.345301
vt 0.200000 14.118183
vt 0.250000 14.345301
vt 0.250000 14.118183
vt 0.250000 14.118183
vt 0.250000 14.345301
vt 0.300000 14.345301
vt 0.250000 14.118183
vt 0.300000 14.345301
vt 0.300000 14.118183
vt 0.300000 14.118183
vt 0.300000 14.345301
vt 0.350000 14.345301
vt 0.300000 14.118183
vt 0.350000 14.345301
vt 0.350000 14.118183
vt 0.350000 14.118183
vt 0.350000 14.345301
vt 0.400000 14.345301
vt 0.350000 14.118183
vt 0.400000 14.345301
vt 0.400000 14.118183
vt 0.400000 14.118183
vt 0.400000 14.345301
vt 0.450000 14.345301
vt 0.400000 14.118183
vt 0.450000 14.345301
vt 0.450000 14.118183
vt 0.450000 14.118183
vt 0.450000 14.345301
vt 0.500000 14.345301
vt 0.450000 14.118183
vt 0.500000 14.345301
vt 0.500000 14.118183
vt 0.500000 14.118183
vt 0.500000 14.345301
vt 0.550000 14.345301
vt 0.500000 14.118183
vt 0.550000 14.345301
vt 0.550000 14.118183
vt 0.550000 14.118183
vt 0.550000 14.345301
vt 0.600000 14.345301
vt 0.550000 14.118183
vt 0.600000 14.345301
vt 0.600000 14.118183
vt 0.600000 14.118183
vt 0.600000 14.345301
vt 0.650000 14.345301
vt 0.600000 14.118183
vt 0.650000 14.345301
vt 0.650000 14.118183
vt 0.650000 14.118183
vt 0.650000 14.345301
vt 0.700000 14.345301
vt 0.650000 14.118183
vt 0.700000 14.345301
vt 0.700000 14.118183
vt 0.700000 14.118183
vt 0.700000 14.345301
vt 0.750000 14.345301
vt 0.700000 14.118183
vt 0.750000 14.345301
vt 0.750000 14.118183
vt 0.750000 14.118183
vt 0.750000 14.345301
vt 0.800000 14.345301
vt 0.750000 14.118183
vt 0.800000 14.345301
vt 0.800000 14.118183
vt 0.800000 14.118183
vt 0.800000 14.345301
vt 0.850000 14.345301
vt 0.800000 14.118183
vt 0.850000 14.345301
vt 0.850000 14.118183
vt 0.850000 14.118183
vt 0.850000 14.345301
vt 0.900000 14.345301
vt 0.850000 14.118183
vt 0.900000 14.345301
vt 0.900000 14.118183
vt 0.900000 14.118183
vt 0.900000 14.345301
vt 0.950000 14.345301
vt 0.900000 14.118183
vt 0.950000 14.345301
vt 0.950000 14.118183
vt 0.950000 14.118183
vt 0.950000 14.345301
vt 0.000000 14.345301
vt 0.950000 14.118183
vt 0.000000 14.345301
vt 0.000000 14.118183
vt 0.000000 14.345301
vt 0.000000 14.674054
vt 0.050000 14.674054
vt 0.000000 14.345301
vt 0.050000 14.674054
vt 0.050000 14.345301
vt 0.050000 14.345301
vt 0.050000 14.674054
vt 0.100000 14.674054
vt 0.050000 14.345301
vt 0.100000 14.674054
vt 0.100000 14.345301
vt 0.100000 14.345301
vt 0.100000 14.674054
vt 0.150000 14.674054
vt 0.100000 14.345301
vt 0.150000 14.674054
vt 0.150000 14.345301
vt 0.150000 14.345301
vt 0.150000 14.674054
vt 0.200000 14.674054
vt 0.150000 14.345301
vt 0.200000 14.674054
vt 0.200000 14.345301
vt 0.200000 14.345301
vt 0.200000 14.674054
vt 0.250000 14.674054
vt 0.200000 14.345301
vt 0.250000 14.674054
vt 0.250000 14.345301
vt 0.250000 14.345301
vt 0.250000 14.674054
vt 0.300000 14.674054
vt 0.250000 14.345301
vt 0.300000 14.674054
vt 0.300000 14.345301
vt 0.300000 14.345301
vt 0.300000 14.674054
vt 0.350000 14.674054
vt 0.300000 14.345301
vt 0.350000 14.674054
vt 0.350000 14.345301
vt 0.350000 14.345301
vt 0.350000 14.674054
vt 0.400000 14.674054
vt 0.350000 14.345301
vt 0.400000 14.674054
vt 0.400000 14.345301
vt 0.400000 14.345301
vt 0.400000 14.674054
vt 0.450000 14.674054
vt 0.400000 14.345301
vt 0.450000 14.674054
vt 0.450000 14.345301
vt 0.450000 14.345301
vt 0.450000 14.674054
vt 0.500000 14.674054
vt 0.450000 14.345301
vt 0.500000 14.674054
vt 0.500000 14.345301
vt 0.500000 14.345301
vt 0.500000 14.674054
vt 0.550000 14.674054
vt 0.500000 14.345301
vt 0.550000 14.674054
vt 0.550000 14.345301
vt 0.550000 14.345301
vt 0.550000 14.674054
vt 0.600000 14.674054
vt 0.550000 14.345301
vt 0.600000 14.674054
vt 0.600000 14.345301
vt 0.600000 14.345301
vt 0.600000 14.674054
vt 0.650000 14.674054
vt 0.600000 14.345301
vt 0.650000 14.674054
vt 0.650000 14.345301
vt 0.650000 14.345301
vt 0.650000 14.674054
vt 0.700000 14.674054
vt 0.650000 14.345301
vt 0.700000 14.674054
vt 0.700000 14.345301
vt 0.700000 14.345301
vt 0.700000 14.674054
vt 0.750000 14.674054
vt 0.700000 14.345301
vt 0.750000 14.674054
vt 0.750000 14.345301
vt 0.750000 14.345301
vt 0.750000 14.674054
vt 0.800000 14.674054
vt 0.750000 14.345301
vt 0.800000 14.674054
vt 0.800000 14.345301
vt 0.800000 14.345301
vt 0.800000 14.674054
vt 0.850000 14.674054
vt 0.800000 14.345301
vt 0.850000 14.674054
vt 0.850000 14.345301
vt 0.850000 14.345301
vt 0.850000 14.674054
vt 0.900000 14.674054
vt 0.850000 14.345301
vt 0.900000 14.674054
vt 0.900000 14.345301
vt 0.900000 14.345301
vt 0.900000 14.674054
vt 0.950000 14.674054
vt 0.900000 14.345301
vt 0.950000 14.674054
vt 0.950000 14.345301
vt 0.950000 14.345301
vt 0.950000 14.674054
vt 0.000000 14.674054
vt 0.950000 14.345301
vt 0.000000 14.674054
vt 0.000000 14.345301
vt 0.000000 14.674054
vt 0.000000 14.846150
vt 0.050000 14.846150
vt 0.000000 14.674054
vt 0.050000 14.846150
vt 0.050000 14.674054
vt 0.050000 14.674054
vt 0.050000 14.846150
vt 0.100000 14.846150
vt 0.050000 14.674054
vt 0.100000 14.846150
vt 0.100000 14.674054
vt 0.100000 14.674054
vt 0.100000 14.846150
vt 0.150000 14.846150
vt 0.100000 14.674054
vt 0.150000 14.846150
vt 0.150000 14.674054
vt 0.150000 14.674054
vt 0.150000 14.846150
vt 0.200000 14.846150
vt 0.150000 14.674054
vt 0.200000 14.846150
vt 0.200000 14.674054
vt 0.200000 14.674054
vt 0.200000 14.846150
vt 0.250000 14.846150
vt 0.200000 14.674054
vt 0.250000 14.846150
vt 0.250000 14.674054
vt 0.250000 14.674054
vt 0.250000 14.846150
vt 0.300000 14.846150
vt 0.250000 14.674054
vt 0.300000 14.846150
vt 0.300000 14.674054
vt 0.300000 14.674054
vt 0.300000 14.846150
vt 0.350000 14.846150
vt 0.300000 14.674054
vt 0.350000 14.846150
vt 0.350000 14.674054
vt 0.350000 14.674054
vt 0.350000 14.846150
vt 0.400000 14.846150
vt 0.350000 14.674054
vt 0.400000 14.846150
vt 0.400000 14.674054
vt 0.400000 14.674054
vt 0.400000 14.846150
vt 0.450000 14.846150
vt 0.400000 14.674054
vt 0.450000 14.846150
vt 0.450000 14.674054
vt 0.450000 14.674054
vt 0.450000 14.846150
vt 0.500000 14.846150
vt 0.450000 14.674054
vt 0.500000 14.846150
vt 0.500000 14.674054
vt 0.500000 14.674054
vt 0.500000 14.846150
vt 0.550000 14.846150
vt 0.500000 14.674054
vt 0.550000 14.846150
vt 0.550000 14.674054
vt 0.550000 14.674054
vt 0.550000 14.846150
vt 0.600000 14.846150
vt 0.550000 14.674054
vt 0.600000 14.846150
vt 0.600000 14.674054
vt 0.600000 14.674054
vt 0.600000 14.846150
vt 0.650000 14.846150
vt 0.600000 14.674054
vt 0.650000 14.846150
vt 0.650000 14.674054
vt 0.650000 14.674054
vt 0.650000 14.846150
vt 0.700000 14.846150
vt 0.650000 14.674054
vt 0.700000 14.846150
vt 0.700000 14.674054
vt 0.700000 14.674054
vt 0.700000 14.846150
vt 0.750000 14.846150
vt 0.700000 14.674054
vt 0.750000 14.846150
vt 0.750000 14.674054
vt 0.750000 14.674054
vt 0.750000 14.846150
vt 0.800000 14.846150
vt 0.750000 14.674054
vt 0.800000 14.846150
vt 0.800000 14.674054
vt 0.800000 14.674054
vt 0.800000 14.846150
vt 0.850000 14.846150
vt 0.800000 14.674054
vt 0.850000 14.846150
vt 0.850000 14.674054
vt 0.850000 14.674054
vt 0.850000 14.846150
vt 0.900000 14.846150
vt 0.850000 14.674054
vt 0.900000 14.846150
vt 0.900000 14.674054
vt 0.900000 14.674054
vt 0.900000 14.846150
vt 0.950000 14.846150
vt 0.900000 14.674054
vt 0.950000 14.846150
vt 0.950000 14.674054
vt 0.950000 14.674054
vt 0.950000 14.846150
vt 0.000000 14.846150
vt 0.950000 14.674054
vt 0.000000 14.846150
vt 0.000000 14.674054
vt 0.000000 14.846150
vt 0.000000 15.098856
vt 0.050000 15.098856
vt 0.000000 14.846150
vt 0.050000 15.098856
vt 0.050000 14.846150
vt 0.050000 14.846150
vt 0.050000 15.098856
vt 0.100000 15.098856
vt 0.050000 14.846150
vt 0.100000 15.098856
vt 0.100000 14.846150
vt 0.100000 14.846150
vt 0.100000 15.098856
vt 0.150000 15.098856
vt 0.100000 14.846150
vt 0.150000 15.098856
vt 0.150000 14.846150
vt 0.150000 14.846150
vt 0.150000 15.098856
vt 0.200000 15.098856
vt 0.150000 14.846150
vt 0.200000 15.098856
vt 0.200000 14.846150
vt 0.200000 14.846150
vt 0.200000 15.098856
vt 0.250000 15.098856
vt 0.200000 14.846150
vt 0.250000 15.098856
vt 0.250000 14.846150
vt 0.250000 14.846150
vt 0.250000 15.098856
vt 0.300000 15.098856
vt 0.250000 14.846150
vt 0.300000 15.098856
vt 0.300000 14.846150
vt 0.300000 14.846150
vt 0.300000 15.098856
vt 0.350000 15.098856
vt 0.300000 14.846150
vt 0.350000 15.098856
vt 0.350000 14.846150
vt 0.350000 14.846150
vt 0.350000 15.098856
vt 0.400000 15.098856
vt 0.350000 14.846150
vt 0.400000 15.098856
vt 0.400000 14.846150
vt 0.400000 14.846150
vt 0.400000 15.098856
vt 0.450000 15.098856
vt 0.400000 14.846150
vt 0.450000 15.098856
vt 0.450000 14.846150
vt 0.450000 14.846150
vt 0.450000 15.098856
vt 0.500000 15.098856
vt 0.450000 14.846150
vt 0.500000 15.098856
vt 0.500000 14.846150
vt 0.500000 14.846150
vt 0.500000 15.098856
vt 0.550000 15.098856
vt 0.500000 14.846150
vt 0.550000 15.098856
vt 0.550000 14.846150
vt 0.550000 14.846150
vt 0.550000 15.098856
vt 0.600000 15.098856
vt 0.550000 14.846150
vt 0.600000 15.098856
vt 0.600000 14.846150
vt 0.600000 14.846150
vt 0.600000 15.098856
vt 0.650000 15.098856
vt 0.600000 14.846150
vt 0.650000 15.098856
vt 0.650000 14.846150
vt 0.650000 14.846150
vt 0.650000 15.098856
vt 0.700000 15.098856
vt 0.650000 14.846150
vt 0.700000 15.098856
vt 0.700000 14.846150
vt 0.700000 14.846150
vt 0.700000 15.098856
vt 0.750000 15.098856
vt 0.700000 14.846150
vt 0.750000 15.098856
vt 0.750000 14.846150
vt 0.750000 14.846150
vt 0.750000 15.098856
vt 0.800000 15.098856
vt 0.750000 14.846150
vt 0.800000 15.098856
vt 0.800000 14.846150
vt 0.800000 14.846150
vt 0.800000 15.098856
vt 0.850000 15.098856
vt 0.800000 14.846150
vt 0.850000 15.098856
vt 0.850000 14.846150
vt 0.850000 14.846150
vt 0.850000 15.098856
vt 0.900000 15.098856
vt 0.850000 14.846150
vt 0.900000 15.098856
vt 0.900000 14.846150
vt 0.900000 14.846150
vt 0.900000 15.098856
vt 0.950000 15.098856
vt 0.900000 14.846150
vt 0.950000 15.098856
vt 0.950000 14.846150
vt 0.950000 14.846150
vt 0.950000 15.098856
vt 0.000000 15.098856
vt 0.950000 14.846150
vt 0.000000 15.098856
vt 0.000000 14.846150
vt 0.000000 15.098856
vt 0.000000 15.244746
vt 0.050000 15.244746
vt 0.000000 15.098856
vt 0.050000 15.244746
vt 0.050000 15.098856
vt 0.050000 15.098856
vt 0.050000 15.244746
vt 0.100000 15.244746
vt 0.050000 15.098856
vt 0.100000 15.244746
vt 0.100000 15.098856
vt 0.100000 15.098856
vt 0.100000 15.244746
vt 0.150000 15.244746
vt 0.100000 15.098856
vt 0.150000 15.244746
vt 0.150000 15.098856
vt 0.150000 15.098856
vt 0.150000 15.244746
vt 0.200000 15.244746
vt 0.150000 15.098856
vt 0.200000 15.244746
vt 0.200000 15.098856
vt 0.200000 15.098856
vt 0.200000 15.244746
vt 0.250000 15.244746
vt 0.200000 15.098856
vt 0.250000 15.244746
vt 0.250000 15.098856
vt 0.250000 15.098856
vt 0.250000 15.244746
vt 0.300000 15.244746
vt 0.250000 15.098856
vt 0.300000 15.244746
vt 0.300000 15.098856
vt 0.300000 15.098856
vt 0.300000 15.244746
vt 0.350000 15.244746
vt 0.300000 15.098856
vt 0.350000 15.244746
vt 0.350000 15.098856
vt 0.350000 15.098856
vt 0.350000 15.244746
vt 0.400000 15.244746
vt 0.350000 15.098856
vt 0.400000 15.244746
vt 0.400000 15.098856
vt 0.400000 15.098856
vt 0.400000 15.244746
vt 0.450000 15.244746
vt 0.400000 15.098856
vt 0.450000 15.244746
vt 0.450000 15.098856
vt 0.450000 15.098856
vt 0.450000 15.244746
vt 0.500000 15.244746
vt 0.450000 15.098856
vt 0.500000 15.244746
vt 0.500000 15.098856
vt 0.500000 15.098856
vt 0.500000 15.244746
vt 0.550000 15.244746
vt 0.500000 15.098856
vt 0.550000 15.244746
vt 0.550000 15.098856
vt 0.550000 15.098856
vt 0.550000 15.244746
vt 0.600000 15.244746
vt 0.550000 15.098856
vt 0.600000 15.244746
vt 0.600000 15.098856
vt 0.600000 15.098856
vt 0.600000 15.244746
vt 0.650000 15.244746
vt 0.600000 15.098856
vt 0.650000 15.244746
vt 0.650000 15.098856
vt 0.650000 15.098856
vt 0.650000 15.244746
vt 0.700000 15.244746
vt 0.650000 15.098856
vt 0.700000 15.244746
vt 0.700000 15.098856
vt 0.700000 15.098856
vt 0.700000 15.244746
vt 0.750000 15.244746
vt 0.700000 15.098856
vt 0.750000 15.244746
vt 0.750000 15.098856
vt 0.750000 15.098856
vt 0.750000 15.244746
vt 0.800000 15.244746
vt 0.750000 15.098856
vt 0.800000 15.244746
vt 0.800000 15.098856
vt 0.800000 15.098856
vt 0.800000 15.244746
vt 0.850000 15.244746
vt 0.800000 15.098856
vt 0.850000 15.244746
vt 0.850000 15.098856
vt 0.850000 15.098856
vt 0.850000 15.244746
vt 0.900000 15.244746
vt 0.850000 15.098856
vt 0.900000 15.244746
vt 0.900000 15.098856
vt 0.900000 15.098856
vt 0.900000 15.244746
vt 0.950000 15.244746
vt 0.900000 15.098856
vt 0.950000 15.244746
vt 0.950000 15.098856
vt 0.950000 15.098856
vt 0.950000 15.244746
vt 0.000000 15.244746
vt 0.950000 15.098856
vt 0.000000 15.244746
vt 0.000000 15.098856
vt 0.000000 15.244746
vt 0.000000 15.536424
vt 0.050000 15.536424
vt 0.000000 15.244746
vt 0.050000 15.536424
vt 0.050000 15.244746
vt 0.050000 15.244746
vt 0.050000 15.536424
vt 0.100000 15.536424
vt 0.050000 15.244746
vt 0.100000 15.536424
vt 0.100000 15.244746
vt 0.100000 15.244746
vt 0.100000 15.536424
vt 0.150000 15.536424
vt 0.100000 15.244746
vt 0.150000 15.536424
vt 0.150000 15.244746
vt 0.150000 15.244746
vt 0.150000 15.536424
vt 0.200000 15.536424
vt 0.150000 15.244746
vt 0.200000 15.536424
vt 0.200000 15.244746
vt 0.200000 15.244746
vt 0.200000 15.536424
vt 0.250000 15.536424
vt 0.200000 15.244746
vt 0.250000 15.536424
vt 0.250000 15.244746
vt 0.250000 15.244746
vt 0.250000 15.536424
vt 0.300000 15.536424
vt 0.250000 15.244746
vt 0.300000 15.536424
vt 0.300000 15.244746
vt 0.300000 15.244746
vt 0.300000 15.536424
vt 0.350000 15.536424
vt 0.300000 15.244746
vt 0.350000 15.536424
vt 0.350000 15.244746
vt 0.350000 15.244746
vt 0.350000 15.536424
vt 0.400000 15.536424
vt 0.350000 15.244746
vt 0.400000 15.536424
vt 0.400000 15.244746
vt 0.400000 15.244746
vt 0.400000 15.536424
vt 0.450000 15.536424
vt 0.400000 15.244746
vt 0.450000 15.536424
vt 0.450000 15.244746
vt 0.450000 15.244746
vt 0.450000 15.536424
vt 0.500000 15.536424
vt 0.450000 15.244746
vt 0.500000 15.536424
vt 0.500000 15.244746
vt 0.500000 15.244746
vt 0.500000 15.536424
vt 0.550000 15.536424
vt 0.500000 15.244746
vt 0.550000 15.536424
vt 0.550000 15.244746
vt 0.550000 15.244746
vt 0.550000 15.536424
vt 0.600000 15.536424
vt 0.550000 15.244746
vt 0.600000 15.536424
vt 0.600000 15.244746
vt 0.600000 15.244746
vt 0.600000 15.536424
vt 0.650000 15.536424
vt 0.600000 15.244746
vt 0.650000 15.536424
vt 0.650000 15.244746
vt 0.650000 15.244746
vt 0.650000 15.536424
vt 0.700000 15.536424
vt 0.650000 15.244746
vt 0.700000 15.536424
vt 0.700000 15.244746
vt 0.700000 15.244746
vt 0.700000 15.536424
vt 0.750000 15.536424
vt 0.700000 15.244746
vt 0.750000 15.536424
vt 0.750000 15.244746
vt 0.750000 15.244746
vt 0.750000 15.536424
vt 0.800000 15.536424
vt 0.750000 15.244746
vt 0.800000 15.536424
vt 0.800000 15.244746
vt 0.800000 15.244746
vt 0.800000 15.536424
vt 0.850000 15.536424
vt 0.800000 15.244746
vt 0.850000 15.536424
vt 0.850000 15.244746
vt 0.850000 15.244746
vt 0.850000 15.536424
vt 0.900000 15.536424
vt 0.850000 15.244746
vt 0.900000 15.536424
vt 0.900000 15.244746
vt 0.900000 15.244746
vt 0.900000 15.536424
vt 0.950000 15.536424
vt 0.900000 15.244746
vt 0.950000 15.536424
vt 0.950000 15.244746
vt 0.950000 15.244746
vt 0.950000 15.536424
vt 0.000000 15.536424
vt 0.950000 15.244746
vt 0.000000 15.536424
vt 0.000000 15.244746
vt 0.000000 15.536424
vt 0.000000 15.849987
vt 0.050000 15.849987
vt 0.000000 15.536424
vt 0.050000 15.849987
vt 0.050000 15.536424
vt 0.050000 15.536424
vt 0.050000 15.849987
vt 0.100000 15.849987
vt 0.050000 15.536424
vt 0.100000 15.849987
vt 0.100000 15.536424
vt 0.100000 15.536424
vt 0.100000 15.849987
vt 0.150000 15.849987
vt 0.100000 15.536424
vt 0.150000 15.849987
vt 0.150000 15.536424
vt 0.150000 15.536424
vt 0.150000 15.849987
vt 0.200000 15.849987
vt 0.150000 15.536424
vt 0.200000 15.849987
vt 0.200000 15.536424
vt 0.200000 15.536424
vt 0.200000 15.849987
vt 0.250000 15.849987
vt 0.200000 15.536424
vt 0.250000 15.849987
vt 0.250000 15.536424
vt 0.250000 15.536424
vt 0.250000 15.849987
vt 0.300000 15.849987
vt 0.250000 15.536424
vt 0.300000 15.849987
vt 0.300000 15.536424
vt 0.300000 15.536424
vt 0.300000 15.849987
vt 0.350000 15.849987
vt 0.300000 15.536424
vt 0.350000 15.849987
vt 0.350000 15.536424
vt 0.350000 15.536424
vt 0.350000 15.849987
vt 0.400000 15.849987
vt 0.350000 15.536424
vt 0.400000 15.849987
vt 0.400000 15.536424
vt 0.400000 15.536424
vt 0.400000 15.849987
vt 0.450000 15.849987
vt 0.400000 15.536424
vt 0.450000 15.849987
vt 0.450000 15.536424
vt 0.450000 15.536424
vt 0.450000 15.849987
vt 0.500000 15.849987
vt 0.450000 15.536424
vt 0.500000 15.849987
vt 0.500000 15.536424
vt 0.500000 15.536424
vt 0.500000 15.849987
vt 0.550000 15.849987
vt 0.500000 15.536424
vt 0.550000 15.849987
vt 0.550000 15.536424
vt 0.550000 15.536424
vt 0.550000 15.849987
vt 0.600000 15.849987
vt 0.550000 15.536424
vt 0.600000 15.849987
vt 0.600000 15.536424
vt 0.600000 15.536424
vt 0.600000 15.849987
vt 0.650000 15.849987
vt 0.600000 15.536424
vt 0.650000 15.849987
vt 0.650000 15.536424
vt 0.650000 15.536424
vt 0.650000 15.849987
vt 0.700000 15.849987
vt 0.650000 15.536424
vt 0.700000 15.849987
vt 0.700000 15.536424
vt 0.700000 15.536424
vt 0.700000 15.849987
vt 0.750000 15.849987
vt 0.700000 15.536424
vt 0.750000 15.849987
vt 0.750000 15.536424
vt 0.750000 15.536424
vt 0.750000 15.849987
vt 0.800000 15.849987
vt 0.750000 15.536424
vt 0.800000 15.849987
vt 0.800000 15.536424
vt 0.800000 15.536424
vt 0.800000 15.849987
vt 0.850000 15.849987
vt 0.800000 15.536424
vt 0.850000 15.849987
vt 0.850000 15.536424
vt 0.850000 15.536424
vt 0.850000 15.849987
vt 0.900000 15.849987
vt 0.850000 15.536424
vt 0.900000 15.849987
vt 0.900000 15.536424
vt 0.900000 15.536424
vt 0.900000 15.849987
vt 0.950000 15.849987
vt 0.900000 15.536424
vt 0.950000 15.849987
vt 0.950000 15.536424
vt 0.950000 15.536424
vt 0.950000 15.849987
vt 0.000000 15.849987
vt 0.950000 15.536424
vt 0.000000 15.849987
vt 0.000000 15.536424
vt 0.000000 15.849987
vt 0.000000 16.018785
vt 0.050000 16.018785
vt 0.000000 15.849987
vt 0.050000 16.018785
vt 0.050000 15.849987
vt 0.050000 15.849987
vt 0.050000 16.018785
vt 0.100000 16.018785
vt 0.050000 15.849987
vt 0.100000 16.018785
vt 0.100000 15.849987
vt 0.100000 15.849987
vt 0.100000 16.018785
vt 0.150000 16.018785
vt 0.100000 15.849987
vt 0.150000 16.018785
vt 0.150000 15.849987
vt 0.150000 15.849987
vt 0.150000 16.018785
vt 0.200000 16.018785
vt 0.150000 15.849987
vt 0.200000 16.018785
vt 0.200000 15.849987
vt 0.200000 15.849987
vt 0.200000 16.018785
vt 0.250000 16.018785
vt 0.200000 15.849987
vt 0.250000 16.018785
vt 0.250000 15.849987
vt 0.250000 15.849987
vt 0.250000 16.018785
vt 0.300000 16.018785
vt 0.250000 15.849987
vt 0.300000 16.018785
vt 0.300000 15.849987
vt 0.300000 15.849987
vt 0.300000 16.018785
vt 0.350000 16.018785
vt 0.300000 15.849987
vt 0.350000 16.018785
vt 0.350000 15.849987
vt 0.350000 15.849987
vt 0.350000 16.018785
vt 0.400000 16.018785
vt 0.350000 15.849987
vt 0.400000 16.018785
vt 0.400000 15.849987
vt 0.400000 15.849987
vt 0.400000 16.018785
vt 0.450000 16.018785
vt 0.400000 15.849987
vt 0.450000 16.018785
vt 0.450000 15.849987
vt 0.450000 15.849987
vt 0.450000 16.018785
vt 0.500000 16.018785
vt 0.450000 15.849987
vt 0.500000 16.018785
vt 0.500000 15.849987
vt 0.500000 15.849987
vt 0.500000 16.018785
vt 0.550000 16.018785
vt 0.500000 15.849987
vt 0.550000 16.018785
vt 0.550000 15.849987
vt 0.550000 15.849987
vt 0.550000 16.018785
vt 0.600000 16.018785
vt 0.550000 15.849987
vt 0.600000 16.018785
vt 0.600000 15.849987
vt 0.600000 15.849987
vt 0.600000 16.018785
vt 0.650000 16.018785
vt 0.600000 15.849987
vt 0.650000 16.018785
vt 0.650000 15.849987
vt 0.650000 15.849987
vt 0.650000 16.018785
vt 0.700000 16.018785
vt 0.650000 15.849987
vt 0.700000 16.018785
vt 0.700000 15.849987
vt 0.700000 15.849987
vt 0.700000 16.018785
vt 0.750000 16.018785
vt 0.700000 15.849987
vt 0.750000 16.018785
vt 0.750000 15.849987
vt 0.750000 15.849987
vt 0.750000 16.018785
vt 0.800000 16.018785
vt 0.750000 15.849987
vt 0.800000 16.018785
vt 0.800000 15.849987
vt 0.800000 15.849987
vt 0.800000 16.018785
vt 0.850000 16.018785
vt 0.800000 15.849987
vt 0.850000 16.018785
vt 0.850000 15.849987
vt 0.850000 15.849987
vt 0.850000 16.018785
vt 0.900000 16.018785
vt 0.850000 15.849987
vt 0.900000 16.018785
vt 0.900000 15.849987
vt 0.900000 15.849987
vt 0.900000 16.018785
vt 0.950000 16.018785
vt 0.900000 15.849987
vt 0.950000 16.018785
vt 0.950000 15.849987
vt 0.950000 15.849987
vt 0.950000 16.018785
vt 0.000000 16.018785
vt 0.950000 15.849987
vt 0.000000 16.018785
vt 0.000000 15.849987
vt 0.000000 16.018785
vt 0.000000 16.127054
vt 0.050000 16.127054
vt 0.000000 16.018785
vt 0.050000 16.127054
vt 0.050000 16.018785
vt 0.050000 16.018785
vt 0.050000 16.127054
vt 0.100000 16.127054
vt 0.050000 16.018785
vt 0.100000 16.127054
vt 0.100000 16.018785
vt 0.100000 16.018785
vt 0.100000 16.127054
vt 0.150000 16.127054
vt 0.100000 16.018785
vt 0.150000 16.127054
vt 0.150000 16.018785
vt 0.150000 16.018785
vt 0.150000 16.127054
vt 0.200000 16.127054
vt 0.150000 16.018785
vt 0.200000 16.127054
vt 0.200000 16.018785
vt 0.200000 16.018785
vt 0.200000 16.127054
vt 0.250000 16.127054
vt 0.200000 16.018785
vt 0.250000 16.127054
vt 0.250000 16.018785
vt 0.250000 16.018785
vt 0.250000 16.127054
vt 0.300000 16.127054
vt 0.250000 16.018785
vt 0.300000 16.127054
vt 0.300000 16.018785
vt 0.300000 16.018785
vt 0.300000 16.127054
vt 0.350000 16.127054
vt 0.300000 16.018785
vt 0.350000 16.127054
vt 0.350000 16.018785
vt 0.350000 16.018785
vt 0.350000 16.127054
vt 0.400000 16.127054
vt 0.350000 16.018785
vt 0.400000 16.127054
vt 0.400000 16.018785
vt 0.400000 16.018785
vt 0.400000 16.127054
vt 0.450000 16.127054
vt 0.400000 16.018785
vt 0.450000 16.127054
vt 0.450000 16.018785
vt 0.450000 16.018785
vt 0.450000 16.127054
vt 0.500000 16.127054
vt 0.450000 16.018785
vt 0.500000 16.127054
vt 0.500000 16.018785
vt 0.500000 16.018785
vt 0.500000 16.127054
vt 0.550000 16.127054
vt 0.500000 16.018785
vt 0.550000 16.127054
vt 0.550000 16.018785
vt 0.550000 16.018785
vt 0.550000 16.127054
vt 0.600000 16.127054
vt 0.550000 16.018785
vt 0.600000 16.127054
vt 0.600000 16.018785
vt 0.600000 16.018785
vt 0.600000 16.127054
vt 0.650000 16.127054
vt 0.600000 16.018785
vt 0.650000 16.127054
vt 0.650000 16.018785
vt 0.650000 16.018785
vt 0.650000 16.127054
vt 0.700000 16.127054
vt 0.650000 16.018785
vt 0.700000 16.127054
vt 0.700000 16.018785
vt 0.700000 16.018785
vt 0.700000 16.127054
vt 0.750000 16.127054
vt 0.700000 16.018785
vt 0.750000 16.127054
vt 0.750000 16.018785
vt 0.750000 16.018785
vt 0.750000 16.127054
vt 0.800000 16.127054
vt 0.750000 16.018785
vt 0.800000 16.127054
vt 0.800000 16.018785
vt 0.800000 16.018785
vt 0.800000 16.127054
vt 0.850000 16.127054
vt 0.800000 16.018785
vt 0.850000 16.127054
vt 0.850000 16.018785
vt 0.850000 16.018785
vt 0.850000 16.127054
vt 0.900000 16.127054
vt 0.850000 16.018785
vt 0.900000 16.127054
vt 0.900000 16.018785
vt 0.900000 16.018785
vt 0.900000 16.127054
vt 0.950000 16.127054
vt 0.900000 16.018785
vt 0.950000 16.127054
vt 0.950000 16.018785
vt 0.950000 16.018785
vt 0.950000 16.127054
vt 0.000000 16.127054
vt 0.950000 16.018785
vt 0.000000 16.127054
vt 0.000000 16.018785
vt 0.000000 16.127054
vt 0.000000 16.414892
vt 0.050000 16.414892
vt 0.000000 16.127054
vt 0.050000 16.414892
vt 0.050000 16.127054
vt 0.050000 16.127054
vt 0.050000 16.414892
vt 0.100000 16.414892
vt 0.050000 16.127054
vt 0.100000 16.414892
vt 0.100000 16.127054
vt 0.100000 16.127054
vt 0.100000 16.414892
vt 0.150000 16.414892
vt 0.100000 16.127054
vt 0.150000 16.414892
vt 0.150000 16.127054
vt 0.150000 16.127054
vt 0.150000 16.414892
vt 0.200000 16.414892
vt 0.150000 16.127054
vt 0.200000 16.414892
vt 0.200000 16.127054
vt 0.200000 16.127054
vt 0.200000 16.414892
vt 0.250000 16.414892
vt 0.200000 16.127054
vt 0.250000 16.414892
vt 0.250000 16.127054
vt 0.250000 16.127054
vt 0.250000 16.414892
vt 0.300000 16.414892
vt 0.250000 16.127054
vt 0.300000 16.414892
vt 0.300000 16.127054
vt 0.300000 16.127054
vt 0.300000 16.414892
vt 0.350000 16.414892
vt 0.300000 16.127054
vt 0.350000 16.414892
vt 0.350000 16.127054
vt 0.350000 16.127054
vt 0.350000 16.414892
vt 0.400000 16.414892
vt 0.350000 16.127054
vt 0.400000 16.414892
vt 0.400000 16.127054
vt 0.400000 16.127054
vt 0.400000 16.414892
vt 0.450000 16.414892
vt 0.400000 16.127054
vt 0.450000 16.414892
vt 0.450000 16.127054
vt 0.450000 16.127054
vt 0.450000 16.414892
vt 0.500000 16.414892
vt 0.450000 16.127054
vt 0.500000 16.414892
vt 0.500000 16.127054
vt 0.500000 16.127054
vt 0.500000 16.414892
vt 0.550000 16.414892
vt 0.500000 16.127054
vt 0.550000 16.414892
vt 0.550000 16.127054
vt 0.550000 16.127054
vt 0.550000 16.414892
vt 0.600000 16.414892
vt 0.550000 16.127054
vt 0.600000 16.414892
vt 0.600000 16.127054
vt 0.600000 16.127054
vt 0.600000 16.414892
vt 0.650000 16.414892
vt 0.600000 16.127054
vt 0.650000 16.414892
vt 0.650000 16.127054
vt 0.650000 16.127054
vt 0.650000 16.414892
vt 0.700000 16.414892
vt 0.650000 16.127054
vt 0.700000 16.414892
vt 0.700000 16.127054
vt 0.700000 16.127054
vt 0.700000 16.414892
vt 0.750000 16.414892
vt 0.700000 16.127054
vt 0.750000 16.414892
vt 0.750000 16.127054
vt 0.750000 16.127054
vt 0.750000 16.414892
vt 0.800000 16.414892
vt 0.750000 16.127054
vt 0.800000 16.414892
vt 0.800000 16.127054
vt 0.800000 16.127054
vt 0.800000 16.414892
vt 0.850000 16.414892
vt 0.800000 16.127054
vt 0.850000 16.414892
vt 0.850000 16.127054
vt 0.850000 16.127054
vt 0.850000 16.414892
vt 0.900000 16.414892
vt 0.850000 16.127054
vt 0.900000 16.414892
vt 0.900000 16.127054
vt 0.900000 16.127054
vt 0.900000 16.414892
vt 0.950000 16.414892
vt 0.900000 16.127054
vt 0.950000 16.414892
vt 0.950000 16.127054
vt 0.950000 16.127054
vt 0.950000 16.414892
vt 0.000000 16.414892
vt 0.950000 16.127054
vt 0.000000 16.414892
vt 0.000000 16.127054
vt 0.000000 16.414892
vt 0.000000 16.630316
vt 0.050000 16.630316
vt 0.000000 16.414892
vt 0.050000 16.630316
vt 0.050000 16.414892
vt 0.050000 16.414892
vt 0.050000 16.630316
vt 0.100000 16.630316
vt 0.050000 16.414892
vt 0.100000 16.630316
vt 0.100000 16.414892
vt 0.100000 16.414892
vt 0.100000 16.630316
vt 0.150000 16.630316
vt 0.100000 16.414892
vt 0.150000 16.630316
vt 0.150000 16.414892
vt 0.150000 16.414892
vt 0.150000 16.630316
vt 0.200000 16.630316
vt 0.150000 16.414892
vt 0.200000 16.630316
vt 0.200000 16.414892
vt 0.200000 16.414892
vt 0.200000 16.630316
vt 0.250000 16.630316
vt 0.200000 16.414892
vt 0.250000 16.630316
vt 0.250000 16.414892
vt 0.250000 16.414892
vt 0.250000 16.630316
vt 0.300000 16.630316
vt 0.250000 16.414892
vt 0.300000 16.630316
vt 0.300000 16.414892
vt 0.300000 16.414892
vt 0.300000 16.630316
vt 0.350000 16.630316
vt 0.300000 16.414892
vt 0.350000 16.630316
vt 0.350000 16.414892
vt 0.350000 16.414892
vt 0.350000 16.630316
vt 0.400000 16.630316
vt 0.350000 16.414892
vt 0.400000 16.630316
vt 0.400000 16.414892
vt 0.400000 16.414892
vt 0.400000 16.630316
vt 0.450000 16.630316
vt 0.400000 16.414892
vt 0.450000 16.630316
vt 0.450000 16.414892
vt 0.450000 16.414892
vt 0.450000 16.630316
vt 0.500000 16.630316
vt 0.450000 16.414892
vt 0.500000 16.630316
vt 0.500000 16.414892
vt 0.500000 16.414892
vt 0.500000 16.630316
vt 0.550000 16.630316
vt 0.500000 16.414892
vt 0.550000 16.630316
vt 0.550000 16.414892
vt 0.550000 16.414892
vt 0.550000 16.630316
vt 0.600000 16.630316
vt 0.550000 16.414892
vt 0.600000 16.630316
vt 0.600000 16.414892
vt 0.600000 16.414892
vt 0.600000 16.630316
vt 0.650000 16.630316
vt 0.600000 16.414892
vt 0.650000 16.630316
vt 0.650000 16.414892
vt 0.650000 16.414892
vt 0.650000 16.630316
vt 0.700000 16.630316
vt 0.650000 16.414892
vt 0.700000 16.630316
vt 0.700000 16.414892
vt 0.700000 16.414892
vt 0.700000 16.630316
vt 0.750000 16.630316
vt 0.700000 16.414892
vt 0.750000 16.630316
vt 0.750000 16.414892
vt 0.750000 16.414892
vt 0.750000 16.630316
vt 0.800000 16.630316
vt 0.750000 16.414892
vt 0.800000 16.630316
vt 0.800000 16.414892
vt 0.800000 16.414892
vt 0.800000 16.630316
vt 0.850000 16.630316
vt 0.800000 16.414892
vt 0.850000 16.630316
vt 0.850000 16.414892
vt 0.850000 16.414892
vt 0.850000 16.630316
vt 0.900000 16.630316
vt 0.850000 16.414892
vt 0.900000 16.630316
vt 0.900000 16.414892
vt 0.900000 16.414892
vt 0.900000 16.630316
vt 0.950000 16.630316
vt 0.900000 16.414892
vt 0.950000 16.630316
vt 0.950000 16.414892
vt 0.950000 16.414892
vt 0.950000 16.630316
vt 0.000000 16.630316
vt 0.950000 16.414892
vt 0.000000 16.630316
vt 0.000000 16.414892
vt 0.000000 16.630316
vt 0.000000 16.956920
vt 0.050000 16.956920
vt 0.000000 16.630316
vt 0.050000 16.956920
vt 0.050000 16.630316
vt 0.050000 16.630316
vt 0.050000 16.956920
vt 0.100000 16.956920
vt 0.050000 16.630316
vt 0.100000 16.956920
vt 0.100000 16.630316
vt 0.100000 16.630316
vt 0.100000 16.956920
vt 0.150000 16.956920
vt 0.100000 16.630316
vt 0.150000 16.956920
vt 0.150000 16.630316
vt 0.150000 16.630316
vt 0.150000 16.956920
vt 0.200000 16.956920
vt 0.150000 16.630316
vt 0.200000 16.956920
vt 0.200000 16.630316
vt 0.200000 16.630316
vt 0.200000 16.956920
vt 0.250000 16.956920
vt 0.200000 16.630316
vt 0.250000 16.956920
vt 0.250000 16.630316
vt 0.250000 16.630316
vt 0.250000 16.956920
vt 0.300000 16.956920
vt 0.250000 16.630316
vt 0.300000 16.956920
vt 0.300000 16.630316
vt 0.300000 16.630316
vt 0.300000 16.956920
vt 0.350000 16.956920
vt 0.300000 16.630316
vt 0.350000 16.956920
vt 0.350000 16.630316
vt 0.350000 16.630316
vt 0.350000 16.956920
vt 0.400000 16.956920
vt 0.350000 16.630316
vt 0.400000 16.956920
vt 0.400000 16.630316
vt 0.400000 16.630316
vt 0.400000 16.956920
vt 0.450000 16.956920
vt 0.400000 16.630316
vt 0.450000 16.956920
vt 0.450000 16.630316
vt 0.450000 16.630316
vt 0.450000 16.956920
vt 0.500000 16.956920
vt 0.450000 16.630316
vt 0.500000 16.956920
vt 0.500000 16.630316
vt 0.500000 16.630316
vt 0.500000 16.956920
vt 0.550000 16.956920
vt 0.500000 16.630316
vt 0.550000 16.956920
vt 0.550000 16.630316
vt 0.550000 16.630316
vt 0.550000 16.956920
vt 0.600000 16.956920
vt 0.550000 16.630316
vt 0.600000 16.956920
vt 0.600000 16.630316
vt 0.600000 16.630316
vt 0.600000 16.956920
vt 0.650000 16.956920
vt 0.600000 16.630316
vt 0.650000 16.956920
vt 0.650000 16.630316
vt 0.650000 16.630316
vt 0.650000 16.956920
vt 0.700000 16.956920
vt 0.650000 16.630316
vt 0.700000 16.956920
vt 0.700000 16.630316
vt 0.700000 16.630316
vt 0.700000 16.956920
vt 0.750000 16.956920
vt 0.700000 16.630316
vt 0.750000 16.956920
vt 0.750000 16.630316
vt 0.750000 16.630316
vt 0.750000 16.956920
vt 0.800000 16.956920
vt 0.750000 16.630316
vt 0.800000 16.956920
vt 0.800000 16.630316
vt 0.800000 16.630316
vt 0.800000 16.956920
vt 0.850000 16.956920
vt 0.800000 16.630316
vt 0.850000 16.956920
vt 0.850000 16.630316
vt 0.850000 16.630316
vt 0.850000 16.956920
vt 0.900000 16.956920
vt 0.850000 16.630316
vt 0.900000 16.956920
vt 0.900000 16.630316
vt 0.900000 16.630316
vt 0.900000 16.956920
vt 0.950000 16.956920
vt 0.900000 16.630316
vt 0.950000 16.956920
vt 0.950000 16.630316
vt 0.950000 16.630316
vt 0.950000 16.956920
vt 0.000000 16.956920
vt 0.950000 16.630316
vt 0.000000 16.956920
vt 0.000000 16.630316
vt 0.000000 16.956920
vt 0.000000 17.169509
vt 0.050000 17.169509
vt 0.000000 16.956920
vt 0.050000 17.169509
vt 0.050000 16.956920
vt 0.050000 16.956920
vt 0.050000 17.169509
vt 0.100000 17.169509
vt 0.050000 16.956920
vt 0.100000 17.169509
vt 0.100000 16.956920
vt 0.100000 16.956920
vt 0.100000 17.169509
vt 0.150000 17.169509
vt 0.100000 16.956920
vt 0.150000 17.169509
vt 0.150000 16.956920
vt 0.150000 16.956920
vt 0.150000 17.169509
vt 0.200000 17.169509
vt 0.150000 16.956920
vt 0.200000 17.169509
vt 0.200000 16.956920
vt 0.200000 16.956920
vt 0.200000 17.169509
vt 0.250000 17.169509
vt 0.200000 16.956920
vt 0.250000 17.169509
vt 0.250000 16.956920
vt 0.250000 16.956920
vt 0.250000 17.169509
vt 0.300000 17.169509
vt 0.250000 16.956920
vt 0.300000 17.169509
vt 0.300000 16.956920
vt 0.300000 16.956920
vt 0.300000 17.169509
vt 0.350000 17.169509
vt 0.300000 16.956920
vt 0.350000 17.169509
vt 0.350000 16.956920
vt 0.350000 16.956920
vt 0.350000 17.169509
vt 0.400000 17.169509
vt 0.350000 16.956920
vt 0.400000 17.169509
vt 0.400000 16.956920
vt 0.400000 16.956920
vt 0.400000 17.169509
vt 0.450000 17.169509
vt 0.400000 16.956920
vt 0.450000 17.169509
vt 0.450000 16.956920
vt 0.450000 16.956920
vt 0.450000 17.169509
vt 0.500000 17.169509
vt 0.450000 16.956920
vt 0.500000 17.169509
vt 0.500000 16.956920
vt 0.500000 16.956920
vt 0.500000 17.169509
vt 0.550000 17.169509
vt 0.500000 16.956920
vt 0.550000 17.169509
vt 0.550000 16.956920
vt 0.550000 16.956920
vt 0.550000 17.169509
vt 0.600000 17.169509
vt 0.550000 16.956920
vt 0.600000 17.169509
vt 0.600000 16.956920
vt 0.600000 16.956920
vt 0.600000 17.169509
vt 0.650000 17.169509
vt 0.600000 16.956920
vt 0.650000 17.169509
vt 0.650000 16.956920
vt 0.650000 16.956920
vt 0.650000 17.169509
vt 0.700000 17.169509
vt 0.650000 16.956920
vt 0.700000 17.169509
vt 0.700000 16.956920
vt 0.700000 16.956920
vt 0.700000 17.169509
vt 0.750000 17.169509
vt 0.700000 16.956920
vt 0.750000 17.169509
vt 0.750000 16.956920
vt 0.750000 16.956920
vt 0.750000 17.169509
vt 0.800000 17.169509
vt 0.750000 16.956920
vt 0.800000 17.169509
vt 0.800000 16.956920
vt 0.800000 16.956920
vt 0.800000 17.169509
vt 0.850000 17.169509
vt 0.800000 16.956920
vt 0.850000 17.169509
vt 0.850000 16.956920
vt 0.850000 16.956920
vt 0.850000 17.169509
vt 0.900000 17.169509
vt 0.850000 16.956920
vt 0.900000 17.169509
vt 0.900000 16.956920
vt 0.900000 16.956920
vt 0.900000 17.169509
vt 0.950000 17.169509
vt 0.900000 16.956920
vt 0.950000 17.169509
vt 0.950000 16.956920
vt 0.950000 16.956920
vt 0.950000 17.169509
vt 0.000000 17.169509
vt 0.950000 16.956920
vt 0.000000 17.169509
vt 0.000000 16.956920
vt 0.000000 17.169509
vt 0.000000 17.237689
vt 0.050000 17.237689
vt 0.000000 17.169509
vt 0.050000 17.237689
vt 0.050000 17.169509
vt 0.050000 17.169509
vt 0.050000 17.237689
vt 0.100000 17.237689
vt 0.050000 17.169509
vt 0.100000 17.237689
vt 0.100000 17.169509
vt 0.100000 17.169509
vt 0.100000 17.237689
vt 0.150000 17.237689
vt 0.100000 17.169509
vt 0.150000 17.237689
vt 0.150000 17.169509
vt 0.150000 17.169509
vt 0.150000 17.237689
vt 0.200000 17.237689
vt 0.150000 17.169509
vt 0.200000 17.237689
vt 0.200000 17.169509
vt 0.200000 17.169509
vt 0.200000 17.237689
vt 0.250000 17.237689
vt 0.200000 17.169509
vt 0.250000 17.237689
vt 0.250000 17.169509
vt 0.250000 17.169509
vt 0.250000 17.237689
vt 0.300000 17.237689
vt 0.250000 17.169509
vt 0.300000 17.237689
vt 0.300000 17.169509
vt 0.300000 17.169509
vt 0.300000 17.237689
vt 0.350000 17.237689
vt 0.300000 17.169509
vt 0.350000 17.237689
vt 0.350000 17.169509
vt 0.350000 17.169509
vt 0.350000 17.237689
vt 0.400000 17.237689
vt 0.350000 17.169509
vt 0.400000 17.237689
vt 0.400000 17.169509
vt 0.400000 17.169509
vt 0.400000 17.237689
vt 0.450000 17.237689
vt 0.400000 17.169509
vt 0.450000 17.237689
vt 0.450000 17.169509
vt 0.450000 17.169509
vt 0.450000 17.237689
vt 0.500000 17.237689
vt 0.450000 17.169509
vt 0.500000 17.237689
vt 0.500000 17.169509
vt 0.500000 17.169509
vt 0.500000 17.237689
vt 0.550000 17.237689
vt 0.500000 17.169509
vt 0.550000 17.237689
vt 0.550000 17.169509
vt 0.550000 17.169509
vt 0.550000 17.237689
vt 0.600000 17.237689
vt 0.550000 17.169509
vt 0.600000 17.237689
vt 0.600000 17.169509
vt 0.600000 17.169509
vt 0.600000 17.237689
vt 0.650000 17.237689
vt 0.600000 17.169509
vt 0.650000 17.237689
vt 0.650000 17.169509
vt 0.650000 17.169509
vt 0.650000 17.237689
vt 0.700000 17.237689
vt 0.650000 17.169509
vt 0.700000 17.237689
vt 0.700000 17.169509
vt 0.700000 17.169509
vt 0.700000 17.237689
vt 0.750000 17.237689
vt 0.700000 17.169509
vt 0.750000 17.237689
vt 0.750000 17.169509
vt 0.750000 17.169509
vt 0.750000 17.237689
vt 0.800000 17.237689
vt 0.750000 17.169509
vt 0.800000 17.237689
vt 0.800000 17.169509
vt 0.800000 17.169509
vt 0.800000 17.237689
vt 0.850000 17.237689
vt 0.800000 17.169509
vt 0.850000 17.237689
vt 0.850000 17.169509
vt 0.850000 17.169509
vt 0.850000 17.237689
vt 0.900000 17.237689
vt 0.850000 17.169509
vt 0.900000 17.237689
vt 0.900000 17.169509
vt 0.900000 17.169509
vt 0.900000 17.237689
vt 0.950000 17.237689
vt 0.900000 17.169509
vt 0.950000 17.237689
vt 0.950000 17.169509
vt 0.950000 17.169509
vt 0.950000 17.237689
vt 0.000000 17.237689
vt 0.950000 17.169509
vt 0.000000 17.237689
vt 0.000000 17.169509
vt 0.000000 17.237689
vt 0.000000 17.410854
vt 0.050000 17.410854
vt 0.000000 17.237689
vt 0.050000 17.410854
vt 0.050000 17.237689
vt 0.050000 17.237689
vt 0.050000 17.410854
vt 0.100000 17.410854
vt 0.050000 17.237689
vt 0.100000 17.410854
vt 0.100000 17.237689
vt 0.100000 17.237689
vt 0.100000 17.410854
vt 0.150000 17.410854
vt 0.100000 17.237689
vt 0.150000 17.410854
vt 0.150000 17.237689
vt 0.150000 17.237689
vt 0.150000 17.410854
vt 0.200000 17.410854
vt 0.150000 17.237689
vt 0.200000 17.410854
vt 0.200000 17.237689
vt 0.200000 17.237689
vt 0.200000 17.410854
vt 0.250000 17.410854
vt 0.200000 17.237689
vt 0.250000 17.410854
vt 0.250000 17.237689
vt 0.250000 17.237689
vt 0.250000 17.410854
vt 0.300000 17.410854
vt 0.250000 17.237689
vt 0.300000 17.410854
vt 0.300000 17.237689
vt 0.300000 17.237689
vt 0.300000 17.410854
vt 0.350000 17.410854
vt 0.300000 17.237689
vt 0.350000 17.410854
vt 0.350000 17.237689
vt 0.350000 17.237689
vt 0.350000 17.410854
vt 0.400000 17.410854
vt 0.350000 17.237689
vt 0.400000 17.410854
vt 0.400000 17.237689
vt 0.400000 17.237689
vt 0.400000 17.410854
vt 0.450000 17.410854
vt 0.400000 17.237689
vt 0.450000 17.410854
vt 0.450000 17.237689
vt 0.450000 17.237689
vt 0.450000 17.410854
vt 0.500000 17.410854
vt 0.450000 17.237689
vt 0.500000 17.410854
vt 0.500000 17.237689
vt 0.500000 17.237689
vt 0.500000 17.410854
vt 0.550000 17.410854
vt 0.500000 17.237689
vt 0.550000 17.410854
vt 0.550000 17.237689
vt 0.550000 17.237689
vt 0.550000 17.410854
vt 0.600000 17.410854
vt 0.550000 17.237689
vt 0.600000 17.410854
vt 0.600000 17.237689
vt 0.600000 17.237689
vt 0.600000 17.410854
vt 0.650000 17.410854
vt 0.600000 17.237689
vt 0.650000 17.410854
vt 0.650000 17.237689
vt 0.650000 17.237689
vt 0.650000 17.410854
vt 0.700000 17.410854
vt 0.650000 17.237689
vt 0.700000 17.410854
vt 0.700000 17.237689
vt 0.700000 17.237689
vt 0.700000 17.410854
vt 0.750000 17.410854
vt 0.700000 17.237689
vt 0.750000 17.410854
vt 0.750000 17.237689
vt 0.750000 17.237689
vt 0.750000 17.410854
vt 0.800000 17.410854
vt 0.750000 17.237689
vt 0.800000 17.410854
vt 0.800000 17.237689
vt 0.800000 17.237689
vt 0.800000 17.410854
vt 0.850000 17.410854
vt 0.800000 17.237689
vt 0.850000 17.410854
vt 0.850000 17.237689
vt 0.850000 17.237689
vt 0.850000 17.410854
vt 0.900000 17.410854
vt 0.850000 17.237689
vt 0.900000 17.410854
vt 0.900000 17.237689
vt 0.900000 17.237689
vt 0.900000 17.410854
vt 0.950000 17.410854
vt 0.900000 17.237689
vt 0.950000 17.410854
vt 0.950000 17.237689
vt 0.950000 17.237689
vt 0.950000 17.410854
vt 0.000000 17.410854
vt 0.950000 17.237689
vt 0.000000 17.410854
vt 0.000000 17.237689
vt 0.000000 17.410854
vt 0.000000 17.586219
vt 0.050000 17.586219
vt 0.000000 17.410854
vt 0.050000 17.586219
vt 0.050000 17.410854
vt 0.050000 17.410854
vt 0.050000 17.586219
vt 0.100000 17.586219
vt 0.050000 17.410854
vt 0.100000 17.586219
vt 0.100000 17.410854
vt 0.100000 17.410854
vt 0.100000 17.586219
vt 0.150000 17.586219
vt 0.100000 17.410854
vt 0.150000 17.586219
vt 0.150000 17.410854
vt 0.150000 17.410854
vt 0.150000 17.586219
vt 0.200000 17.586219
vt 0.150000 17.410854
vt 0.200000 17.586219
vt 0.200000 17.410854
vt 0.200000 17.410854
vt 0.200000 17.586219
vt 0.250000 17.586219
vt 0.200000 17.410854
vt 0.250000 17.586219
vt 0.250000 17.410854
vt 0.250000 17.410854
vt 0.250000 17.586219
vt 0.300000 17.586219
vt 0.250000 17.410854
vt 0.300000 17.586219
vt 0.300000 17.410854
vt 0.300000 17.410854
vt 0.300000 17.586219
vt 0.350000 17.586219
vt 0.300000 17.410854
vt 0.350000 17.586219
vt 0.350000 17.410854
vt 0.350000 17.410854
vt 0.350000 17.586219
vt 0.400000 17.586219
vt 0.350000 17.410854
vt 0.400000 17.586219
vt 0.400000 17.410854
vt 0.400000 17.410854
vt 0.400000 17.586219
vt 0.450000 17.586219
vt 0.400000 17.410854
vt 0.450000 17.586219
vt 0.450000 17.410854
vt 0.450000 17.410854
vt 0.450000 17.586219
vt 0.500000 17.586219
vt 0.450000 17.410854
vt 0.500000 17.586219
vt 0.500000 17.410854
vt 0.500000 17.410854
vt 0.500000 17.586219
vt 0.550000 17.586219
vt 0.500000 17.410854
vt 0.550000 17.586219
vt 0.550000 17.410854
vt 0.550000 17.410854
vt 0.550000 17.586219
vt 0.600000 17.586219
vt 0.550000 17.410854
vt 0.600000 17.586219
vt 0.600000 17.410854
vt 0.600000 17.410854
vt 0.600000 17.586219
vt 0.650000 17.586219
vt 0.600000 17.410854
vt 0.650000 17.586219
vt 0.650000 17.410854
vt 0.650000 17.410854
vt 0.650000 17.586219
vt 0.700000 17.586219
vt 0.650000 17.410854
vt 0.700000 17.586219
vt 0.700000 17.410854
vt 0.700000 17.410854
vt 0.700000 17.586219
vt 0.750000 17.586219
vt 0.700000 17.410854
vt 0.750000 17.586219
vt 0.750000 17.410854
vt 0.750000 17.410854
vt 0.750000 17.586219
vt 0.800000 17.586219
vt 0.750000 17.410854
vt 0.800000 17.586219
vt 0.800000 17.410854
vt 0.800000 17.410854
vt 0.800000 17.586219
vt 0.850000 17.586219
vt 0.800000 17.410854
vt 0.850000 17.586219
vt 0.850000 17.410854
vt 0.850000 17.410854
vt 0.850000 17.586219
vt 0.900000 17.586219
vt 0.850000 17.410854
vt 0.900000 17.586219
vt 0.900000 17.410854
vt 0.900000 17.410854
vt 0.900000 17.586219
vt 0.950000 17.586219
vt 0.900000 17.410854
vt 0.950000 17.586219
vt 0.950000 17.410854
vt 0.950000 17.410854
vt 0.950000 17.586219
vt 0.000000 17.586219
vt 0.950000 17.410854
vt 0.000000 17.586219
vt 0.000000 17.410854
vt 0.000000 17.586219
vt 0.000000 17.654951
vt 0.050000 17.654951
vt 0.000000 17.586219
vt 0.050000 17.654951
vt 0.050000 17.586219
vt 0.050000 17.586219
vt 0.050000 17.654951
vt 0.100000 17.654951
vt 0.050000 17.586219
vt 0.100000 17.654951
vt 0.100000 17.586219
vt 0.100000 17.586219
vt 0.100000 17.654951
vt 0.150000 17.654951
vt 0.100000 17.586219
vt 0.150000 17.654951
vt 0.150000 17.586219
vt 0.150000 17.586219
vt 0.150000 17.654951
vt 0.200000 17.654951
vt 0.150000 17.586219
vt 0.200000 17.654951
vt 0.200000 17.586219
vt 0.200000 17.586219
vt 0.200000 17.654951
vt 0.250000 17.654951
vt 0.200000 17.586219
vt 0.250000 17.654951
vt 0.250000 17.586219
vt 0.250000 17.586219
vt 0.250000 17.654951
vt 0.300000 17.654951
vt 0.250000 17.586219
vt 0.300000 17.654951
vt 0.300000 17.586219
vt 0.300000 17.586219
vt 0.300000 17.654951
vt 0.350000 17.654951
vt 0.300000 17.586219
vt 0.350000 17.654951
vt 0.350000 17.586219
vt 0.350000 17.586219
vt 0.350000 17.654951
vt 0.400000 17.654951
vt 0.350000 17.586219
vt 0.400000 17.654951
vt 0.400000 17.586219
vt 0.400000 17.586219
vt 0.400000 17.654951
vt 0.450000 17.654951
vt 0.400000 17.586219
vt 0.450000 17.654951
vt 0.450000 17.586219
vt 0.450000 17.586219
vt 0.450000 17.654951
vt 0.500000 17.654951
vt 0.450000 17.586219
vt 0.500000 17.654951
vt 0.500000 17.586219
vt 0.500000 17.586219
vt 0.500000 17.654951
vt 0.550000 17.654951
vt 0.500000 17.586219
vt 0.550000 17.654951
vt 0.550000 17.586219
vt 0.550000 17.586219
vt 0.550000 17.654951
vt 0.600000 17.654951
vt 0.550000 17.586219
vt 0.600000 17.654951
vt 0.600000 17.586219
vt 0.600000 17.586219
vt 0.600000 17.654951
vt 0.650000 17.654951
vt 0.600000 17.586219
vt 0.650000 17.654951
vt 0.650000 17.586219
vt 0.650000 17.586219
vt 0.650000 17.654951
vt 0.700000 17.654951
vt 0.650000 17.586219
vt 0.700000 17.654951
vt 0.700000 17.586219
vt 0.700000 17.586219
vt 0.700000 17.654951
vt 0.750000 17.654951
vt 0.700000 17.586219
vt 0.750000 17.654951
vt 0.750000 17.586219
vt 0.750000 17.586219
vt 0.750000 17.654951
vt 0.800000 17.654951
vt 0.750000 17.586219
vt 0.800000 17.654951
vt 0.800000 17.586219
vt 0.800000 17.586219
vt 0.800000 17.654951
vt 0.850000 17.654951
vt 0.800000 17.586219
vt 0.850000 17.654951
vt 0.850000 17.586219
vt 0.850000 17.586219
vt 0.850000 17.654951
vt 0.900000 17.654951
vt 0.850000 17.586219
vt 0.900000 17.654951
vt 0.900000 17.586219
vt 0.900000 17.586219
vt 0.900000 17.654951
vt 0.950000 17.654951
vt 0.900000 17.586219
vt 0.950000 17.654951
vt 0.950000 17.586219
vt 0.950000 17.586219
vt 0.950000 17.654951
vt 0.000000 17.654951
vt 0.950000 17.586219
vt 0.000000 17.654951
vt 0.000000 17.586219
vt 0.000000 0.000000
vt 0.050000 0.000000
vt 0.500000 0.000000
vt 0.050000 0.000000
vt 0.100000 0.000000
vt 0.500000 0.000000
vt 0.100000 0.000000
vt 0.150000 0.000000
vt 0.500000 0.000000
vt 0.150000 0.000000
vt 0.200000 0.000000
vt 0.500000 0.000000
vt 0.200000 0.000000
vt 0.250000 0.000000
vt 0.500000 0.000000
vt 0.250000 0.000000
vt 0.300000 0.000000
vt 0.500000 0.000000
vt 0.300000 0.000000
vt 0.350000 0.000000
vt 0.500000 0.000000
vt 0.350000 0.000000
vt 0.400000 0.000000
vt 0.500000 0.000000
vt 0.400000 0.000000
vt 0.450000 0.000000
vt 0.500000 0.000000
vt 0.450000 0.000000
vt 0.500000 0.000000
vt 0.500000 0.000000
vt 0.500000 0.000000
vt 0.550000 0.000000
vt 0.500000 0.000000
vt 0.550000 0.000000
vt 0.600000 0.000000
vt 0.500000 0.000000
vt 0.600000 0.000000
vt 0.650000 0.000000
vt 0.500000 0.000000
vt 0.650000 0.000000
vt 0.700000 0.000000
vt 0.500000 0.000000
vt 0.700000 0.000000
vt 0.750000 0.000000
vt 0.500000 0.000000
vt 0.750000 0.000000
vt 0.800000 0.000000
vt 0.500000 0.000000
vt 0.800000 0.000000
vt 0.850000 0.000000
vt 0.500000 0.000000
vt 0.850000 0.000000
vt 0.900000 0.000000
vt 0.500000 0.000000
vt 0.900000 0.000000
vt 0.950000 0.000000
vt 0.500000 0.000000
vt 0.950000 0.000000
vt 0.000000 0.000000
vt 0.500000 0.000000
vt 0.000000 17.654951
vt 0.050000 17.654951
vt 0.500000 17.654951
vt 0.050000 17.654951
vt 0.100000 17.654951
vt 0.500000 17.654951
vt 0.100000 17.654951
vt 0.150000 17.654951
vt 0.500000 17.654951
vt 0.150000 17.654951
vt 0.200000 17.654951
vt 0.500000 17.654951
vt 0.200000 17.654951
vt 0.250000 17.654951
vt 0.500000 17.654951
vt 0.250000 17.654951
vt 0.300000 17.654951
vt 0.500000 17.654951
vt 0.300000 17.654951
vt 0.350000 17.654951
vt 0.500000 17.654951
vt 0.350000 17.654951
vt 0.400000 17.654951
vt 0.500000 17.654951
vt 0.400000 17.654951
vt 0.450000 17.654951
vt 0.500000 17.654951
vt 0.450000 17.654951
vt 0.500000 17.654951
vt 0.500000 17.654951
vt 0.500000 17.654951
vt 0.550000 17.654951
vt 0.500000 17.654951
vt 0.550000 17.654951
vt 0.600000 17.654951
vt 0.500000 17.654951
vt 0.600000 17.654951
vt 0.650000 17.654951
vt 0.500000 17.654951
vt 0.650000 17.654951
vt 0.700000 17.654951
vt 0.500000 17.654951
vt 0.700000 17.654951
vt 0.750000 17.654951
vt 0.500000 17.654951
vt 0.750000 17.654951
vt 0.800000 17.654951
vt 0.500000 17.654951
vt 0.800000 17.654951
vt 0.850000 17.654951
vt 0.500000 17.654951
vt 0.850000 17.654951
vt 0.900000 17.654951
vt 0.500000 17.654951
vt 0.900000 17.654951
vt 0.950000 17.654951
vt 0.500000 17.654951
vt 0.950000 17.654951
vt 0.000000 17.654951
vt 0.500000 17.654951
vn 0.1678 0.9858 0.0080
vn 0.1706 0.9853 0.0097
vn 0.4296 0.8903 0.1509
vn 0.4314 0.8893 0.1520
vn 0.6498 0.7070 0.2791
vn 0.6504 0.7062 0.2796
vn 0.8060 0.4539 0.3798
vn 0.8061 0.4538 0.3799
vn 0.8828 0.1563 0.4430
vn 0.8828 0.1564 0.4430
vn 0.8728 -0.1561 0.4625
vn 0.8727 -0.1564 0.4625
vn 0.7774 -0.4526 0.4368
vn 0.7768 -0.4538 0.4366
vn 0.6065 -0.7045 0.3686
vn 0.6048 -0.7062 0.3680
vn 0.3767 -0.8877 0.2647
vn 0.3739 -0.8892 0.2636
vn 0.1101 -0.9847 0.1350
vn 0.1067 -0.9853 0.1336
vn -0.1678 -0.9858 -0.0080
vn -0.1707 -0.9853 -0.0094
vn -0.4297 -0.8903 -0.1507
vn -0.4316 -0.8892 -0.1516
vn -0.6499 -0.7070 -0.2788
vn -0.6506 -0.7062 -0.2792
vn -0.8061 -0.4539 -0.3797
vn -0.8062 -0.4538 -0.3798
vn -0.8827 -0.1563 -0.4432
vn -0.8827 -0.1564 -0.4432
vn -0.8725 0.1561 -0.4630
vn -0.8724 0.1564 -0.4630
vn -0.7770 0.4526 -0.4375
vn -0.7765 0.4538 -0.4373
vn -0.6061 0.7045 -0.3694
vn -0.6045 0.7062 -0.3686
vn -0.3764 0.8877 -0.2653
vn -0.3737 0.8892 -0.2639
vn -0.1099 0.9847 -0.1354
vn -0.1067 0.9853 -0.1336
vn 0.1529 0.9873 0.0422
vn 0.1526 0.9874 0.0421
vn 0.4290 0.8902 0.1534
vn 0.4286 0.8904 0.1533
vn 0.6627 0.7061 0.2495
vn 0.6625 0.7064 0.2494
vn 0.8316 0.4531 0.3211
vn 0.8315 0.4534 0.3211
vn 0.9192 0.1561 0.3614
vn 0.9192 0.1562 0.3614
vn 0.9172 -0.1562 0.3665
vn 0.9172 -0.1563 0.3665
vn 0.8256 -0.4535 0.3357
vn 0.8255 -0.4537 0.3357
vn 0.6530 -0.7068 0.2721
vn 0.6529 -0.7069 0.2720
vn 0.4162 -0.8909 0.1816
vn 0.4161 -0.8910 0.1816
vn 0.1384 -0.9877 0.0733
vn 0.1385 -0.9876 0.0734
vn -0.1529 -0.9873 -0.0422
vn -0.1526 -0.9874 -0.0421
vn -0.4289 -0.8902 -0.1535
vn -0.4286 -0.8904 -0.1533
vn -0.6627 -0.7061 -0.2496
vn -0.6624 -0.7064 -0.2495
vn -0.8315 -0.4532 -0.3213
vn -0.8314 -0.4534 -0.3212
vn -0.9192 -0.1561 -0.3616
vn -0.9192 -0.1562 -0.3616
vn -0.9172 0.1562 -0.3666
vn -0.9171 0.1563 -0.3666
vn -0.8255 0.4535 -0.3358
vn -0.8255 0.4537 -0.3358
vn -0.6530 0.7068 -0.2721
vn -0.6528 0.7069 -0.2721
vn -0.4162 0.8909 -0.1817
vn -0.4161 0.8910 -0.1816
vn -0.1384 0.9877 -0.0733
vn -0.1385 0.9876 -0.0734
vn 0.1470 0.9876 0.0559
vn 0.1466 0.9876 0.0557
vn 0.4080 0.8910 0.1992
vn 0.4080 0.8910 0.1992
vn 0.6290 0.7071 0.3231
vn 0.6292 0.7069 0.3232
vn 0.7884 0.4539 0.4153
vn 0.7885 0.4536 0.4154
vn 0.8704 0.1564 0.4668
vn 0.8705 0.1562 0.4668
vn 0.8673 -0.1563 0.4726
vn 0.8674 -0.1561 0.4726
vn 0.7794 -0.4537 0.4321
vn 0.7797 -0.4531 0.4322
vn 0.6153 -0.7066 0.3494
vn 0.6159 -0.7060 0.3497
vn 0.3910 -0.8905 0.2326
vn 0.3918 -0.8901 0.2329
vn 0.1284 -0.9874 0.0929
vn 0.1290 -0.9872 0.0932
vn -0.1470 -0.9876 -0.0559
vn -0.1466 -0.9876 -0.0557
vn -0.4080 -0.8910 -0.1992
vn -0.4080 -0.8910 -0.1992
vn -0.6290 -0.7071 -0.3230
vn -0.6293 -0.7069 -0.3231
vn -0.7885 -0.4539 -0.4151
vn -0.7886 -0.4536 -0.4152
vn -0.8706 -0.1564 -0.4665
vn -0.8706 -0.1562 -0.4665
vn -0.8675 0.1563 -0.4722
vn -0.8675 0.1561 -0.4722
vn -0.7796 0.4537 -0.4318
vn -0.7798 0.4531 -0.4319
vn -0.6154 0.7066 -0.3492
vn -0.6160 0.7060 -0.3495
vn -0.3911 0.8905 -0.2324
vn -0.3918 0.8901 -0.2328
vn -0.1284 0.9874 -0.0928
vn -0.1290 0.9872 -0.0932
vn 0.1445 0.9877 0.0601
vn 0.1448 0.9876 0.0603
vn 0.4139 0.8910 0.1866
vn 0.4142 0.8908 0.1867
vn 0.6427 0.7071 0.2948
vn 0.6429 0.7069 0.2949
vn 0.8087 0.4540 0.3741
vn 0.8088 0.4538 0.3741
vn 0.8954 0.1564 0.4168
vn 0.8955 0.1564 0.4168
vn 0.8946 -0.1564 0.4187
vn 0.8946 -0.1564 0.4187
vn 0.8061 -0.4539 0.3796
vn 0.8062 -0.4539 0.3796
vn 0.6388 -0.7070 0.3034
vn 0.6388 -0.7070 0.3034
vn 0.4089 -0.8910 0.1974
vn 0.4089 -0.8910 0.1974
vn 0.1390 -0.9877 0.0722
vn 0.1388 -0.9877 0.0721
vn -0.1445 -0.9877 -0.0601
vn -0.1448 -0.9876 -0.0602
vn -0.4139 -0.8910 -0.1865
vn -0.4142 -0.8908 -0.1867
vn -0.6428 -0.7071 -0.2947
vn -0.6430 -0.7069 -0.2948
vn -0.8087 -0.4540 -0.3740
vn -0.8088 -0.4538 -0.3740
vn -0.8955 -0.1564 -0.4167
vn -0.8955 -0.1564 -0.4167
vn -0.8946 0.1564 -0.4186
vn -0.8946 0.1564 -0.4186
vn -0.8061 0.4540 -0.3795
vn -0.8062 0.4539 -0.3796
vn -0.6388 0.7070 -0.3033
vn -0.6388 0.7070 -0.3034
vn -0.4089 0.8910 -0.1974
vn -0.4089 0.8910 -0.1974
vn -0.1390 0.9877 -0.0722
vn -0.1388 0.9877 -0.0721
vn 0.1546 0.9874 0.0336
vn 0.1560 0.9872 0.0344
vn 0.4278 0.8910 0.1523
vn 0.4288 0.8904 0.1529
vn 0.6591 0.7071 0.2561
vn 0.6596 0.7066 0.2563
vn 0.8258 0.4539 0.3346
vn 0.8259 0.4537 0.3347
vn 0.9116 0.1564 0.3803
vn 0.9116 0.1564 0.3803
vn 0.9080 -0.1563 0.3886
vn 0.9080 -0.1564 0.3886
vn 0.8157 -0.4536 0.3590
vn 0.8155 -0.4540 0.3590
vn 0.6437 -0.7064 0.2944
vn 0.6430 -0.7071 0.2942
vn 0.4087 -0.8902 0.2010
vn 0.4074 -0.8909 0.2007
vn 0.1337 -0.9871 0.0880
vn 0.1320 -0.9874 0.0875
vn -0.1546 -0.9874 -0.0336
vn -0.1562 -0.9871 -0.0341
vn -0.4279 -0.8909 -0.1521
vn -0.4290 -0.8904 -0.1524
vn -0.6593 -0.7071 -0.2557
vn -0.6598 -0.7066 -0.2559
vn -0.8259 -0.4539 -0.3343
vn -0.8260 -0.4537 -0.3344
vn -0.9116 -0.1564 -0.3802
vn -0.9116 -0.1564 -0.3802
vn -0.9079 0.1563 -0.3889
vn -0.9079 0.1564 -0.3889
vn -0.8155 0.4536 -0.3596
vn -0.8153 0.4540 -0.3594
vn -0.6434 0.7064 -0.2950
vn -0.6428 0.7071 -0.2947
vn -0.4085 0.8902 -0.2016
vn -0.4073 0.8909 -0.2009
vn -0.1336 0.9871 -0.0883
vn -0.1320 0.9874 -0.0875
vn 0.1643 0.9864 0.0091
vn 0.1639 0.9864 0.0090
vn 0.4420 0.8897 0.1147
vn 0.4416 0.8898 0.1146
vn 0.6765 0.7061 0.2092
vn 0.6763 0.7063 0.2091
vn 0.8450 0.4535 0.2832
vn 0.8450 0.4537 0.2832
vn 0.9311 0.1563 0.3296
vn 0.9311 0.1564 0.3296
vn 0.9259 -0.1564 0.3438
vn 0.9259 -0.1564 0.3438
vn 0.8299 -0.4540 0.3242
vn 0.8299 -0.4540 0.3242
vn 0.6525 -0.7070 0.2728
vn 0.6525 -0.7070 0.2728
vn 0.4111 -0.8906 0.1946
vn 0.4113 -0.8905 0.1947
vn 0.1296 -0.9868 0.0975
vn 0.1299 -0.9867 0.0976
vn -0.1643 -0.9864 -0.0091
vn -0.1639 -0.9864 -0.0090
vn -0.4419 -0.8897 -0.1148
vn -0.4416 -0.8898 -0.1147
vn -0.6765 -0.7061 -0.2092
vn -0.6763 -0.7063 -0.2092
vn -0.8450 -0.4535 -0.2833
vn -0.8450 -0.4537 -0.2833
vn -0.9311 -0.1563 -0.3297
vn -0.9310 -0.1564 -0.3297
vn -0.9259 0.1564 -0.3438
vn -0.9259 0.1564 -0.3438
vn -0.8299 0.4540 -0.3242
vn -0.8299 0.4540 -0.3242
vn -0.6525 0.7070 -0.2728
vn -0.6525 0.7070 -0.2728
vn -0.4111 0.8906 -0.1946
vn -0.4113 0.8905 -0.1947
vn -0.1296 0.9868 -0.0975
vn -0.1299 0.9867 -0.0976
vn 0.1579 0.9870 0.0302
vn 0.1564 0.9873 0.0295
vn 0.4292 0.8903 0.1519
vn 0.4282 0.8909 0.1514
vn 0.6585 0.7067 0.2589
vn 0.6581 0.7071 0.2586
vn 0.8235 0.4538 0.3406
vn 0.8234 0.4539 0.3405
vn 0.9079 0.1564 0.3890
vn 0.9079 0.1564 0.3890
vn 0.9033 -0.1564 0.3994
vn 0.9034 -0.1563 0.3994
vn 0.8103 -0.4540 0.3706
vn 0.8106 -0.4535 0.3706
vn 0.6378 -0.7070 0.3054
vn 0.6386 -0.7062 0.3057
vn 0.4030 -0.8907 0.2103
vn 0.4044 -0.8900 0.2108
vn 0.1288 -0.9871 0.0947
vn 0.1305 -0.9869 0.0953
vn -0.1579 -0.9870 -0.0302
vn -0.1563 -0.9873 -0.0297
vn -0.4291 -0.8904 -0.1521
vn -0.4281 -0.8909 -0.1518
vn -0.6584 -0.7067 -0.2591
vn -0.6580 -0.7071 -0.2589
vn -0.8234 -0.4538 -0.3407
vn -0.8233 -0.4539 -0.3407
vn -0.9079 -0.1564 -0.3889
vn -0.9079 -0.1564 -0.3889
vn -0.9035 0.1564 -0.3990
vn -0.9035 0.1563 -0.3991
vn -0.8105 0.4540 -0.3701
vn -0.8108 0.4535 -0.3702
vn -0.6381 0.7070 -0.3049
vn -0.6388 0.7062 -0.3053
vn -0.4032 0.8907 -0.2099
vn -0.4045 0.8900 -0.2106
vn -0.1289 0.9872 -0.0944
vn -0.1305 0.9869 -0.0953
vn 0.1619 0.9865 0.0262
vn 0.1601 0.9868 0.0252
vn 0.4291 0.8897 0.1560
vn 0.4278 0.8905 0.1552
vn 0.6544 0.7061 0.2706
vn 0.6537 0.7069 0.2701
vn 0.8158 0.4535 0.3588
vn 0.8156 0.4540 0.3587
vn 0.8976 0.1563 0.4121
vn 0.8976 0.1564 0.4121
vn 0.8915 -0.1564 0.4251
vn 0.8915 -0.1564 0.4251
vn 0.7980 -0.4540 0.3965
vn 0.7981 -0.4538 0.3965
vn 0.6261 -0.7071 0.3288
vn 0.6266 -0.7065 0.3290
vn 0.3928 -0.8907 0.2289
vn 0.3940 -0.8900 0.2293
vn 0.1213 -0.9869 0.1065
vn 0.1230 -0.9866 0.1072
vn -0.1619 -0.9865 -0.0262
vn -0.1600 -0.9868 -0.0254
vn -0.4290 -0.8897 -0.1562
vn -0.4276 -0.8905 -0.1556
vn -0.6542 -0.7061 -0.2709
vn -0.6535 -0.7069 -0.2706
vn -0.8157 -0.4535 -0.3592
vn -0.8154 -0.4540 -0.3591
vn -0.8975 -0.1563 -0.4124
vn -0.8975 -0.1564 -0.4124
vn -0.8915 0.1564 -0.4252
vn -0.8915 0.1564 -0.4252
vn -0.7980 0.4540 -0.3963
vn -0.7981 0.4538 -0.3963
vn -0.6262 0.7071 -0.3285
vn -0.6267 0.7065 -0.3287
vn -0.3930 0.8907 -0.2285
vn -0.3941 0.8901 -0.2291
vn -0.1214 0.9869 -0.1063
vn -0.1230 0.9866 -0.1072
vn 0.1193 0.9875 0.1034
vn 0.1219 0.9869 0.1053
vn 0.3788 0.8910 0.2502
vn 0.3808 0.8898 0.2516
vn 0.6012 0.7070 0.3723
vn 0.6022 0.7058 0.3731
vn 0.7646 0.4537 0.4577
vn 0.7649 0.4531 0.4579
vn 0.8530 0.1563 0.4980
vn 0.8530 0.1562 0.4980
vn 0.8579 -0.1562 0.4895
vn 0.8579 -0.1562 0.4895
vn 0.7791 -0.4531 0.4332
vn 0.7788 -0.4537 0.4331
vn 0.6243 -0.7058 0.3348
vn 0.6232 -0.7070 0.3343
vn 0.4083 -0.8898 0.2038
vn 0.4062 -0.8910 0.2028
vn 0.1521 -0.9869 0.0528
vn 0.1492 -0.9875 0.0515
vn -0.1193 -0.9875 -0.1034
vn -0.1222 -0.9870 -0.1047
vn -0.3792 -0.8910 -0.2497
vn -0.3813 -0.8898 -0.2506
vn -0.6018 -0.7070 -0.3715
vn -0.6029 -0.7059 -0.3719
vn -0.7651 -0.4537 -0.4569
vn -0.7654 -0.4531 -0.4570
vn -0.8532 -0.1563 -0.4976
vn -0.8532 -0.1562 -0.4976
vn -0.8578 0.1562 -0.4897
vn -0.8578 0.1562 -0.4897
vn -0.7786 0.4531 -0.4340
vn -0.7784 0.4537 -0.4338
vn -0.6236 0.7059 -0.3359
vn -0.6228 0.7070 -0.3352
vn -0.4077 0.8899 -0.2048
vn -0.4059 0.8910 -0.2034
vn -0.1518 0.9870 -0.0534
vn -0.1492 0.9875 -0.0515
vn 0.1446 0.9873 0.0656
vn 0.1441 0.9874 0.0652
vn 0.3880 0.8908 0.2366
vn 0.3878 0.8909 0.2364
vn 0.5935 0.7070 0.3845
vn 0.5935 0.7071 0.3844
vn 0.7410 0.4540 0.4948
vn 0.7410 0.4540 0.4948
vn 0.8159 0.1564 0.5567
vn 0.8159 0.1564 0.5567
vn 0.8108 -0.1564 0.5640
vn 0.8108 -0.1564 0.5640
vn 0.7263 -0.4539 0.5161
vn 0.7264 -0.4537 0.5162
vn 0.5708 -0.7069 0.4177
vn 0.5711 -0.7066 0.4179
vn 0.3594 -0.8907 0.2784
vn 0.3599 -0.8904 0.2787
vn 0.1130 -0.9873 0.1119
vn 0.1135 -0.9872 0.1122
vn -0.1446 -0.9873 -0.0656
vn -0.1441 -0.9874 -0.0653
vn -0.3880 -0.8908 -0.2366
vn -0.3877 -0.8909 -0.2364
vn -0.5935 -0.7070 -0.3845
vn -0.5934 -0.7071 -0.3845
vn -0.7410 -0.4540 -0.4948
vn -0.7410 -0.4540 -0.4948
vn -0.8159 -0.1564 -0.5566
vn -0.8159 -0.1564 -0.5566
vn -0.8109 0.1564 -0.5639
vn -0.8109 0.1564 -0.5639
vn -0.7264 0.4539 -0.5160
vn -0.7265 0.4537 -0.5160
vn -0.5709 0.7069 -0.4175
vn -0.5712 0.7066 -0.4177
vn -0.3595 0.8907 -0.2783
vn -0.3600 0.8904 -0.2786
vn -0.1130 0.9873 -0.1118
vn -0.1135 0.9872 -0.1122
vn 0.1330 0.9877 0.0824
vn 0.1331 0.9877 0.0825
vn 0.3796 0.8908 0.2496
vn 0.3794 0.8910 0.2494
vn 0.5889 0.7067 0.3922
vn 0.5886 0.7071 0.3919
vn 0.7404 0.4535 0.4962
vn 0.7402 0.4540 0.4960
vn 0.8193 0.1562 0.5516
vn 0.8193 0.1564 0.5516
vn 0.8183 -0.1562 0.5532
vn 0.8183 -0.1564 0.5532
vn 0.7373 -0.4534 0.5008
vn 0.7371 -0.4540 0.5006
vn 0.5843 -0.7065 0.3994
vn 0.5837 -0.7071 0.3991
vn 0.3739 -0.8906 0.2589
vn 0.3733 -0.8910 0.2585
vn 0.1267 -0.9876 0.0928
vn 0.1263 -0.9877 0.0925
vn -0.1330 -0.9877 -0.0824
vn -0.1331 -0.9877 -0.0825
vn -0.3796 -0.8908 -0.2496
vn -0.3793 -0.8910 -0.2495
vn -0.5888 -0.7067 -0.3923
vn -0.5885 -0.7071 -0.3921
vn -0.7402 -0.4535 -0.4964
vn -0.7400 -0.4540 -0.4963
vn -0.8191 -0.1562 -0.5520
vn -0.8191 -0.1564 -0.5519
vn -0.8180 0.1562 -0.5536
vn -0.8180 0.1564 -0.5535
vn -0.7371 0.4534 -0.5011
vn -0.7369 0.4540 -0.5009
vn -0.5841 0.7064 -0.3997
vn -0.5836 0.7071 -0.3993
vn -0.3738 0.8906 -0.2590
vn -0.3732 0.8910 -0.2585
vn -0.1267 0.9876 -0.0929
vn -0.1263 0.9877 -0.0925
vn 0.1507 0.9874 0.0478
vn 0.1528 0.9870 0.0491
vn 0.4131 0.8909 0.1886
vn 0.4149 0.8899 0.1897
vn 0.6351 0.7071 0.3109
vn 0.6361 0.7059 0.3116
vn 0.7948 0.4540 0.4027
vn 0.7952 0.4531 0.4029
vn 0.8767 0.1564 0.4549
vn 0.8767 0.1562 0.4550
vn 0.8727 -0.1564 0.4626
vn 0.8727 -0.1562 0.4626
vn 0.7833 -0.4537 0.4250
vn 0.7833 -0.4537 0.4250
vn 0.6174 -0.7066 0.3459
vn 0.6170 -0.7070 0.3457
vn 0.3911 -0.8904 0.2330
vn 0.3899 -0.8910 0.2325
vn 0.1264 -0.9872 0.0974
vn 0.1245 -0.9875 0.0965
vn -0.1507 -0.9874 -0.0478
vn -0.1529 -0.9870 -0.0488
vn -0.4132 -0.8909 -0.1883
vn -0.4151 -0.8899 -0.1892
vn -0.6353 -0.7071 -0.3105
vn -0.6365 -0.7058 -0.3110
vn -0.7951 -0.4540 -0.4022
vn -0.7955 -0.4531 -0.4024
vn -0.8769 -0.1564 -0.4545
vn -0.8769 -0.1562 -0.4545
vn -0.8728 0.1564 -0.4624
vn -0.8728 0.1562 -0.4624
vn -0.7833 0.4537 -0.4250
vn -0.7833 0.4537 -0.4250
vn -0.6173 0.7066 -0.3461
vn -0.6169 0.7070 -0.3459
vn -0.3909 0.8904 -0.2333
vn -0.3899 0.8910 -0.2326
vn -0.1263 0.9872 -0.0976
vn -0.1245 0.9875 -0.0965
vn 0.1561 0.9871 0.0355
vn 0.1565 0.9870 0.0358
vn 0.4251 0.8905 0.1624
vn 0.4255 0.8903 0.1626
vn 0.6525 0.7068 0.2734
vn 0.6527 0.7065 0.2735
vn 0.8162 0.4539 0.3576
vn 0.8163 0.4537 0.3577
vn 0.9000 0.1564 0.4069
vn 0.9000 0.1564 0.4069
vn 0.8957 -0.1564 0.4163
vn 0.8957 -0.1564 0.4163
vn 0.8036 -0.4540 0.3849
vn 0.8036 -0.4540 0.3849
vn 0.6328 -0.7070 0.3158
vn 0.6327 -0.7071 0.3158
vn 0.4000 -0.8907 0.2158
vn 0.3998 -0.8909 0.2157
vn 0.1282 -0.9872 0.0947
vn 0.1278 -0.9873 0.0946
vn -0.1561 -0.9871 -0.0355
vn -0.1566 -0.9870 -0.0357
vn -0.4251 -0.8905 -0.1623
vn -0.4255 -0.8903 -0.1625
vn -0.6525 -0.7068 -0.2733
vn -0.6528 -0.7065 -0.2734
vn -0.8162 -0.4539 -0.3575
vn -0.8163 -0.4537 -0.3575
vn -0.9000 -0.1564 -0.4068
vn -0.9000 -0.1564 -0.4068
vn -0.8957 0.1564 -0.4162
vn -0.8957 0.1564 -0.4162
vn -0.8036 0.4540 -0.3849
vn -0.8036 0.4540 -0.3849
vn -0.6328 0.7070 -0.3158
vn -0.6327 0.7071 -0.3158
vn -0.4000 0.8907 -0.2159
vn -0.3998 0.8909 -0.2157
vn -0.1282 0.9872 -0.0948
vn -0.1278 0.9873 -0.0946
vn 0.1565 0.9871 0.0339
vn 0.1568 0.9870 0.0340
vn 0.4228 0.8907 0.1669
vn 0.4229 0.8906 0.1670
vn 0.6478 0.7071 0.2837
vn 0.6478 0.7070 0.2837
vn 0.8093 0.4540 0.3727
vn 0.8093 0.4540 0.3727
vn 0.8915 0.1564 0.4251
vn 0.8915 0.1564 0.4251
vn 0.8863 -0.1564 0.4358
vn 0.8863 -0.1564 0.4358
vn 0.7944 -0.4537 0.4039
vn 0.7943 -0.4538 0.4039
vn 0.6247 -0.7065 0.3325
vn 0.6246 -0.7067 0.3324
vn 0.3941 -0.8902 0.2286
vn 0.3938 -0.8903 0.2285
vn 0.1250 -0.9869 0.1024
vn 0.1246 -0.9869 0.1023
vn -0.1565 -0.9871 -0.0339
vn -0.1568 -0.9870 -0.0340
vn -0.4228 -0.8907 -0.1669
vn -0.4230 -0.8906 -0.1670
vn -0.6478 -0.7071 -0.2837
vn -0.6478 -0.7070 -0.2837
vn -0.8093 -0.4540 -0.3727
vn -0.8093 -0.4540 -0.3727
vn -0.8915 -0.1564 -0.4251
vn -0.8915 -0.1564 -0.4251
vn -0.8863 0.1564 -0.4359
vn -0.8863 0.1564 -0.4359
vn -0.7943 0.4537 -0.4040
vn -0.7943 0.4538 -0.4040
vn -0.6247 0.7065 -0.3326
vn -0.6245 0.7067 -0.3325
vn -0.3941 0.8902 -0.2287
vn -0.3938 0.8903 -0.2285
vn -0.1250 0.9869 -0.1024
vn -0.1246 0.9869 -0.1023
vn 0.1116 0.9813 0.1567
vn 0.1018 0.9832 0.1515
vn 0.3914 0.8851 0.2518
vn 0.3845 0.8891 0.2483
vn 0.6334 0.7031 0.3232
vn 0.6301 0.7068 0.3216
vn 0.8142 0.4522 0.3641
vn 0.8134 0.4540 0.3637
vn 0.9158 0.1561 0.3701
vn 0.9158 0.1563 0.3701
vn 0.9273 -0.1564 0.3400
vn 0.9274 -0.1560 0.3400
vn 0.8472 -0.4540 0.2760
vn 0.8483 -0.4516 0.2764
vn 0.6833 -0.7065 0.1844
vn 0.6874 -0.7022 0.1855
vn 0.4526 -0.8886 0.0741
vn 0.4607 -0.8843 0.0763
vn 0.1787 -0.9829 -0.0435
vn 0.1897 -0.9810 -0.0407
vn -0.1116 -0.9813 -0.1567
vn -0.1005 -0.9829 -0.1543
vn -0.3904 -0.8848 -0.2543
vn -0.3822 -0.8888 -0.2530
vn -0.6319 -0.7028 -0.3268
vn -0.6277 -0.7067 -0.3265
vn -0.8130 -0.4521 -0.3670
vn -0.8119 -0.4540 -0.3671
vn -0.9155 -0.1561 -0.3708
vn -0.9155 -0.1563 -0.3708
vn -0.9282 0.1564 -0.3376
vn -0.9282 0.1559 -0.3378
vn -0.8488 0.4540 -0.2710
vn -0.8498 0.4514 -0.2722
vn -0.6851 0.7063 -0.1781
vn -0.6890 0.7018 -0.1812
vn -0.4542 0.8882 -0.0687
vn -0.4618 0.8839 -0.0736
vn -0.1796 0.9826 0.0466
vn -0.1897 0.9810 0.0407
vn 0.1440 0.9876 0.0631
vn 0.1439 0.9876 0.0630
vn 0.4289 0.8910 0.1493
vn 0.4288 0.8910 0.1492
vn 0.6718 0.7071 0.2208
vn 0.6717 0.7071 0.2208
vn 0.8489 0.4540 0.2708
vn 0.8489 0.4540 0.2708
vn 0.9429 0.1564 0.2942
vn 0.9429 0.1564 0.2942
vn 0.9445 -0.1564 0.2888
vn 0.9445 -0.1564 0.2888
vn 0.8537 -0.4539 0.2552
vn 0.8538 -0.4538 0.2552
vn 0.6794 -0.7069 0.1966
vn 0.6795 -0.7068 0.1966
vn 0.4386 -0.8908 0.1187
vn 0.4388 -0.8907 0.1188
vn 0.1549 -0.9875 0.0292
vn 0.1551 -0.9875 0.0293
vn -0.1440 -0.9876 -0.0631
vn -0.1439 -0.9876 -0.0631
vn -0.4289 -0.8910 -0.1493
vn -0.4288 -0.8910 -0.1493
vn -0.6717 -0.7071 -0.2208
vn -0.6717 -0.7071 -0.2208
vn -0.8489 -0.4540 -0.2707
vn -0.8489 -0.4540 -0.2707
vn -0.9429 -0.1564 -0.2941
vn -0.9429 -0.1564 -0.2941
vn -0.9445 0.1564 -0.2887
vn -0.9445 0.1564 -0.2887
vn -0.8538 0.4539 -0.2551
vn -0.8538 0.4538 -0.2551
vn -0.6794 0.7069 -0.1965
vn -0.6796 0.7068 -0.1965
vn -0.4386 0.8908 -0.1187
vn -0.4388 0.8907 -0.1187
vn -0.1549 0.9875 -0.0292
vn -0.1551 0.9875 -0.0293
vn 0.1815 0.9830 -0.0271
vn 0.1737 0.9843 -0.0305
vn 0.4593 0.8851 0.0746
vn 0.4528 0.8888 0.0714
vn 0.6919 0.7019 0.1688
vn 0.6882 0.7061 0.1667
vn 0.8577 0.4510 0.2469
vn 0.8565 0.4538 0.2460
vn 0.9406 0.1557 0.3016
vn 0.9406 0.1564 0.3014
vn 0.9320 -0.1560 0.3272
vn 0.9319 -0.1564 0.3273
vn 0.8314 -0.4537 0.3207
vn 0.8316 -0.4534 0.3207
vn 0.6483 -0.7071 0.2823
vn 0.6500 -0.7054 0.2826
vn 0.4009 -0.8904 0.2157
vn 0.4056 -0.8880 0.2166
vn 0.1147 -0.9852 0.1276
vn 0.1220 -0.9841 0.1294
vn -0.1815 -0.9830 0.0271
vn -0.1733 -0.9844 0.0293
vn -0.4589 -0.8853 -0.0757
vn -0.4521 -0.8889 -0.0737
vn -0.6912 -0.7021 -0.1709
vn -0.6874 -0.7062 -0.1696
vn -0.8569 -0.4511 -0.2493
vn -0.8556 -0.4538 -0.2489
vn -0.9400 -0.1557 -0.3035
vn -0.9399 -0.1564 -0.3035
vn -0.9316 0.1561 -0.3281
vn -0.9316 0.1564 -0.3281
vn -0.8315 0.4537 -0.3205
vn -0.8317 0.4534 -0.3205
vn -0.6488 0.7071 -0.2812
vn -0.6503 0.7054 -0.2818
vn -0.4016 0.8904 -0.2143
vn -0.4058 0.8881 -0.2159
vn -0.1152 0.9852 -0.1266
vn -0.1220 0.9841 -0.1294
vn 0.1404 0.9877 0.0692
vn 0.1405 0.9877 0.0692
vn 0.4070 0.8909 0.2016
vn 0.4072 0.8908 0.2018
vn 0.6336 0.7069 0.3143
vn 0.6339 0.7066 0.3144
vn 0.7982 0.4538 0.3962
vn 0.7983 0.4535 0.3963
vn 0.8846 0.1564 0.4393
vn 0.8846 0.1562 0.4393
vn 0.8846 -0.1564 0.4394
vn 0.8846 -0.1562 0.4394
vn 0.7980 -0.4538 0.3966
vn 0.7981 -0.4535 0.3966
vn 0.6333 -0.7069 0.3149
vn 0.6336 -0.7066 0.3150
vn 0.4066 -0.8909 0.2024
vn 0.4069 -0.8908 0.2025
vn 0.1400 -0.9877 0.0700
vn 0.1401 -0.9877 0.0701
vn -0.1404 -0.9877 -0.0692
vn -0.1405 -0.9877 -0.0692
vn -0.4070 -0.8909 -0.2016
vn -0.4072 -0.8908 -0.2017
vn -0.6336 -0.7069 -0.3142
vn -0.6339 -0.7066 -0.3143
vn -0.7982 -0.4538 -0.3960
vn -0.7984 -0.4535 -0.3961
vn -0.8847 -0.1564 -0.4391
vn -0.8847 -0.1562 -0.4391
vn -0.8847 0.1564 -0.4392
vn -0.8847 0.1562 -0.4393
vn -0.7981 0.4538 -0.3964
vn -0.7982 0.4535 -0.3965
vn -0.6334 0.7069 -0.3148
vn -0.6336 0.7066 -0.3149
vn -0.4066 0.8909 -0.2023
vn -0.4069 0.8908 -0.2025
vn -0.1400 0.9877 -0.0700
vn -0.1401 0.9877 -0.0701
vn 0.1331 0.9873 0.0870
vn 0.1323 0.9874 0.0866
vn 0.4097 0.8908 0.1967
vn 0.4093 0.8910 0.1965
vn 0.6463 0.7070 0.2871
vn 0.6462 0.7071 0.2871
vn 0.8196 0.4540 0.3496
vn 0.8196 0.4539 0.3496
vn 0.9126 0.1564 0.3777
vn 0.9126 0.1563 0.3778
vn 0.9162 -0.1564 0.3689
vn 0.9162 -0.1563 0.3689
vn 0.8301 -0.4539 0.3240
vn 0.8303 -0.4534 0.3241
vn 0.6627 -0.7068 0.2473
vn 0.6634 -0.7062 0.2475
vn 0.4306 -0.8906 0.1464
vn 0.4316 -0.8901 0.1468
vn 0.1564 -0.9872 0.0312
vn 0.1575 -0.9870 0.0316
vn -0.1331 -0.9873 -0.0870
vn -0.1323 -0.9874 -0.0867
vn -0.4097 -0.8908 -0.1967
vn -0.4093 -0.8910 -0.1966
vn -0.6463 -0.7070 -0.2872
vn -0.6462 -0.7071 -0.2871
vn -0.8196 -0.4540 -0.3495
vn -0.8197 -0.4539 -0.3495
vn -0.9127 -0.1564 -0.3775
vn -0.9127 -0.1563 -0.3775
vn -0.9163 0.1564 -0.3686
vn -0.9163 0.1563 -0.3686
vn -0.8302 0.4539 -0.3236
vn -0.8304 0.4534 -0.3237
vn -0.6629 0.7068 -0.2469
vn -0.6635 0.7062 -0.2473
vn -0.4307 0.8906 -0.1462
vn -0.4316 0.8901 -0.1466
vn -0.1565 0.9872 -0.0311
vn -0.1575 0.9870 -0.0316
vn 0.1728 0.9850 -0.0016
vn 0.1704 0.9854 -0.0028
vn 0.4426 0.8884 0.1216
vn 0.4408 0.8895 0.1206
vn 0.6695 0.7053 0.2331
vn 0.6685 0.7064 0.2325
vn 0.8312 0.4532 0.3220
vn 0.8309 0.4539 0.3218
vn 0.9118 0.1563 0.3796
vn 0.9118 0.1564 0.3796
vn 0.9030 -0.1564 0.4001
vn 0.9030 -0.1564 0.4001
vn 0.8053 -0.4540 0.3812
vn 0.8055 -0.4536 0.3812
vn 0.6285 -0.7068 0.3248
vn 0.6293 -0.7060 0.3250
vn 0.3901 -0.8899 0.2364
vn 0.3919 -0.8890 0.2370
vn 0.1140 -0.9856 0.1250
vn 0.1165 -0.9852 0.1259
vn -0.1728 -0.9850 0.0016
vn -0.1702 -0.9854 0.0025
vn -0.4425 -0.8884 -0.1219
vn -0.4406 -0.8895 -0.1212
vn -0.6693 -0.7054 -0.2336
vn -0.6682 -0.7065 -0.2332
vn -0.8310 -0.4532 -0.3225
vn -0.8307 -0.4539 -0.3224
vn -0.9117 -0.1563 -0.3799
vn -0.9117 -0.1564 -0.3799
vn -0.9030 0.1564 -0.4001
vn -0.9030 0.1564 -0.4001
vn -0.8055 0.4540 -0.3809
vn -0.8057 0.4536 -0.3810
vn -0.6287 0.7068 -0.3243
vn -0.6295 0.7060 -0.3246
vn -0.3903 0.8899 -0.2360
vn -0.3920 0.8890 -0.2367
vn -0.1141 0.9856 -0.1248
vn -0.1165 0.9852 -0.1259
vn 0.1503 0.9873 0.0515
vn 0.1489 0.9875 0.0506
vn 0.4149 0.8904 0.1875
vn 0.4138 0.8910 0.1868
vn 0.6387 0.7064 0.3050
vn 0.6381 0.7071 0.3047
vn 0.8000 0.4535 0.3928
vn 0.7998 0.4539 0.3927
vn 0.8832 0.1563 0.4423
vn 0.8831 0.1564 0.4423
vn 0.8800 -0.1563 0.4485
vn 0.8800 -0.1563 0.4485
vn 0.7907 -0.4538 0.4109
vn 0.7908 -0.4536 0.4110
vn 0.6239 -0.7070 0.3330
vn 0.6243 -0.7066 0.3331
vn 0.3958 -0.8910 0.2223
vn 0.3968 -0.8905 0.2227
vn 0.1290 -0.9876 0.0898
vn 0.1304 -0.9873 0.0904
vn -0.1503 -0.9873 -0.0515
vn -0.1488 -0.9876 -0.0509
vn -0.4148 -0.8904 -0.1876
vn -0.4136 -0.8910 -0.1872
vn -0.6385 -0.7064 -0.3054
vn -0.6379 -0.7071 -0.3051
vn -0.7999 -0.4535 -0.3931
vn -0.7997 -0.4539 -0.3931
vn -0.8831 -0.1563 -0.4425
vn -0.8830 -0.1564 -0.4425
vn -0.8800 0.1563 -0.4486
vn -0.8800 0.1563 -0.4486
vn -0.7908 0.4538 -0.4107
vn -0.7909 0.4536 -0.4108
vn -0.6240 0.7070 -0.3327
vn -0.6244 0.7066 -0.3329
vn -0.3960 0.8910 -0.2220
vn -0.3969 0.8905 -0.2225
vn -0.1291 0.9876 -0.0896
vn -0.1304 0.9873 -0.0904
vn 0.1350 0.9877 0.0792
vn 0.1350 0.9877 0.0791
vn 0.3914 0.8909 0.2306
vn 0.3912 0.8910 0.2305
vn 0.6093 0.7068 0.3594
vn 0.6092 0.7070 0.3593
vn 0.7675 0.4537 0.4529
vn 0.7674 0.4539 0.4529
vn 0.8506 0.1563 0.5021
vn 0.8505 0.1564 0.5021
vn 0.8505 -0.1563 0.5022
vn 0.8505 -0.1564 0.5022
vn 0.7673 -0.4537 0.4533
vn 0.7672 -0.4539 0.4532
vn 0.6090 -0.7068 0.3600
vn 0.6088 -0.7070 0.3599
vn 0.3910 -0.8909 0.2314
vn 0.3908 -0.8909 0.2313
vn 0.1346 -0.9877 0.0800
vn 0.1345 -0.9877 0.0800
vn -0.1350 -0.9877 -0.0792
vn -0.1350 -0.9877 -0.0791
vn -0.3914 -0.8909 -0.2306
vn -0.3912 -0.8910 -0.2305
vn -0.6093 -0.7068 -0.3594
vn -0.6091 -0.7070 -0.3593
vn -0.7674 -0.4537 -0.4530
vn -0.7674 -0.4539 -0.4529
vn -0.8505 -0.1563 -0.5022
vn -0.8505 -0.1564 -0.5022
vn -0.8504 0.1563 -0.5024
vn -0.8504 0.1564 -0.5023
vn -0.7672 0.4537 -0.4534
vn -0.7671 0.4539 -0.4533
vn -0.6089 0.7068 -0.3600
vn -0.6088 0.7070 -0.3599
vn -0.3909 0.8909 -0.2314
vn -0.3908 0.8909 -0.2313
vn -0.1346 0.9877 -0.0800
vn -0.1345 0.9877 -0.0800
vn 0.1458 0.9876 0.0575
vn 0.1465 0.9875 0.0578
vn 0.4121 0.8910 0.1904
vn 0.4127 0.8907 0.1907
vn 0.6381 0.7071 0.3047
vn 0.6385 0.7067 0.3049
vn 0.8016 0.4540 0.3891
vn 0.8017 0.4537 0.3892
vn 0.8865 0.1564 0.4354
vn 0.8865 0.1563 0.4354
vn 0.8847 -0.1564 0.4391
vn 0.8847 -0.1564 0.4391
vn 0.7963 -0.4539 0.3998
vn 0.7963 -0.4538 0.3998
vn 0.6301 -0.7069 0.3214
vn 0.6299 -0.7070 0.3214
vn 0.4021 -0.8908 0.2116
vn 0.4018 -0.8910 0.2114
vn 0.1348 -0.9876 0.0810
vn 0.1342 -0.9877 0.0808
vn -0.1458 -0.9876 -0.0575
vn -0.1465 -0.9875 -0.0578
vn -0.4122 -0.8910 -0.1903
vn -0.4128 -0.8907 -0.1906
vn -0.6382 -0.7071 -0.3046
vn -0.6385 -0.7067 -0.3048
vn -0.8016 -0.4540 -0.3890
vn -0.8018 -0.4537 -0.3891
vn -0.8866 -0.1564 -0.4353
vn -0.8866 -0.1563 -0.4353
vn -0.8847 0.1564 -0.4391
vn -0.8848 0.1564 -0.4391
vn -0.7963 0.4539 -0.3998
vn -0.7963 0.4538 -0.3998
vn -0.6300 0.7069 -0.3215
vn -0.6299 0.7070 -0.3214
vn -0.4021 0.8908 -0.2116
vn -0.4018 0.8910 -0.2115
vn -0.1347 0.9876 -0.0811
vn -0.1342 0.9877 -0.0808
vn 0.1467 0.9877 0.0545
vn 0.1471 0.9876 0.0547
vn 0.4205 0.8910 0.1711
vn 0.4209 0.8908 0.1713
vn 0.6531 0.7071 0.2710
vn 0.6534 0.7067 0.2712
vn 0.8218 0.4540 0.3444
vn 0.8219 0.4537 0.3445
vn 0.9100 0.1564 0.3840
vn 0.9100 0.1563 0.3840
vn 0.9091 -0.1564 0.3860
vn 0.9091 -0.1563 0.3860
vn 0.8193 -0.4539 0.3503
vn 0.8194 -0.4538 0.3503
vn 0.6493 -0.7070 0.2802
vn 0.6494 -0.7069 0.2803
vn 0.4157 -0.8909 0.1828
vn 0.4157 -0.8910 0.1828
vn 0.1414 -0.9876 0.0674
vn 0.1412 -0.9877 0.0674
vn -0.1467 -0.9877 -0.0545
vn -0.1471 -0.9876 -0.0546
vn -0.4205 -0.8910 -0.1710
vn -0.4210 -0.8908 -0.1712
vn -0.6532 -0.7071 -0.2708
vn -0.6535 -0.7067 -0.2710
vn -0.8219 -0.4540 -0.3441
vn -0.8220 -0.4537 -0.3442
vn -0.9101 -0.1564 -0.3837
vn -0.9101 -0.1563 -0.3837
vn -0.9092 0.1564 -0.3858
vn -0.9092 0.1563 -0.3858
vn -0.8194 0.4539 -0.3501
vn -0.8194 0.4538 -0.3502
vn -0.6493 0.7070 -0.2802
vn -0.6494 0.7069 -0.2802
vn -0.4157 0.8909 -0.1828
vn -0.4157 0.8910 -0.1828
vn -0.1414 0.9876 -0.0675
vn -0.1412 0.9877 -0.0674
vn 0.1545 0.9873 0.0375
vn 0.1537 0.9874 0.0371
vn 0.4309 0.8903 0.1476
vn 0.4301 0.8907 0.1472
vn 0.6649 0.7062 0.2432
vn 0.6643 0.7069 0.2429
vn 0.8338 0.4534 0.3150
vn 0.8336 0.4539 0.3149
vn 0.9213 0.1562 0.3561
vn 0.9213 0.1564 0.3561
vn 0.9188 -0.1563 0.3624
vn 0.9188 -0.1564 0.3624
vn 0.8264 -0.4537 0.3333
vn 0.8263 -0.4540 0.3333
vn 0.6530 -0.7070 0.2715
vn 0.6529 -0.7071 0.2715
vn 0.4155 -0.8910 0.1830
vn 0.4156 -0.8909 0.1831
vn 0.1371 -0.9876 0.0765
vn 0.1377 -0.9875 0.0767
vn -0.1545 -0.9873 -0.0375
vn -0.1537 -0.9874 -0.0372
vn -0.4308 -0.8903 -0.1478
vn -0.4300 -0.8907 -0.1475
vn -0.6647 -0.7063 -0.2435
vn -0.6641 -0.7069 -0.2434
vn -0.8336 -0.4534 -0.3155
vn -0.8334 -0.4539 -0.3154
vn -0.9211 -0.1562 -0.3566
vn -0.9211 -0.1564 -0.3566
vn -0.9187 0.1563 -0.3628
vn -0.9186 0.1564 -0.3628
vn -0.8264 0.4537 -0.3336
vn -0.8262 0.4540 -0.3335
vn -0.6530 0.7070 -0.2716
vn -0.6529 0.7071 -0.2716
vn -0.4155 0.8910 -0.1830
vn -0.4156 0.8909 -0.1831
vn -0.1372 0.9876 -0.0765
vn -0.1377 0.9875 -0.0767
vn 0.1559 0.9872 0.0352
vn 0.1556 0.9872 0.0350
vn 0.4224 0.8908 0.1678
vn 0.4222 0.8908 0.1677
vn 0.6476 0.7071 0.2840
vn 0.6476 0.7071 0.2840
vn 0.8094 0.4540 0.3724
vn 0.8094 0.4540 0.3725
vn 0.8919 0.1564 0.4244
vn 0.8919 0.1564 0.4244
vn 0.8869 -0.1564 0.4347
vn 0.8869 -0.1563 0.4347
vn 0.7951 -0.4537 0.4025
vn 0.7952 -0.4536 0.4025
vn 0.6256 -0.7065 0.3309
vn 0.6258 -0.7063 0.3309
vn 0.3950 -0.8902 0.2269
vn 0.3953 -0.8901 0.2271
vn 0.1257 -0.9869 0.1008
vn 0.1261 -0.9869 0.1010
vn -0.1559 -0.9872 -0.0352
vn -0.1556 -0.9872 -0.0350
vn -0.4224 -0.8908 -0.1678
vn -0.4222 -0.8908 -0.1677
vn -0.6476 -0.7071 -0.2840
vn -0.6476 -0.7071 -0.2840
vn -0.8094 -0.4540 -0.3724
vn -0.8094 -0.4540 -0.3724
vn -0.8919 -0.1564 -0.4243
vn -0.8919 -0.1564 -0.4243
vn -0.8869 0.1564 -0.4346
vn -0.8869 0.1563 -0.4346
vn -0.7951 0.4537 -0.4024
vn -0.7952 0.4536 -0.4024
vn -0.6256 0.7065 -0.3308
vn -0.6258 0.7063 -0.3309
vn -0.3950 0.8902 -0.2269
vn -0.3953 0.8901 -0.2270
vn -0.1257 0.9869 -0.1008
vn -0.1261 0.9869 -0.1010
vn 0.1472 0.9877 0.0532
vn 0.1476 0.9876 0.0534
vn 0.4209 0.8910 0.1701
vn 0.4212 0.8908 0.1703
vn 0.6534 0.7071 0.2703
vn 0.6536 0.7069 0.2704
vn 0.8219 0.4540 0.3441
vn 0.8220 0.4538 0.3441
vn 0.9099 0.1564 0.3841
vn 0.9100 0.1564 0.3841
vn 0.9089 -0.1564 0.3865
vn 0.9089 -0.1564 0.3865
vn 0.8190 -0.4539 0.3511
vn 0.8190 -0.4539 0.3511
vn 0.6489 -0.7070 0.2814
vn 0.6488 -0.7070 0.2814
vn 0.4152 -0.8909 0.1841
vn 0.4151 -0.8910 0.1840
vn 0.1409 -0.9876 0.0688
vn 0.1406 -0.9877 0.0687
vn -0.1472 -0.9877 -0.0532
vn -0.1476 -0.9876 -0.0534
vn -0.4209 -0.8910 -0.1701
vn -0.4213 -0.8908 -0.1702
vn -0.6535 -0.7071 -0.2702
vn -0.6537 -0.7069 -0.2703
vn -0.8220 -0.4540 -0.3439
vn -0.8220 -0.4538 -0.3440
vn -0.9100 -0.1564 -0.3840
vn -0.9100 -0.1564 -0.3840
vn -0.9090 0.1564 -0.3865
vn -0.9090 0.1564 -0.3865
vn -0.8190 0.4539 -0.3511
vn -0.8190 0.4539 -0.3511
vn -0.6488 0.7070 -0.2814
vn -0.6488 0.7070 -0.2814
vn -0.4152 0.8909 -0.1841
vn -0.4150 0.8910 -0.1841
vn -0.1409 0.9876 -0.0688
vn -0.1406 0.9877 -0.0687
vn 0.1511 0.9877 0.0412
vn 0.1518 0.9875 0.0416
vn 0.4304 0.8910 0.1444
vn 0.4310 0.8907 0.1447
vn 0.6676 0.7070 0.2334
vn 0.6678 0.7067 0.2335
vn 0.8393 0.4538 0.2994
vn 0.8393 0.4537 0.2994
vn 0.9288 0.1563 0.3360
vn 0.9288 0.1563 0.3360
vn 0.9274 -0.1563 0.3398
vn 0.9274 -0.1564 0.3398
vn 0.8354 -0.4537 0.3103
vn 0.8353 -0.4539 0.3103
vn 0.6617 -0.7067 0.2506
vn 0.6613 -0.7070 0.2505
vn 0.4231 -0.8907 0.1663
vn 0.4225 -0.8910 0.1662
vn 0.1431 -0.9875 0.0658
vn 0.1422 -0.9877 0.0656
vn -0.1511 -0.9877 -0.0412
vn -0.1519 -0.9875 -0.0414
vn -0.4305 -0.8910 -0.1442
vn -0.4311 -0.8907 -0.1444
vn -0.6677 -0.7070 -0.2331
vn -0.6680 -0.7067 -0.2332
vn -0.8394 -0.4538 -0.2992
vn -0.8394 -0.4537 -0.2992
vn -0.9288 -0.1563 -0.3360
vn -0.9288 -0.1563 -0.3360
vn -0.9274 0.1563 -0.3399
vn -0.9274 0.1564 -0.3399
vn -0.8353 0.4537 -0.3106
vn -0.8352 0.4539 -0.3106
vn -0.6615 0.7067 -0.2509
vn -0.6612 0.7070 -0.2508
vn -0.4230 0.8907 -0.1666
vn -0.4224 0.8910 -0.1663
vn -0.1430 0.9875 -0.0660
vn -0.1422 0.9877 -0.0656
vn 0.1514 0.9877 0.0402
vn 0.1514 0.9877 0.0402
vn 0.4360 0.8910 0.1269
vn 0.4361 0.8909 0.1269
vn 0.6779 0.7071 0.2012
vn 0.6780 0.7070 0.2012
vn 0.8535 0.4540 0.2558
vn 0.8535 0.4539 0.2559
vn 0.9456 0.1564 0.2854
vn 0.9456 0.1564 0.2854
vn 0.9451 -0.1564 0.2871
vn 0.9451 -0.1564 0.2871
vn 0.8520 -0.4540 0.2606
vn 0.8521 -0.4539 0.2606
vn 0.6756 -0.7071 0.2086
vn 0.6757 -0.7071 0.2086
vn 0.4331 -0.8910 0.1362
vn 0.4331 -0.8910 0.1362
vn 0.1481 -0.9877 0.0505
vn 0.1481 -0.9877 0.0505
vn -0.1514 -0.9877 -0.0402
vn -0.1514 -0.9877 -0.0402
vn -0.4360 -0.8910 -0.1269
vn -0.4361 -0.8909 -0.1269
vn -0.6779 -0.7071 -0.2012
vn -0.6780 -0.7070 -0.2012
vn -0.8535 -0.4540 -0.2558
vn -0.8535 -0.4539 -0.2558
vn -0.9456 -0.1564 -0.2854
vn -0.9456 -0.1564 -0.2854
vn -0.9451 0.1564 -0.2870
vn -0.9451 0.1564 -0.2870
vn -0.8521 0.4540 -0.2606
vn -0.8521 0.4539 -0.2606
vn -0.6756 0.7071 -0.2086
vn -0.6757 0.7071 -0.2086
vn -0.4331 0.8910 -0.1362
vn -0.4331 0.8910 -0.1362
vn -0.1481 0.9877 -0.0505
vn -0.1481 0.9877 -0.0505
vn 0.1527 0.9875 0.0381
vn 0.1521 0.9876 0.0378
vn 0.4350 0.8907 0.1320
vn 0.4345 0.8910 0.1317
vn 0.6747 0.7067 0.2129
vn 0.6744 0.7071 0.2127
vn 0.8483 0.4537 0.2730
vn 0.8482 0.4540 0.2729
vn 0.9390 0.1563 0.3064
vn 0.9390 0.1564 0.3064
vn 0.9378 -0.1563 0.3099
vn 0.9378 -0.1564 0.3099
vn 0.8449 -0.4538 0.2830
vn 0.8449 -0.4539 0.2830
vn 0.6693 -0.7070 0.2285
vn 0.6693 -0.7070 0.2285
vn 0.4280 -0.8910 0.1515
vn 0.4282 -0.8909 0.1515
vn 0.1447 -0.9877 0.0596
vn 0.1452 -0.9876 0.0598
vn -0.1527 -0.9875 -0.0381
vn -0.1521 -0.9876 -0.0379
vn -0.4350 -0.8907 -0.1320
vn -0.4344 -0.8910 -0.1319
vn -0.6747 -0.7067 -0.2131
vn -0.6743 -0.7071 -0.2130
vn -0.8483 -0.4537 -0.2732
vn -0.8481 -0.4540 -0.2732
vn -0.9389 -0.1563 -0.3066
vn -0.9389 -0.1564 -0.3066
vn -0.9378 0.1563 -0.3100
vn -0.9378 0.1564 -0.3100
vn -0.8449 0.4538 -0.2831
vn -0.8449 0.4539 -0.2831
vn -0.6693 0.7070 -0.2285
vn -0.6693 0.7070 -0.2285
vn -0.4280 0.8910 -0.1515
vn -0.4282 0.8909 -0.1515
vn -0.1448 0.9877 -0.0596
vn -0.1452 0.9876 -0.0598
vn 0.1533 0.9874 0.0392
vn 0.1524 0.9876 0.0388
vn 0.4288 0.8906 0.1514
vn 0.4281 0.8910 0.1511
vn 0.6622 0.7068 0.2488
vn 0.6619 0.7071 0.2487
vn 0.8309 0.4538 0.3219
vn 0.8309 0.4539 0.3219
vn 0.9184 0.1564 0.3636
vn 0.9184 0.1564 0.3636
vn 0.9159 -0.1564 0.3696
vn 0.9159 -0.1564 0.3696
vn 0.8238 -0.4540 0.3395
vn 0.8239 -0.4537 0.3395
vn 0.6510 -0.7071 0.2761
vn 0.6514 -0.7067 0.2762
vn 0.4144 -0.8910 0.1857
vn 0.4151 -0.8906 0.1859
vn 0.1372 -0.9875 0.0770
vn 0.1382 -0.9874 0.0773
vn -0.1533 -0.9874 -0.0392
vn -0.1524 -0.9876 -0.0388
vn -0.4288 -0.8906 -0.1515
vn -0.4281 -0.8910 -0.1512
vn -0.6622 -0.7068 -0.2489
vn -0.6619 -0.7071 -0.2488
vn -0.8309 -0.4538 -0.3220
vn -0.8308 -0.4539 -0.3220
vn -0.9183 -0.1564 -0.3636
vn -0.9183 -0.1564 -0.3636
vn -0.9159 0.1564 -0.3696
vn -0.9160 0.1564 -0.3696
vn -0.8239 0.4540 -0.3394
vn -0.8240 0.4537 -0.3394
vn -0.6510 0.7071 -0.2759
vn -0.6514 0.7067 -0.2761
vn -0.4144 0.8910 -0.1855
vn -0.4151 0.8906 -0.1858
vn -0.1372 0.9875 -0.0769
vn -0.1382 0.9874 -0.0773
vn 0.1384 0.9876 0.0734
vn 0.1387 0.9876 0.0735
vn 0.4082 0.8910 0.1989
vn 0.4085 0.8908 0.1991
vn 0.6380 0.7071 0.3049
vn 0.6383 0.7068 0.3050
vn 0.8054 0.4540 0.3811
vn 0.8055 0.4537 0.3812
vn 0.8940 0.1564 0.4200
vn 0.8940 0.1563 0.4200
vn 0.8950 -0.1564 0.4177
vn 0.8950 -0.1563 0.4177
vn 0.8084 -0.4540 0.3746
vn 0.8085 -0.4538 0.3746
vn 0.6427 -0.7071 0.2948
vn 0.6429 -0.7070 0.2948
vn 0.4141 -0.8910 0.1861
vn 0.4142 -0.8910 0.1861
vn 0.1449 -0.9877 0.0592
vn 0.1448 -0.9877 0.0592
vn -0.1384 -0.9876 -0.0734
vn -0.1387 -0.9876 -0.0735
vn -0.4082 -0.8910 -0.1988
vn -0.4086 -0.8908 -0.1989
vn -0.6381 -0.7071 -0.3048
vn -0.6384 -0.7068 -0.3049
vn -0.8055 -0.4540 -0.3809
vn -0.8056 -0.4537 -0.3809
vn -0.8941 -0.1564 -0.4197
vn -0.8941 -0.1563 -0.4197
vn -0.8951 0.1564 -0.4175
vn -0.8951 0.1564 -0.4175
vn -0.8085 0.4540 -0.3744
vn -0.8086 0.4538 -0.3745
vn -0.6428 0.7071 -0.2947
vn -0.6429 0.7070 -0.2947
vn -0.4141 0.8910 -0.1861
vn -0.4142 0.8910 -0.1861
vn -0.1449 0.9877 -0.0592
vn -0.1448 0.9877 -0.0592
vn 0.1549 0.9874 0.0317
vn 0.1569 0.9871 0.0328
vn 0.4259 0.8910 0.1574
vn 0.4268 0.8905 0.1579
vn 0.6549 0.7068 0.2674
vn 0.6549 0.7068 0.2674
vn 0.8193 0.4534 0.3509
vn 0.8191 0.4539 0.3507
vn 0.9032 0.1561 0.3998
vn 0.9032 0.1564 0.3997
vn 0.8988 -0.1559 0.4096
vn 0.8988 -0.1564 0.4096
vn 0.8070 -0.4524 0.3796
vn 0.8062 -0.4540 0.3794
vn 0.6366 -0.7050 0.3127
vn 0.6346 -0.7070 0.3121
vn 0.4039 -0.8891 0.2154
vn 0.4010 -0.8907 0.2143
vn 0.1312 -0.9866 0.0967
vn 0.1282 -0.9871 0.0956
vn -0.1549 -0.9874 -0.0317
vn -0.1571 -0.9871 -0.0325
vn -0.4259 -0.8910 -0.1572
vn -0.4269 -0.8905 -0.1576
vn -0.6549 -0.7068 -0.2674
vn -0.6549 -0.7068 -0.2674
vn -0.8192 -0.4534 -0.3512
vn -0.8190 -0.4539 -0.3512
vn -0.9029 -0.1561 -0.4006
vn -0.9028 -0.1564 -0.4006
vn -0.8983 0.1559 -0.4108
vn -0.8982 0.1564 -0.4107
vn -0.8064 0.4524 -0.3809
vn -0.8057 0.4540 -0.3805
vn -0.6361 0.7049 -0.3139
vn -0.6342 0.7070 -0.3130
vn -0.4035 0.8891 -0.2162
vn -0.4008 0.8907 -0.2148
vn -0.1310 0.9866 -0.0971
vn -0.1282 0.9871 -0.0956
vn 0.1458 0.9876 0.0582
vn 0.1454 0.9877 0.0580
vn 0.4303 0.8909 0.1453
vn 0.4302 0.8910 0.1453
vn 0.6726 0.7071 0.2183
vn 0.6728 0.7069 0.2183
vn 0.8492 0.4540 0.2699
vn 0.8493 0.4537 0.2699
vn 0.9426 0.1564 0.2951
vn 0.9426 0.1563 0.2951
vn 0.9437 -0.1564 0.2914
vn 0.9438 -0.1563 0.2914
vn 0.8525 -0.4540 0.2592
vn 0.8527 -0.4535 0.2592
vn 0.6778 -0.7071 0.2016
vn 0.6784 -0.7065 0.2017
vn 0.4367 -0.8910 0.1242
vn 0.4375 -0.8906 0.1244
vn 0.1530 -0.9876 0.0347
vn 0.1537 -0.9875 0.0349
vn -0.1458 -0.9876 -0.0582
vn -0.1454 -0.9877 -0.0580
vn -0.4303 -0.8909 -0.1453
vn -0.4302 -0.8910 -0.1453
vn -0.6726 -0.7071 -0.2182
vn -0.6728 -0.7069 -0.2183
vn -0.8492 -0.4540 -0.2698
vn -0.8493 -0.4537 -0.2698
vn -0.9426 -0.1564 -0.2949
vn -0.9427 -0.1563 -0.2949
vn -0.9438 0.1564 -0.2911
vn -0.9438 0.1563 -0.2911
vn -0.8526 0.4540 -0.2589
vn -0.8528 0.4535 -0.2590
vn -0.6778 0.7071 -0.2013
vn -0.6784 0.7065 -0.2015
vn -0.4368 0.8910 -0.1241
vn -0.4376 0.8906 -0.1243
vn -0.1530 0.9876 -0.0347
vn -0.1537 0.9875 -0.0349
vn 0.1576 0.9873 0.0217
vn 0.1570 0.9874 0.0214
vn 0.4418 0.8904 0.1094
vn 0.4412 0.8907 0.1092
vn 0.6826 0.7066 0.1864
vn 0.6823 0.7069 0.1863
vn 0.8568 0.4537 0.2452
vn 0.8566 0.4539 0.2452
vn 0.9472 0.1563 0.2801
vn 0.9472 0.1564 0.2801
vn 0.9449 -0.1564 0.2875
vn 0.9449 -0.1564 0.2875
vn 0.8501 -0.4539 0.2668
vn 0.8501 -0.4540 0.2668
vn 0.6720 -0.7071 0.2200
vn 0.6721 -0.7070 0.2200
vn 0.4280 -0.8910 0.1516
vn 0.4283 -0.8908 0.1516
vn 0.1421 -0.9875 0.0683
vn 0.1426 -0.9874 0.0684
vn -0.1576 -0.9873 -0.0217
vn -0.1570 -0.9874 -0.0215
vn -0.4417 -0.8904 -0.1095
vn -0.4412 -0.8907 -0.1093
vn -0.6826 -0.7066 -0.1865
vn -0.6822 -0.7070 -0.1864
vn -0.8567 -0.4537 -0.2453
vn -0.8566 -0.4539 -0.2453
vn -0.9471 -0.1563 -0.2802
vn -0.9471 -0.1564 -0.2802
vn -0.9449 0.1564 -0.2876
vn -0.9449 0.1564 -0.2876
vn -0.8501 0.4539 -0.2669
vn -0.8501 0.4540 -0.2669
vn -0.6720 0.7071 -0.2200
vn -0.6721 0.7070 -0.2200
vn -0.4280 0.8910 -0.1515
vn -0.4283 0.8908 -0.1516
vn -0.1421 0.9875 -0.0683
vn -0.1426 0.9874 -0.0684
vn 0.1471 0.9877 0.0532
vn 0.1471 0.9877 0.0533
vn 0.4263 0.8909 0.1564
vn 0.4264 0.8909 0.1564
vn 0.6637 0.7070 0.2442
vn 0.6638 0.7069 0.2442
vn 0.8361 0.4538 0.3081
vn 0.8361 0.4538 0.3081
vn 0.9267 0.1564 0.3418
vn 0.9267 0.1564 0.3418
vn 0.9265 -0.1564 0.3421
vn 0.9266 -0.1564 0.3421
vn 0.8358 -0.4538 0.3090
vn 0.8358 -0.4538 0.3090
vn 0.6633 -0.7069 0.2456
vn 0.6633 -0.7069 0.2456
vn 0.4258 -0.8909 0.1581
vn 0.4258 -0.8909 0.1581
vn 0.1465 -0.9877 0.0551
vn 0.1465 -0.9877 0.0551
vn -0.1471 -0.9877 -0.0532
vn -0.1471 -0.9877 -0.0532
vn -0.4263 -0.8909 -0.1564
vn -0.4264 -0.8909 -0.1564
vn -0.6637 -0.7070 -0.2442
vn -0.6638 -0.7069 -0.2442
vn -0.8361 -0.4538 -0.3081
vn -0.8361 -0.4538 -0.3081
vn -0.9267 -0.1564 -0.3418
vn -0.9267 -0.1564 -0.3418
vn -0.9266 0.1564 -0.3421
vn -0.9266 0.1564 -0.3421
vn -0.8358 0.4538 -0.3089
vn -0.8358 0.4538 -0.3090
vn -0.6633 0.7069 -0.2455
vn -0.6633 0.7069 -0.2456
vn -0.4258 0.8909 -0.1581
vn -0.4258 0.8909 -0.1581
vn -0.1465 0.9877 -0.0551
vn -0.1465 0.9877 -0.0551
vn 0.1563 0.9874 0.0232
vn 0.1571 0.9873 0.0234
vn 0.4407 0.8908 0.1105
vn 0.4414 0.8904 0.1108
vn 0.6820 0.7070 0.1871
vn 0.6824 0.7065 0.1873
vn 0.8566 0.4540 0.2454
vn 0.8567 0.4536 0.2455
vn 0.9473 0.1564 0.2796
vn 0.9473 0.1563 0.2796
vn 0.9452 -0.1564 0.2865
vn 0.9452 -0.1564 0.2864
vn 0.8506 -0.4540 0.2652
vn 0.8507 -0.4539 0.2652
vn 0.6728 -0.7070 0.2180
vn 0.6727 -0.7071 0.2180
vn 0.4291 -0.8908 0.1495
vn 0.4287 -0.8910 0.1494
vn 0.1434 -0.9874 0.0664
vn 0.1427 -0.9875 0.0663
vn -0.1563 -0.9874 -0.0232
vn -0.1571 -0.9873 -0.0234
vn -0.4407 -0.8908 -0.1105
vn -0.4415 -0.8904 -0.1107
vn -0.6820 -0.7070 -0.1870
vn -0.6825 -0.7065 -0.1871
vn -0.8566 -0.4540 -0.2452
vn -0.8568 -0.4536 -0.2452
vn -0.9473 -0.1564 -0.2794
vn -0.9474 -0.1563 -0.2794
vn -0.9453 0.1564 -0.2863
vn -0.9453 0.1564 -0.2863
vn -0.8506 0.4540 -0.2652
vn -0.8507 0.4539 -0.2652
vn -0.6727 0.7070 -0.2181
vn -0.6727 0.7071 -0.2180
vn -0.4290 0.8908 -0.1496
vn -0.4287 0.8910 -0.1495
vn -0.1434 0.9874 -0.0665
vn -0.1427 0.9875 -0.0663
vn 0.1506 0.9877 0.0425
vn 0.1506 0.9877 0.0425
vn 0.4358 0.8910 0.1272
vn 0.4358 0.8910 0.1272
vn 0.6784 0.7071 0.1995
vn 0.6784 0.7071 0.1995
vn 0.8546 0.4540 0.2522
vn 0.8546 0.4540 0.2522
vn 0.9471 0.1564 0.2803
vn 0.9471 0.1564 0.2803
vn 0.9469 -0.1564 0.2809
vn 0.9469 -0.1564 0.2809
vn 0.8540 -0.4540 0.2540
vn 0.8540 -0.4540 0.2540
vn 0.6776 -0.7071 0.2023
vn 0.6776 -0.7071 0.2023
vn 0.4348 -0.8910 0.1307
vn 0.4348 -0.8910 0.1307
vn 0.1494 -0.9877 0.0464
vn 0.1494 -0.9877 0.0464
vn -0.1506 -0.9877 -0.0425
vn -0.1506 -0.9877 -0.0425
vn -0.4358 -0.8910 -0.1272
vn -0.4358 -0.8910 -0.1272
vn -0.6784 -0.7071 -0.1995
vn -0.6784 -0.7071 -0.1995
vn -0.8546 -0.4540 -0.2522
vn -0.8546 -0.4540 -0.2522
vn -0.9471 -0.1564 -0.2803
vn -0.9471 -0.1564 -0.2803
vn -0.9469 0.1564 -0.2809
vn -0.9469 0.1564 -0.2809
vn -0.8540 0.4540 -0.2540
vn -0.8540 0.4540 -0.2540
vn -0.6776 0.7071 -0.2023
vn -0.6776 0.7071 -0.2023
vn -0.4348 0.8910 -0.1307
vn -0.4348 0.8910 -0.1307
vn -0.1494 0.9877 -0.0464
vn -0.1494 0.9877 -0.0464
vn 0.1589 0.9872 0.0122
vn 0.1594 0.9871 0.0124
vn 0.4433 0.8908 0.0997
vn 0.4437 0.8906 0.0999
vn 0.6845 0.7071 0.1775
vn 0.6847 0.7069 0.1775
vn 0.8587 0.4540 0.2378
vn 0.8587 0.4539 0.2378
vn 0.9487 0.1564 0.2748
vn 0.9487 0.1564 0.2748
vn 0.9457 -0.1564 0.2849
vn 0.9457 -0.1564 0.2849
vn 0.8501 -0.4538 0.2671
vn 0.8501 -0.4539 0.2671
vn 0.6714 -0.7067 0.2232
vn 0.6712 -0.7069 0.2231
vn 0.4271 -0.8904 0.1575
vn 0.4267 -0.8906 0.1574
vn 0.1411 -0.9871 0.0764
vn 0.1405 -0.9871 0.0762
vn -0.1589 -0.9872 -0.0122
vn -0.1594 -0.9871 -0.0124
vn -0.4434 -0.8908 -0.0997
vn -0.4437 -0.8906 -0.0998
vn -0.6845 -0.7071 -0.1774
vn -0.6847 -0.7069 -0.1774
vn -0.8587 -0.4540 -0.2378
vn -0.8587 -0.4539 -0.2378
vn -0.9487 -0.1564 -0.2749
vn -0.9487 -0.1564 -0.2749
vn -0.9457 0.1564 -0.2850
vn -0.9457 0.1564 -0.2850
vn -0.8501 0.4538 -0.2672
vn -0.8500 0.4539 -0.2672
vn -0.6714 0.7066 -0.2233
vn -0.6712 0.7069 -0.2232
vn -0.4271 0.8904 -0.1576
vn -0.4267 0.8906 -0.1574
vn -0.1411 0.9870 -0.0764
vn -0.1405 0.9871 -0.0762
vn 0.1506 0.9876 0.0442
vn 0.1501 0.9877 0.0440
vn 0.4396 0.8907 0.1155
vn 0.4391 0.8910 0.1154
vn 0.6854 0.7067 0.1756
vn 0.6851 0.7070 0.1755
vn 0.8640 0.4536 0.2184
vn 0.8639 0.4539 0.2184
vn 0.9581 0.1563 0.2399
vn 0.9581 0.1564 0.2399
vn 0.9586 -0.1563 0.2380
vn 0.9586 -0.1564 0.2380
vn 0.8654 -0.4537 0.2128
vn 0.8653 -0.4538 0.2128
vn 0.6874 -0.7069 0.1667
vn 0.6874 -0.7069 0.1667
vn 0.4420 -0.8909 0.1043
vn 0.4421 -0.8909 0.1044
vn 0.1532 -0.9877 0.0317
vn 0.1535 -0.9876 0.0317
vn -0.1506 -0.9876 -0.0442
vn -0.1501 -0.9877 -0.0441
vn -0.4396 -0.8907 -0.1156
vn -0.4391 -0.8910 -0.1155
vn -0.6853 -0.7067 -0.1758
vn -0.6850 -0.7070 -0.1757
vn -0.8640 -0.4536 -0.2187
vn -0.8638 -0.4539 -0.2186
vn -0.9581 -0.1563 -0.2402
vn -0.9581 -0.1564 -0.2402
vn -0.9586 0.1563 -0.2382
vn -0.9586 0.1564 -0.2382
vn -0.8653 0.4537 -0.2129
vn -0.8653 0.4538 -0.2129
vn -0.6874 0.7069 -0.1668
vn -0.6874 0.7069 -0.1668
vn -0.4420 0.8909 -0.1043
vn -0.4421 0.8909 -0.1043
vn -0.1532 0.9877 -0.0316
vn -0.1535 0.9876 -0.0317
vn 0.1589 0.9873 -0.0023
vn 0.1600 0.9871 -0.0020
vn 0.4514 0.8908 0.0523
vn 0.4523 0.8903 0.0525
vn 0.6998 0.7070 0.1017
vn 0.7003 0.7065 0.1019
vn 0.8797 0.4540 0.1412
vn 0.8799 0.4537 0.1413
vn 0.9735 0.1564 0.1669
vn 0.9735 0.1564 0.1669
vn 0.9719 -0.1564 0.1761
vn 0.9719 -0.1564 0.1761
vn 0.8751 -0.4539 0.1681
vn 0.8750 -0.4540 0.1681
vn 0.6926 -0.7068 0.1437
vn 0.6924 -0.7071 0.1437
vn 0.4425 -0.8906 0.1052
vn 0.4418 -0.8909 0.1052
vn 0.1491 -0.9872 0.0565
vn 0.1481 -0.9874 0.0564
vn -0.1589 -0.9873 0.0023
vn -0.1600 -0.9871 0.0021
vn -0.4514 -0.8908 -0.0522
vn -0.4524 -0.8903 -0.0523
vn -0.6999 -0.7070 -0.1016
vn -0.7004 -0.7065 -0.1016
vn -0.8798 -0.4540 -0.1410
vn -0.8799 -0.4537 -0.1411
vn -0.9735 -0.1564 -0.1667
vn -0.9735 -0.1564 -0.1667
vn -0.9719 0.1564 -0.1761
vn -0.9719 0.1564 -0.1761
vn -0.8750 0.4539 -0.1682
vn -0.8750 0.4540 -0.1682
vn -0.6926 0.7068 -0.1438
vn -0.6923 0.7071 -0.1438
vn -0.4425 0.8906 -0.1054
vn -0.4418 0.8909 -0.1053
vn -0.1491 0.9872 -0.0566
vn -0.1481 0.9874 -0.0564
vn 0.1559 0.9877 0.0146
vn 0.1561 0.9876 0.0146
vn 0.4498 0.8910 0.0615
vn 0.4500 0.8909 0.0615
vn 0.6997 0.7071 0.1023
vn 0.6997 0.7070 0.1023
vn 0.8810 0.4540 0.1332
vn 0.8810 0.4540 0.1332
vn 0.9761 0.1564 0.1510
vn 0.9761 0.1564 0.1510
vn 0.9756 -0.1564 0.1540
vn 0.9756 -0.1564 0.1540
vn 0.8797 -0.4539 0.1420
vn 0.8796 -0.4540 0.1420
vn 0.6976 -0.7070 0.1160
vn 0.6975 -0.7071 0.1160
vn 0.4473 -0.8909 0.0787
vn 0.4471 -0.8910 0.0787
vn 0.1532 -0.9876 0.0337
vn 0.1530 -0.9877 0.0337
vn -0.1559 -0.9877 -0.0146
vn -0.1561 -0.9876 -0.0146
vn -0.4498 -0.8910 -0.0614
vn -0.4500 -0.8909 -0.0615
vn -0.6997 -0.7071 -0.1023
vn -0.6997 -0.7070 -0.1023
vn -0.8810 -0.4540 -0.1332
vn -0.8810 -0.4540 -0.1332
vn -0.9761 -0.1564 -0.1510
vn -0.9761 -0.1564 -0.1510
vn -0.9756 0.1564 -0.1540
vn -0.9756 0.1564 -0.1540
vn -0.8797 0.4539 -0.1420
vn -0.8796 0.4540 -0.1420
vn -0.6976 0.7070 -0.1161
vn -0.6975 0.7071 -0.1161
vn -0.4473 0.8909 -0.0788
vn -0.4471 0.8910 -0.0787
vn -0.1532 0.9876 -0.0338
vn -0.1530 0.9877 -0.0337
vn 0.1575 0.9875 0.0032
vn 0.1575 0.9875 0.0032
vn 0.4525 0.8908 0.0416
vn 0.4525 0.8908 0.0416
vn 0.7032 0.7069 0.0760
vn 0.7032 0.7069 0.0760
vn 0.8851 0.4539 0.1030
vn 0.8851 0.4539 0.1030
vn 0.9804 0.1564 0.1199
vn 0.9804 0.1564 0.1199
vn 0.9797 -0.1564 0.1250
vn 0.9797 -0.1564 0.1250
vn 0.8832 -0.4540 0.1179
vn 0.8832 -0.4540 0.1179
vn 0.7001 -0.7071 0.0993
vn 0.7001 -0.7071 0.0993
vn 0.4485 -0.8910 0.0709
vn 0.4485 -0.8910 0.0709
vn 0.1530 -0.9876 0.0356
vn 0.1530 -0.9876 0.0356
vn -0.1575 -0.9875 -0.0032
vn -0.1575 -0.9875 -0.0032
vn -0.4525 -0.8908 -0.0416
vn -0.4525 -0.8908 -0.0416
vn -0.7032 -0.7069 -0.0760
vn -0.7032 -0.7069 -0.0760
vn -0.8851 -0.4539 -0.1030
vn -0.8851 -0.4539 -0.1030
vn -0.9804 -0.1564 -0.1199
vn -0.9804 -0.1564 -0.1199
vn -0.9797 0.1564 -0.1250
vn -0.9797 0.1564 -0.1250
vn -0.8832 0.4540 -0.1179
vn -0.8832 0.4540 -0.1179
vn -0.7001 0.7071 -0.0993
vn -0.7001 0.7071 -0.0993
vn -0.4485 0.8910 -0.0709
vn -0.4485 0.8910 -0.0709
vn -0.1530 0.9876 -0.0356
vn -0.1530 0.9876 -0.0356
vn 0.1541 0.9877 0.0267
vn 0.1542 0.9877 0.0268
vn 0.4478 0.8910 0.0747
vn 0.4479 0.8909 0.0748
vn 0.6976 0.7071 0.1154
vn 0.6977 0.7070 0.1155
vn 0.8792 0.4540 0.1448
vn 0.8792 0.4539 0.1448
vn 0.9746 0.1564 0.1600
vn 0.9746 0.1564 0.1600
vn 0.9747 -0.1564 0.1596
vn 0.9747 -0.1564 0.1596
vn 0.8794 -0.4540 0.1435
vn 0.8794 -0.4539 0.1435
vn 0.6980 -0.7071 0.1134
vn 0.6980 -0.7070 0.1134
vn 0.4482 -0.8910 0.0721
vn 0.4483 -0.8910 0.0722
vn 0.1546 -0.9877 0.0239
vn 0.1546 -0.9877 0.0239
vn -0.1541 -0.9877 -0.0267
vn -0.1542 -0.9877 -0.0268
vn -0.4478 -0.8910 -0.0747
vn -0.4479 -0.8909 -0.0747
vn -0.6976 -0.7071 -0.1154
vn -0.6977 -0.7070 -0.1154
vn -0.8792 -0.4540 -0.1448
vn -0.8792 -0.4539 -0.1448
vn -0.9747 -0.1564 -0.1599
vn -0.9747 -0.1564 -0.1599
vn -0.9747 0.1564 -0.1595
vn -0.9747 0.1564 -0.1595
vn -0.8794 0.4540 -0.1434
vn -0.8794 0.4539 -0.1434
vn -0.6980 0.7071 -0.1133
vn -0.6980 0.7070 -0.1133
vn -0.4482 0.8910 -0.0721
vn -0.4483 0.8910 -0.0721
vn -0.1546 0.9877 -0.0239
vn -0.1546 0.9877 -0.0239
vn 0.1572 0.9875 0.0097
vn 0.1570 0.9875 0.0096
vn 0.4498 0.8909 0.0638
vn 0.4496 0.8909 0.0638
vn 0.6983 0.7070 0.1118
vn 0.6982 0.7071 0.1118
vn 0.8785 0.4540 0.1488
vn 0.8785 0.4540 0.1488
vn 0.9727 0.1564 0.1712
vn 0.9727 0.1564 0.1712
vn 0.9717 -0.1564 0.1769
vn 0.9717 -0.1564 0.1769
vn 0.8756 -0.4540 0.1653
vn 0.8756 -0.4539 0.1653
vn 0.6937 -0.7071 0.1374
vn 0.6937 -0.7070 0.1374
vn 0.4439 -0.8909 0.0961
vn 0.4440 -0.8908 0.0962
vn 0.1507 -0.9875 0.0455
vn 0.1509 -0.9875 0.0455
vn -0.1572 -0.9875 -0.0097
vn -0.1570 -0.9875 -0.0097
vn -0.4498 -0.8909 -0.0639
vn -0.4496 -0.8909 -0.0639
vn -0.6983 -0.7070 -0.1118
vn -0.6982 -0.7071 -0.1118
vn -0.8785 -0.4540 -0.1488
vn -0.8785 -0.4540 -0.1488
vn -0.9727 -0.1564 -0.1712
vn -0.9727 -0.1564 -0.1712
vn -0.9717 0.1564 -0.1769
vn -0.9717 0.1564 -0.1769
vn -0.8756 0.4540 -0.1652
vn -0.8756 0.4539 -0.1652
vn -0.6937 0.7071 -0.1374
vn -0.6937 0.7070 -0.1374
vn -0.4439 0.8909 -0.0961
vn -0.4440 0.8908 -0.0961
vn -0.1507 0.9875 -0.0454
vn -0.1509 0.9875 -0.0455
vn 0.1596 0.9872 0.0019
vn 0.1586 0.9873 0.0017
vn 0.4515 0.8904 0.0586
vn 0.4507 0.8908 0.0584
vn 0.6992 0.7065 0.1095
vn 0.6987 0.7070 0.1094
vn 0.8785 0.4536 0.1498
vn 0.8783 0.4540 0.1497
vn 0.9720 0.1563 0.1754
vn 0.9720 0.1564 0.1754
vn 0.9704 -0.1564 0.1839
vn 0.9704 -0.1564 0.1839
vn 0.8738 -0.4539 0.1744
vn 0.8738 -0.4539 0.1744
vn 0.6915 -0.7071 0.1478
vn 0.6916 -0.7069 0.1478
vn 0.4414 -0.8910 0.1067
vn 0.4419 -0.8907 0.1068
vn 0.1481 -0.9874 0.0551
vn 0.1489 -0.9873 0.0552
vn -0.1596 -0.9872 -0.0019
vn -0.1586 -0.9873 -0.0018
vn -0.4515 -0.8904 -0.0587
vn -0.4507 -0.8908 -0.0586
vn -0.6991 -0.7065 -0.1098
vn -0.6987 -0.7070 -0.1097
vn -0.8785 -0.4536 -0.1500
vn -0.8783 -0.4540 -0.1500
vn -0.9720 -0.1563 -0.1756
vn -0.9719 -0.1564 -0.1756
vn -0.9704 0.1564 -0.1841
vn -0.9704 0.1564 -0.1841
vn -0.8738 0.4539 -0.1744
vn -0.8738 0.4539 -0.1744
vn -0.6915 0.7071 -0.1477
vn -0.6917 0.7069 -0.1478
vn -0.4414 0.8910 -0.1066
vn -0.4419 0.8907 -0.1067
vn -0.1481 0.9874 -0.0550
vn -0.1489 0.9873 -0.0552
vn 0.1575 0.9875 0.0106
vn 0.1577 0.9874 0.0107
vn 0.4465 0.8910 0.0828
vn 0.4465 0.8909 0.0828
vn 0.6917 0.7071 0.1469
vn 0.6917 0.7071 0.1469
vn 0.8691 0.4539 0.1965
vn 0.8691 0.4540 0.1965
vn 0.9613 0.1564 0.2269
vn 0.9613 0.1564 0.2269
vn 0.9593 -0.1563 0.2350
vn 0.9593 -0.1564 0.2350
vn 0.8636 -0.4536 0.2202
vn 0.8635 -0.4538 0.2202
vn 0.6834 -0.7065 0.1838
vn 0.6832 -0.7067 0.1838
vn 0.4364 -0.8904 0.1295
vn 0.4362 -0.8905 0.1295
vn 0.1467 -0.9872 0.0625
vn 0.1465 -0.9872 0.0625
vn -0.1575 -0.9875 -0.0106
vn -0.1577 -0.9874 -0.0107
vn -0.4465 -0.8910 -0.0828
vn -0.4465 -0.8909 -0.0828
vn -0.6917 -0.7071 -0.1469
vn -0.6917 -0.7071 -0.1469
vn -0.8691 -0.4539 -0.1965
vn -0.8691 -0.4540 -0.1965
vn -0.9613 -0.1564 -0.2269
vn -0.9613 -0.1564 -0.2269
vn -0.9593 0.1563 -0.2351
vn -0.9593 0.1564 -0.2351
vn -0.8635 0.4536 -0.2203
vn -0.8635 0.4538 -0.2203
vn -0.6834 0.7065 -0.1839
vn -0.6832 0.7067 -0.1839
vn -0.4364 0.8904 -0.1296
vn -0.4362 0.8905 -0.1295
vn -0.1467 0.9872 -0.0625
vn -0.1465 0.9872 -0.0625
vn 0.1543 0.9877 0.0258
vn 0.1544 0.9877 0.0258
vn 0.4472 0.8910 0.0781
vn 0.4474 0.8909 0.0782
vn 0.6964 0.7071 0.1228
vn 0.6965 0.7069 0.1229
vn 0.8773 0.4540 0.1555
vn 0.8774 0.4538 0.1556
vn 0.9724 0.1564 0.1730
vn 0.9724 0.1564 0.1730
vn 0.9723 -0.1564 0.1735
vn 0.9723 -0.1564 0.1735
vn 0.8771 -0.4540 0.1571
vn 0.8771 -0.4539 0.1571
vn 0.6959 -0.7071 0.1252
vn 0.6961 -0.7070 0.1253
vn 0.4467 -0.8910 0.0811
vn 0.4468 -0.8909 0.0812
vn 0.1537 -0.9877 0.0291
vn 0.1537 -0.9877 0.0291
vn -0.1543 -0.9877 -0.0258
vn -0.1544 -0.9877 -0.0258
vn -0.4472 -0.8910 -0.0781
vn -0.4474 -0.8909 -0.0781
vn -0.6964 -0.7071 -0.1228
vn -0.6965 -0.7069 -0.1228
vn -0.8773 -0.4540 -0.1554
vn -0.8774 -0.4538 -0.1555
vn -0.9724 -0.1564 -0.1729
vn -0.9724 -0.1564 -0.1729
vn -0.9723 0.1564 -0.1734
vn -0.9724 0.1564 -0.1734
vn -0.8771 0.4540 -0.1570
vn -0.8771 0.4539 -0.1570
vn -0.6959 0.7071 -0.1252
vn -0.6961 0.7070 -0.1252
vn -0.4467 0.8910 -0.0811
vn -0.4468 0.8909 -0.0812
vn -0.1537 0.9877 -0.0291
vn -0.1537 0.9877 -0.0291
vn 0.1550 0.9877 0.0218
vn 0.1550 0.9877 0.0218
vn 0.4474 0.8910 0.0772
vn 0.4474 0.8910 0.0772
vn 0.6960 0.7071 0.1250
vn 0.6960 0.7071 0.1250
vn 0.8764 0.4540 0.1606
vn 0.8764 0.4540 0.1606
vn 0.9711 0.1564 0.1805
vn 0.9711 0.1564 0.1805
vn 0.9706 -0.1564 0.1827
vn 0.9706 -0.1564 0.1827
vn 0.8752 -0.4540 0.1670
vn 0.8752 -0.4540 0.1670
vn 0.6941 -0.7071 0.1350
vn 0.6941 -0.7071 0.1350
vn 0.4451 -0.8910 0.0898
vn 0.4451 -0.8910 0.0898
vn 0.1525 -0.9877 0.0357
vn 0.1525 -0.9877 0.0357
vn -0.1550 -0.9877 -0.0218
vn -0.1550 -0.9877 -0.0218
vn -0.4474 -0.8910 -0.0772
vn -0.4474 -0.8910 -0.0772
vn -0.6960 -0.7071 -0.1250
vn -0.6960 -0.7071 -0.1250
vn -0.8764 -0.4540 -0.1606
vn -0.8764 -0.4540 -0.1606
vn -0.9711 -0.1564 -0.1805
vn -0.9711 -0.1564 -0.1805
vn -0.9706 0.1564 -0.1827
vn -0.9706 0.1564 -0.1827
vn -0.8752 0.4540 -0.1670
vn -0.8752 0.4540 -0.1670
vn -0.6941 0.7071 -0.1350
vn -0.6941 0.7071 -0.1350
vn -0.4451 0.8910 -0.0898
vn -0.4451 0.8910 -0.0898
vn -0.1525 0.9877 -0.0357
vn -0.1525 0.9877 -0.0357
vn 0.1567 0.9876 0.0133
vn 0.1566 0.9876 0.0133
vn 0.4494 0.8909 0.0664
vn 0.4493 0.8909 0.0664
vn 0.6982 0.7070 0.1130
vn 0.6981 0.7070 0.1129
vn 0.8786 0.4539 0.1485
vn 0.8786 0.4540 0.1485
vn 0.9730 0.1564 0.1695
vn 0.9730 0.1564 0.1694
vn 0.9723 -0.1564 0.1739
vn 0.9723 -0.1564 0.1739
vn 0.8763 -0.4540 0.1612
vn 0.8763 -0.4540 0.1612
vn 0.6945 -0.7071 0.1328
vn 0.6945 -0.7071 0.1328
vn 0.4447 -0.8910 0.0914
vn 0.4448 -0.8910 0.0914
vn 0.1514 -0.9876 0.0410
vn 0.1515 -0.9876 0.0411
vn -0.1567 -0.9876 -0.0133
vn -0.1566 -0.9876 -0.0133
vn -0.4494 -0.8909 -0.0664
vn -0.4493 -0.8909 -0.0664
vn -0.6982 -0.7070 -0.1130
vn -0.6981 -0.7070 -0.1130
vn -0.8786 -0.4539 -0.1485
vn -0.8786 -0.4540 -0.1485
vn -0.9730 -0.1564 -0.1695
vn -0.9730 -0.1564 -0.1695
vn -0.9723 0.1564 -0.1739
vn -0.9723 0.1564 -0.1739
vn -0.8763 0.4540 -0.1612
vn -0.8763 0.4540 -0.1612
vn -0.6945 0.7071 -0.1328
vn -0.6945 0.7071 -0.1328
vn -0.4447 0.8910 -0.0914
vn -0.4448 0.8910 -0.0914
vn -0.1514 0.9876 -0.0410
vn -0.1515 0.9876 -0.0411
vn 0.1565 0.9876 0.0123
vn 0.1568 0.9875 0.0124
vn 0.4479 0.8910 0.0743
vn 0.4480 0.8910 0.0743
vn 0.6953 0.7071 0.1289
vn 0.6953 0.7071 0.1289
vn 0.8745 0.4539 0.1708
vn 0.8745 0.4540 0.1708
vn 0.9681 0.1563 0.1960
vn 0.9680 0.1564 0.1960
vn 0.9668 -0.1563 0.2021
vn 0.9668 -0.1564 0.2021
vn 0.8711 -0.4536 0.1883
vn 0.8709 -0.4539 0.1883
vn 0.6902 -0.7065 0.1562
vn 0.6899 -0.7069 0.1562
vn 0.4418 -0.8905 0.1088
vn 0.4413 -0.8907 0.1088
vn 0.1501 -0.9874 0.0508
vn 0.1496 -0.9875 0.0507
vn -0.1565 -0.9876 -0.0123
vn -0.1569 -0.9875 -0.0124
vn -0.4479 -0.8910 -0.0742
vn -0.4480 -0.8910 -0.0743
vn -0.6953 -0.7070 -0.1289
vn -0.6953 -0.7071 -0.1289
vn -0.8745 -0.4539 -0.1709
vn -0.8745 -0.4540 -0.1709
vn -0.9680 -0.1563 -0.1962
vn -0.9680 -0.1564 -0.1962
vn -0.9668 0.1563 -0.2023
vn -0.9668 0.1564 -0.2023
vn -0.8710 0.4536 -0.1886
vn -0.8709 0.4539 -0.1885
vn -0.6902 0.7065 -0.1564
vn -0.6898 0.7069 -0.1563
vn -0.4418 0.8905 -0.1089
vn -0.4413 0.8907 -0.1088
vn -0.1501 0.9874 -0.0508
vn -0.1496 0.9875 -0.0507
vn 0.1584 0.9874 -0.0034
vn 0.1591 0.9873 -0.0033
vn 0.4528 0.8908 0.0394
vn 0.4534 0.8904 0.0395
vn 0.7029 0.7070 0.0783
vn 0.7033 0.7066 0.0784
vn 0.8843 0.4539 0.1095
vn 0.8844 0.4537 0.1096
vn 0.9791 0.1564 0.1301
vn 0.9791 0.1564 0.1301
vn 0.9780 -0.1564 0.1378
vn 0.9780 -0.1564 0.1378
vn 0.8812 -0.4540 0.1321
vn 0.8812 -0.4539 0.1321
vn 0.6980 -0.7070 0.1135
vn 0.6979 -0.7071 0.1135
vn 0.4466 -0.8908 0.0837
vn 0.4463 -0.8910 0.0837
vn 0.1515 -0.9874 0.0458
vn 0.1509 -0.9875 0.0457
vn -0.1584 -0.9874 0.0034
vn -0.1591 -0.9873 0.0033
vn -0.4528 -0.8908 -0.0393
vn -0.4534 -0.8904 -0.0394
vn -0.7029 -0.7070 -0.0782
vn -0.7033 -0.7066 -0.0782
vn -0.8843 -0.4539 -0.1094
vn -0.8844 -0.4537 -0.1094
vn -0.9791 -0.1564 -0.1299
vn -0.9791 -0.1563 -0.1299
vn -0.9780 0.1564 -0.1378
vn -0.9780 0.1564 -0.1378
vn -0.8812 0.4540 -0.1321
vn -0.8812 0.4539 -0.1321
vn -0.6980 0.7070 -0.1135
vn -0.6979 0.7071 -0.1135
vn -0.4466 0.8908 -0.0838
vn -0.4463 0.8910 -0.0837
vn -0.1515 0.9874 -0.0458
vn -0.1509 0.9875 -0.0457
vn 0.1567 0.9876 0.0066
vn 0.1570 0.9876 0.0066
vn 0.4512 0.8910 0.0501
vn 0.4514 0.8909 0.0502
vn 0.7015 0.7071 0.0888
vn 0.7015 0.7071 0.0888
vn 0.8831 0.4539 0.1187
vn 0.8831 0.4540 0.1187
vn 0.9781 0.1564 0.1370
vn 0.9781 0.1564 0.1370
vn 0.9775 -0.1564 0.1419
vn 0.9774 -0.1564 0.1419
vn 0.8811 -0.4538 0.1329
vn 0.8811 -0.4540 0.1329
vn 0.6987 -0.7068 0.1109
vn 0.6984 -0.7070 0.1109
vn 0.4478 -0.8907 0.0781
vn 0.4474 -0.8909 0.0780
vn 0.1531 -0.9875 0.0376
vn 0.1527 -0.9876 0.0375
vn -0.1567 -0.9876 -0.0066
vn -0.1570 -0.9876 -0.0066
vn -0.4512 -0.8910 -0.0501
vn -0.4514 -0.8909 -0.0501
vn -0.7015 -0.7071 -0.0888
vn -0.7015 -0.7071 -0.0888
vn -0.8831 -0.4539 -0.1187
vn -0.8831 -0.4540 -0.1187
vn -0.9781 -0.1564 -0.1371
vn -0.9781 -0.1564 -0.1371
vn -0.9774 0.1564 -0.1420
vn -0.9774 0.1564 -0.1420
vn -0.8811 0.4538 -0.1330
vn -0.8810 0.4540 -0.1330
vn -0.6986 0.7068 -0.1110
vn -0.6984 0.7070 -0.1109
vn -0.4478 0.8907 -0.0781
vn -0.4474 0.8909 -0.0781
vn -0.1531 0.9875 -0.0376
vn -0.1527 0.9876 -0.0375
vn 0.1564 0.9875 0.0200
vn 0.1552 0.9877 0.0199
vn 0.4536 0.8903 0.0392
vn 0.4525 0.8909 0.0391
vn 0.7060 0.7061 0.0545
vn 0.7053 0.7068 0.0544
vn 0.8891 0.4531 0.0645
vn 0.8889 0.4536 0.0645
vn 0.9854 0.1561 0.0683
vn 0.9854 0.1563 0.0683
vn 0.9856 -0.1561 0.0654
vn 0.9856 -0.1562 0.0654
vn 0.8896 -0.4533 0.0561
vn 0.8895 -0.4535 0.0562
vn 0.7065 -0.7065 0.0414
vn 0.7065 -0.7065 0.0414
vn 0.4539 -0.8908 0.0225
vn 0.4543 -0.8906 0.0225
vn 0.1564 -0.9877 0.0013
vn 0.1573 -0.9875 0.0013
vn -0.1564 -0.9875 -0.0200
vn -0.1552 -0.9877 -0.0200
vn -0.4536 -0.8903 -0.0394
vn -0.4524 -0.8909 -0.0395
vn -0.7060 -0.7061 -0.0550
vn -0.7052 -0.7068 -0.0550
vn -0.8891 -0.4531 -0.0651
vn -0.8888 -0.4536 -0.0652
vn -0.9853 -0.1561 -0.0688
vn -0.9853 -0.1563 -0.0689
vn -0.9855 0.1561 -0.0658
vn -0.9855 0.1562 -0.0658
vn -0.8896 0.4533 -0.0563
vn -0.8895 0.4535 -0.0563
vn -0.7065 0.7065 -0.0414
vn -0.7065 0.7065 -0.0414
vn -0.4539 0.8908 -0.0224
vn -0.4543 0.8906 -0.0224
vn -0.1564 0.9877 -0.0012
vn -0.1573 0.9875 -0.0013
vn 0.1557 0.9872 -0.0358
vn 0.1564 0.9870 -0.0358
vn 0.4529 0.8905 -0.0437
vn 0.4536 0.8901 -0.0437
vn 0.7059 0.7067 -0.0473
vn 0.7063 0.7063 -0.0473
vn 0.8899 0.4538 -0.0463
vn 0.8901 0.4535 -0.0463
vn 0.9868 0.1564 -0.0408
vn 0.9869 0.1563 -0.0408
vn 0.9872 -0.1564 -0.0313
vn 0.9872 -0.1564 -0.0313
vn 0.8908 -0.4540 -0.0188
vn 0.8909 -0.4539 -0.0188
vn 0.7071 -0.7071 -0.0043
vn 0.7071 -0.7071 -0.0043
vn 0.4542 -0.8908 0.0105
vn 0.4540 -0.8910 0.0105
vn 0.1569 -0.9873 0.0243
vn 0.1564 -0.9874 0.0244
vn -0.1557 -0.9872 0.0358
vn -0.1564 -0.9870 0.0359
vn -0.4529 -0.8905 0.0438
vn -0.4536 -0.8901 0.0438
vn -0.7059 -0.7067 0.0475
vn -0.7063 -0.7063 0.0475
vn -0.8899 -0.4538 0.0465
vn -0.8901 -0.4535 0.0465
vn -0.9868 -0.1564 0.0410
vn -0.9869 -0.1563 0.0410
vn -0.9872 0.1564 0.0315
vn -0.9872 0.1564 0.0315
vn -0.8908 0.4540 0.0188
vn -0.8909 0.4539 0.0188
vn -0.7071 0.7071 0.0043
vn -0.7071 0.7071 0.0043
vn -0.4542 0.8908 -0.0106
vn -0.4540 0.8910 -0.0106
vn -0.1569 0.9873 -0.0244
vn -0.1564 0.9874 -0.0244
vn 0.1603 0.9856 -0.0546
vn 0.1552 0.9863 -0.0553
vn 0.4568 0.8885 -0.0432
vn 0.4529 0.8905 -0.0439
vn 0.7086 0.7050 -0.0274
vn 0.7066 0.7070 -0.0279
vn 0.8915 0.4529 -0.0088
vn 0.8910 0.4540 -0.0090
vn 0.9877 0.1562 0.0110
vn 0.9876 0.1564 0.0110
vn 0.9873 -0.1563 0.0300
vn 0.9873 -0.1562 0.0300
vn 0.8899 -0.4539 0.0460
vn 0.8903 -0.4531 0.0458
vn 0.7048 -0.7071 0.0573
vn 0.7066 -0.7053 0.0569
vn 0.4505 -0.8906 0.0627
vn 0.4542 -0.8887 0.0622
vn 0.1523 -0.9864 0.0617
vn 0.1574 -0.9856 0.0612
vn -0.1603 -0.9856 0.0546
vn -0.1552 -0.9864 0.0542
vn -0.4568 -0.8886 0.0422
vn -0.4530 -0.8905 0.0419
vn -0.7086 -0.7051 0.0258
vn -0.7067 -0.7071 0.0257
vn -0.8915 -0.4529 0.0073
vn -0.8910 -0.4540 0.0072
vn -0.9877 -0.1562 -0.0118
vn -0.9876 -0.1564 -0.0118
vn -0.9873 0.1563 -0.0296
vn -0.9873 0.1562 -0.0296
vn -0.8899 0.4539 -0.0446
vn -0.8903 0.4531 -0.0446
vn -0.7050 0.7071 -0.0553
vn -0.7066 0.7054 -0.0555
vn -0.4507 0.8906 -0.0608
vn -0.4542 0.8888 -0.0612
vn -0.1524 0.9865 -0.0606
vn -0.1574 0.9856 -0.0612
vn 0.1710 0.9821 -0.0788
vn 0.1618 0.9835 -0.0811
vn 0.4634 0.8855 -0.0350
vn 0.4566 0.8889 -0.0371
vn 0.7109 0.7032 0.0125
vn 0.7075 0.7066 0.0112
vn 0.8899 0.4522 0.0595
vn 0.8891 0.4540 0.0590
vn 0.9825 0.1561 0.1013
vn 0.9825 0.1564 0.1013
vn 0.9786 -0.1564 0.1335
vn 0.9787 -0.1561 0.1335
vn 0.8779 -0.4540 0.1525
vn 0.8789 -0.4521 0.1522
vn 0.6902 -0.7065 0.1561
vn 0.6939 -0.7030 0.1556
vn 0.4351 -0.8888 0.1438
vn 0.4422 -0.8854 0.1434
vn 0.1383 -0.9834 0.1171
vn 0.1478 -0.9821 0.1170
vn -0.1710 -0.9821 0.0788
vn -0.1617 -0.9837 0.0791
vn -0.4631 -0.8857 0.0332
vn -0.4565 -0.8891 0.0335
vn -0.7106 -0.7034 -0.0153
vn -0.7074 -0.7067 -0.0151
vn -0.8897 -0.4523 -0.0620
vn -0.8889 -0.4540 -0.0619
vn -0.9824 -0.1561 -0.1022
vn -0.9824 -0.1563 -0.1022
vn -0.9788 0.1564 -0.1324
vn -0.9788 0.1561 -0.1324
vn -0.8784 0.4540 -0.1495
vn -0.8793 0.4522 -0.1497
vn -0.6910 0.7067 -0.1522
vn -0.6943 0.7033 -0.1528
vn -0.4358 0.8891 -0.1403
vn -0.4425 0.8856 -0.1415
vn -0.1387 0.9836 -0.1150
vn -0.1478 0.9821 -0.1170
vn 0.1731 0.9812 -0.0850
vn 0.1719 0.9814 -0.0853
vn 0.4619 0.8868 -0.0162
vn 0.4611 0.8872 -0.0165
vn 0.7068 0.7053 0.0545
vn 0.7064 0.7057 0.0543
vn 0.8830 0.4537 0.1201
vn 0.8830 0.4538 0.1201
vn 0.9722 0.1564 0.1741
vn 0.9722 0.1564 0.1741
vn 0.9650 -0.1563 0.2108
vn 0.9650 -0.1563 0.2108
vn 0.8623 -0.4528 0.2265
vn 0.8625 -0.4525 0.2265
vn 0.6755 -0.7037 0.2200
vn 0.6761 -0.7032 0.2200
vn 0.4238 -0.8852 0.1920
vn 0.4248 -0.8847 0.1921
vn 0.1317 -0.9805 0.1455
vn 0.1330 -0.9804 0.1457
vn -0.1731 -0.9812 0.0850
vn -0.1719 -0.9814 0.0852
vn -0.4619 -0.8868 0.0161
vn -0.4611 -0.8872 0.0162
vn -0.7068 -0.7053 -0.0547
vn -0.7064 -0.7057 -0.0546
vn -0.8830 -0.4537 -0.1202
vn -0.8829 -0.4538 -0.1202
vn -0.9722 -0.1564 -0.1740
vn -0.9722 -0.1564 -0.1740
vn -0.9650 0.1563 -0.2106
vn -0.9650 0.1563 -0.2106
vn -0.8624 0.4529 -0.2262
vn -0.8626 0.4525 -0.2262
vn -0.6756 0.7038 -0.2196
vn -0.6762 0.7032 -0.2197
vn -0.4239 0.8852 -0.1917
vn -0.4249 0.8847 -0.1919
vn -0.1317 0.9806 -0.1454
vn -0.1330 0.9804 -0.1457
vn 0.1445 0.9848 0.0966
vn 0.1414 0.9853 0.0959
vn 0.4385 0.8883 0.1362
vn 0.4362 0.8896 0.1358
vn 0.6900 0.7053 0.1627
vn 0.6887 0.7066 0.1625
vn 0.8744 0.4532 0.1734
vn 0.8740 0.4539 0.1734
vn 0.9734 0.1563 0.1673
vn 0.9734 0.1564 0.1673
vn 0.9770 -0.1564 0.1447
vn 0.9770 -0.1564 0.1447
vn 0.8845 -0.4540 0.1079
vn 0.8847 -0.4534 0.1080
vn 0.7049 -0.7067 0.0604
vn 0.7060 -0.7056 0.0606
vn 0.4564 -0.8898 0.0070
vn 0.4587 -0.8886 0.0073
vn 0.1637 -0.9854 -0.0471
vn 0.1669 -0.9849 -0.0468
vn -0.1445 -0.9848 -0.0966
vn -0.1413 -0.9853 -0.0964
vn -0.4385 -0.8883 -0.1367
vn -0.4360 -0.8895 -0.1366
vn -0.6898 -0.7053 -0.1633
vn -0.6885 -0.7066 -0.1634
vn -0.8742 -0.4532 -0.1740
vn -0.8739 -0.4539 -0.1741
vn -0.9734 -0.1563 -0.1676
vn -0.9734 -0.1564 -0.1676
vn -0.9771 0.1564 -0.1446
vn -0.9771 0.1564 -0.1446
vn -0.8845 0.4540 -0.1073
vn -0.8848 0.4534 -0.1075
vn -0.7050 0.7067 -0.0596
vn -0.7061 0.7056 -0.0600
vn -0.4565 0.8897 -0.0062
vn -0.4587 0.8886 -0.0069
vn -0.1637 0.9854 0.0476
vn -0.1669 0.9849 0.0468
vn 0.1507 0.9840 0.0951
vn 0.1449 0.9850 0.0940
vn 0.4466 0.8876 0.1128
vn 0.4425 0.8897 0.1121
vn 0.6992 0.7048 0.1198
vn 0.6972 0.7068 0.1195
vn 0.8840 0.4530 0.1155
vn 0.8835 0.4540 0.1154
vn 0.9826 0.1563 0.1002
vn 0.9826 0.1564 0.1002
vn 0.9848 -0.1564 0.0751
vn 0.9849 -0.1562 0.0751
vn 0.8900 -0.4540 0.0425
vn 0.8906 -0.4527 0.0425
vn 0.7075 -0.7067 0.0055
vn 0.7098 -0.7044 0.0056
vn 0.4558 -0.8895 -0.0321
vn 0.4602 -0.8872 -0.0321
vn 0.1600 -0.9848 -0.0669
vn 0.1660 -0.9838 -0.0669
vn -0.1507 -0.9840 -0.0951
vn -0.1447 -0.9849 -0.0953
vn -0.4465 -0.8875 -0.1139
vn -0.4421 -0.8896 -0.1143
vn -0.6990 -0.7048 -0.1215
vn -0.6968 -0.7068 -0.1218
vn -0.8838 -0.4530 -0.1169
vn -0.8833 -0.4540 -0.1171
vn -0.9826 -0.1563 -0.1005
vn -0.9826 -0.1564 -0.1005
vn -0.9849 0.1564 -0.0741
vn -0.9849 0.1562 -0.0741
vn -0.8901 0.4540 -0.0404
vn -0.8908 0.4527 -0.0407
vn -0.7076 0.7066 -0.0029
vn -0.7099 0.7043 -0.0037
vn -0.4559 0.8894 0.0345
vn -0.4604 0.8871 0.0333
vn -0.1601 0.9847 0.0682
vn -0.1660 0.9838 0.0669
vn 0.1567 0.9875 -0.0142
vn 0.1575 0.9874 -0.0141
vn 0.4541 0.8910 0.0001
vn 0.4546 0.8907 0.0002
vn 0.7070 0.7071 0.0144
vn 0.7072 0.7069 0.0144
vn 0.8906 0.4540 0.0273
vn 0.8907 0.4539 0.0273
vn 0.9870 0.1564 0.0374
vn 0.9870 0.1564 0.0374
vn 0.9867 -0.1564 0.0439
vn 0.9867 -0.1564 0.0439
vn 0.8899 -0.4538 0.0461
vn 0.8898 -0.4540 0.0461
vn 0.7061 -0.7068 0.0438
vn 0.7058 -0.7071 0.0438
vn 0.4531 -0.8907 0.0373
vn 0.4526 -0.8909 0.0373
vn 0.1559 -0.9874 0.0271
vn 0.1551 -0.9875 0.0271
vn -0.1567 -0.9875 0.0142
vn -0.1575 -0.9874 0.0142
vn -0.4541 -0.8910 -0.0001
vn -0.4546 -0.8907 -0.0000
vn -0.7070 -0.7071 -0.0143
vn -0.7072 -0.7069 -0.0143
vn -0.8906 -0.4540 -0.0272
vn -0.8907 -0.4539 -0.0272
vn -0.9870 -0.1564 -0.0374
vn -0.9870 -0.1564 -0.0374
vn -0.9867 0.1564 -0.0440
vn -0.9867 0.1564 -0.0440
vn -0.8899 0.4538 -0.0463
vn -0.8898 0.4540 -0.0463
vn -0.7060 0.7068 -0.0440
vn -0.7057 0.7071 -0.0440
vn -0.4531 0.8907 -0.0374
vn -0.4526 0.8909 -0.0374
vn -0.1559 0.9874 -0.0271
vn -0.1551 0.9875 -0.0271
vn 0.1546 0.9872 -0.0381
vn 0.1571 0.9869 -0.0379
vn 0.4526 0.8909 -0.0384
vn 0.4544 0.8900 -0.0382
vn 0.7062 0.7071 -0.0351
vn 0.7071 0.7062 -0.0350
vn 0.8906 0.4539 -0.0284
vn 0.8908 0.4535 -0.0284
vn 0.9875 0.1564 -0.0191
vn 0.9875 0.1563 -0.0191
vn 0.9877 -0.1563 -0.0079
vn 0.9877 -0.1564 -0.0079
vn 0.8913 -0.4535 0.0041
vn 0.8910 -0.4539 0.0041
vn 0.7079 -0.7062 0.0157
vn 0.7069 -0.7071 0.0158
vn 0.4553 -0.8900 0.0258
vn 0.4535 -0.8909 0.0261
vn 0.1582 -0.9868 0.0336
vn 0.1557 -0.9872 0.0339
vn -0.1546 -0.9872 0.0381
vn -0.1571 -0.9868 0.0383
vn -0.4526 -0.8909 0.0388
vn -0.4544 -0.8900 0.0390
vn -0.7062 -0.7071 0.0357
vn -0.7071 -0.7062 0.0358
vn -0.8906 -0.4539 0.0289
vn -0.8908 -0.4535 0.0290
vn -0.9875 -0.1564 0.0192
vn -0.9875 -0.1563 0.0192
vn -0.9877 0.1563 0.0076
vn -0.9877 0.1564 0.0076
vn -0.8913 0.4534 -0.0047
vn -0.8910 0.4539 -0.0047
vn -0.7079 0.7061 -0.0165
vn -0.7069 0.7071 -0.0165
vn -0.4553 0.8899 -0.0266
vn -0.4535 0.8909 -0.0265
vn -0.1582 0.9868 -0.0340
vn -0.1557 0.9872 -0.0339
vn 0.1570 0.9857 -0.0605
vn 0.1534 0.9863 -0.0605
vn 0.4535 0.8879 -0.0765
vn 0.4501 0.8897 -0.0766
vn 0.7052 0.7039 -0.0851
vn 0.7028 0.7062 -0.0852
vn 0.8880 0.4518 -0.0853
vn 0.8871 0.4536 -0.0854
vn 0.9848 0.1558 -0.0772
vn 0.9847 0.1564 -0.0773
vn 0.9858 -0.1560 -0.0615
vn 0.9858 -0.1564 -0.0614
vn 0.8904 -0.4534 -0.0397
vn 0.8901 -0.4540 -0.0396
vn 0.7072 -0.7069 -0.0139
vn 0.7071 -0.7069 -0.0139
vn 0.4538 -0.8910 0.0132
vn 0.4549 -0.8904 0.0130
vn 0.1558 -0.9870 0.0388
vn 0.1584 -0.9866 0.0385
vn -0.1570 -0.9857 0.0605
vn -0.1534 -0.9863 0.0601
vn -0.4535 -0.8880 0.0761
vn -0.4501 -0.8898 0.0758
vn -0.7052 -0.7040 0.0842
vn -0.7029 -0.7063 0.0840
vn -0.8881 -0.4519 0.0842
vn -0.8872 -0.4536 0.0842
vn -0.9849 -0.1558 0.0761
vn -0.9848 -0.1564 0.0761
vn -0.9859 0.1560 0.0606
vn -0.9858 0.1564 0.0606
vn -0.8904 0.4534 0.0392
vn -0.8901 0.4540 0.0392
vn -0.7072 0.7069 0.0139
vn -0.7071 0.7069 0.0139
vn -0.4538 0.8910 -0.0129
vn -0.4549 0.8904 -0.0129
vn -0.1558 0.9870 -0.0386
vn -0.1584 0.9866 -0.0385
vn 0.1549 0.9876 0.0270
vn 0.1560 0.9874 0.0272
vn 0.4512 0.8908 0.0539
vn 0.4528 0.8900 0.0541
vn 0.7033 0.7069 0.0755
vn 0.7046 0.7056 0.0757
vn 0.8865 0.4539 0.0898
vn 0.8872 0.4526 0.0899
vn 0.9831 0.1564 0.0952
vn 0.9832 0.1559 0.0952
vn 0.9835 -0.1564 0.0913
vn 0.9835 -0.1560 0.0913
vn 0.8876 -0.4540 0.0784
vn 0.8881 -0.4530 0.0784
vn 0.7048 -0.7071 0.0578
vn 0.7056 -0.7063 0.0579
vn 0.4529 -0.8910 0.0316
vn 0.4534 -0.8907 0.0316
vn 0.1567 -0.9876 0.0024
vn 0.1564 -0.9877 0.0023
vn -0.1549 -0.9876 -0.0270
vn -0.1560 -0.9874 -0.0271
vn -0.4512 -0.8908 -0.0537
vn -0.4528 -0.8900 -0.0538
vn -0.7033 -0.7069 -0.0751
vn -0.7046 -0.7056 -0.0751
vn -0.8866 -0.4539 -0.0891
vn -0.8872 -0.4527 -0.0890
vn -0.9832 -0.1564 -0.0944
vn -0.9833 -0.1559 -0.0943
vn -0.9835 0.1564 -0.0905
vn -0.9836 0.1560 -0.0905
vn -0.8876 0.4540 -0.0778
vn -0.8881 0.4530 -0.0779
vn -0.7048 0.7071 -0.0575
vn -0.7056 0.7063 -0.0576
vn -0.4529 0.8910 -0.0315
vn -0.4535 0.8907 -0.0316
vn -0.1567 0.9876 -0.0024
vn -0.1564 0.9877 -0.0023
vn 0.1556 0.9874 -0.0301
vn 0.1589 0.9869 -0.0296
vn 0.4536 0.8910 -0.0193
vn 0.4560 0.8898 -0.0189
vn 0.7071 0.7070 -0.0068
vn 0.7083 0.7059 -0.0066
vn 0.8911 0.4538 0.0062
vn 0.8914 0.4532 0.0063
vn 0.9875 0.1563 0.0184
vn 0.9876 0.1562 0.0184
vn 0.9873 -0.1562 0.0287
vn 0.9873 -0.1563 0.0287
vn 0.8907 -0.4531 0.0363
vn 0.8904 -0.4538 0.0364
vn 0.7073 -0.7058 0.0404
vn 0.7060 -0.7071 0.0406
vn 0.4547 -0.8897 0.0407
vn 0.4522 -0.8910 0.0410
vn 0.1574 -0.9868 0.0372
vn 0.1540 -0.9874 0.0375
vn -0.1556 -0.9874 0.0301
vn -0.1589 -0.9868 0.0304
vn -0.4536 -0.8910 0.0200
vn -0.4560 -0.8897 0.0202
vn -0.7071 -0.7070 0.0078
vn -0.7083 -0.7058 0.0079
vn -0.8911 -0.4538 -0.0054
vn -0.8914 -0.4532 -0.0053
vn -0.9875 -0.1563 -0.0182
vn -0.9876 -0.1562 -0.0182
vn -0.9873 0.1562 -0.0292
vn -0.9873 0.1563 -0.0292
vn -0.8907 0.4531 -0.0374
vn -0.8903 0.4538 -0.0374
vn -0.7072 0.7057 -0.0418
vn -0.7059 0.7071 -0.0417
vn -0.4547 0.8896 -0.0420
vn -0.4521 0.8910 -0.0417
vn -0.1575 0.9868 -0.0379
vn -0.1540 0.9874 -0.0375
vn 0.1477 0.9872 -0.0606
vn 0.1545 0.9862 -0.0602
vn 0.4452 0.8910 -0.0892
vn 0.4503 0.8885 -0.0887
vn 0.6988 0.7070 -0.1094
vn 0.7015 0.7043 -0.1089
vn 0.8832 0.4535 -0.1192
vn 0.8840 0.4520 -0.1190
vn 0.9807 0.1561 -0.1178
vn 0.9807 0.1558 -0.1178
vn 0.9821 -0.1560 -0.1052
vn 0.9821 -0.1560 -0.1052
vn 0.8880 -0.4525 -0.0823
vn 0.8876 -0.4533 -0.0821
vn 0.7075 -0.7049 -0.0512
vn 0.7056 -0.7068 -0.0505
vn 0.4580 -0.8888 -0.0146
vn 0.4538 -0.8910 -0.0132
vn 0.1634 -0.9863 0.0240
vn 0.1572 -0.9872 0.0258
vn -0.1477 -0.9872 0.0606
vn -0.1544 -0.9860 0.0626
vn -0.4447 -0.8910 0.0914
vn -0.4500 -0.8882 0.0930
vn -0.6981 -0.7070 0.1129
vn -0.7010 -0.7040 0.1139
vn -0.8827 -0.4536 0.1228
vn -0.8836 -0.4518 0.1232
vn -0.9804 -0.1561 0.1200
vn -0.9805 -0.1558 0.1201
vn -0.9822 0.1560 0.1051
vn -0.9822 0.1560 0.1051
vn -0.8882 0.4524 0.0800
vn -0.8877 0.4533 0.0801
vn -0.7080 0.7046 0.0476
vn -0.7058 0.7068 0.0478
vn -0.4586 0.8886 0.0110
vn -0.4539 0.8910 0.0113
vn -0.1638 0.9861 -0.0262
vn -0.1572 0.9872 -0.0258
vn 0.1480 0.9869 -0.0641
vn 0.1471 0.9871 -0.0640
vn 0.4391 0.8898 -0.1243
vn 0.4382 0.8902 -0.1242
vn 0.6871 0.7058 -0.1723
vn 0.6865 0.7064 -0.1722
vn 0.8679 0.4531 -0.2035
vn 0.8677 0.4536 -0.2035
vn 0.9641 0.1562 -0.2148
vn 0.9641 0.1563 -0.2148
vn 0.9662 -0.1563 -0.2051
vn 0.9662 -0.1564 -0.2051
vn 0.8737 -0.4537 -0.1753
vn 0.8736 -0.4540 -0.1752
vn 0.6955 -0.7070 -0.1283
vn 0.6954 -0.7071 -0.1282
vn 0.4488 -0.8910 -0.0687
vn 0.4490 -0.8909 -0.0687
vn 0.1580 -0.9874 -0.0024
vn 0.1586 -0.9873 -0.0025
vn -0.1480 -0.9869 0.0641
vn -0.1471 -0.9871 0.0638
vn -0.4392 -0.8898 0.1241
vn -0.4383 -0.8903 0.1239
vn -0.6872 -0.7058 0.1720
vn -0.6866 -0.7065 0.1718
vn -0.8680 -0.4531 0.2030
vn -0.8678 -0.4536 0.2030
vn -0.9642 -0.1562 0.2143
vn -0.9642 -0.1563 0.2143
vn -0.9663 0.1563 0.2047
vn -0.9663 0.1564 0.2047
vn -0.8738 0.4537 0.1751
vn -0.8737 0.4540 0.1750
vn -0.6955 0.7070 0.1282
vn -0.6954 0.7071 0.1282
vn -0.4488 0.8910 0.0687
vn -0.4490 0.8909 0.0687
vn -0.1580 0.9874 0.0024
vn -0.1586 0.9873 0.0025
vn 0.1525 0.9864 -0.0614
vn 0.1485 0.9870 -0.0611
vn 0.4479 0.8892 -0.0935
vn 0.4447 0.8908 -0.0933
vn 0.6992 0.7054 -0.1163
vn 0.6975 0.7071 -0.1163
vn 0.8824 0.4529 -0.1277
vn 0.8818 0.4539 -0.1278
vn 0.9796 0.1561 -0.1266
vn 0.9795 0.1564 -0.1266
vn 0.9812 -0.1563 -0.1131
vn 0.9812 -0.1563 -0.1131
vn 0.8867 -0.4538 -0.0884
vn 0.8869 -0.4533 -0.0885
vn 0.7050 -0.7071 -0.0551
vn 0.7061 -0.7059 -0.0554
vn 0.4539 -0.8909 -0.0165
vn 0.4564 -0.8896 -0.0170
vn 0.1583 -0.9871 0.0237
vn 0.1620 -0.9865 0.0230
vn -0.1525 -0.9864 0.0614
vn -0.1485 -0.9870 0.0607
vn -0.4479 -0.8892 0.0931
vn -0.4448 -0.8908 0.0926
vn -0.6993 -0.7054 0.1157
vn -0.6976 -0.7071 0.1154
vn -0.8824 -0.4529 0.1271
vn -0.8819 -0.4539 0.1270
vn -0.9796 -0.1561 0.1262
vn -0.9796 -0.1564 0.1262
vn -0.9812 0.1563 0.1130
vn -0.9812 0.1563 0.1130
vn -0.8867 0.4538 0.0888
vn -0.8869 0.4533 0.0888
vn -0.7049 0.7071 0.0557
vn -0.7061 0.7059 0.0559
vn -0.4538 0.8909 0.0171
vn -0.4564 0.8896 0.0173
vn -0.1582 0.9871 -0.0233
vn -0.1620 0.9865 -0.0230
vn 0.1552 0.9833 -0.0951
vn 0.1499 0.9841 -0.0952
vn 0.4515 0.8872 -0.0946
vn 0.4477 0.8891 -0.0948
vn 0.7043 0.7048 -0.0848
vn 0.7025 0.7066 -0.0850
vn 0.8889 0.4531 -0.0667
vn 0.8885 0.4540 -0.0668
vn 0.9868 0.1563 -0.0418
vn 0.9868 0.1564 -0.0418
vn 0.9876 -0.1564 -0.0128
vn 0.9876 -0.1562 -0.0128
vn 0.8909 -0.4539 0.0176
vn 0.8915 -0.4527 0.0174
vn 0.7065 -0.7062 0.0460
vn 0.7086 -0.7041 0.0457
vn 0.4532 -0.8887 0.0699
vn 0.4573 -0.8866 0.0694
vn 0.1563 -0.9839 0.0867
vn 0.1617 -0.9831 0.0863
vn -0.1552 -0.9833 0.0951
vn -0.1499 -0.9841 0.0948
vn -0.4515 -0.8873 0.0943
vn -0.4478 -0.8892 0.0942
vn -0.7043 -0.7048 0.0844
vn -0.7026 -0.7066 0.0844
vn -0.8890 -0.4531 0.0663
vn -0.8885 -0.4540 0.0663
vn -0.9868 -0.1563 0.0417
vn -0.9868 -0.1564 0.0417
vn -0.9876 0.1564 0.0131
vn -0.9876 0.1562 0.0131
vn -0.8909 0.4539 -0.0169
vn -0.8915 0.4527 -0.0168
vn -0.7065 0.7062 -0.0452
vn -0.7086 0.7041 -0.0451
vn -0.4532 0.8887 -0.0692
vn -0.4573 0.8866 -0.0690
vn -0.1563 0.9839 -0.0863
vn -0.1617 0.9831 -0.0863
vn 0.1701 0.9735 -0.1527
vn 0.1537 0.9759 -0.1548
vn 0.4620 0.8776 -0.1275
vn 0.4496 0.8837 -0.1300
vn 0.7104 0.6981 -0.0898
vn 0.7039 0.7044 -0.0917
vn 0.8920 0.4501 -0.0427
vn 0.8901 0.4537 -0.0436
vn 0.9877 0.1558 0.0095
vn 0.9876 0.1564 0.0094
vn 0.9858 -0.1563 0.0616
vn 0.9858 -0.1561 0.0615
vn 0.8845 -0.4539 0.1075
vn 0.8860 -0.4511 0.1069
vn 0.6946 -0.7052 0.1423
vn 0.7005 -0.6996 0.1410
vn 0.4369 -0.8848 0.1621
vn 0.4488 -0.8791 0.1607
vn 0.1390 -0.9764 0.1655
vn 0.1552 -0.9741 0.1646
vn -0.1701 -0.9735 0.1527
vn -0.1537 -0.9763 0.1526
vn -0.4620 -0.8780 0.1255
vn -0.4498 -0.8842 0.1260
vn -0.7104 -0.6984 0.0866
vn -0.7042 -0.7047 0.0873
vn -0.8920 -0.4503 0.0397
vn -0.8902 -0.4537 0.0400
vn -0.9877 -0.1558 -0.0111
vn -0.9876 -0.1564 -0.0110
vn -0.9858 0.1563 -0.0609
vn -0.9859 0.1561 -0.0608
vn -0.8849 0.4539 -0.1047
vn -0.8862 0.4513 -0.1046
vn -0.6952 0.7054 -0.1383
vn -0.7007 0.6999 -0.1382
vn -0.4375 0.8852 -0.1584
vn -0.4490 0.8793 -0.1588
vn -0.1393 0.9767 -0.1633
vn -0.1552 0.9741 -0.1646
vn 0.1603 0.9870 -0.0067
vn 0.1579 0.9874 -0.0072
vn 0.4543 0.8901 0.0380
vn 0.4525 0.8910 0.0376
vn 0.7036 0.7062 0.0790
vn 0.7027 0.7071 0.0788
vn 0.8842 0.4534 0.1123
vn 0.8840 0.4539 0.1122
vn 0.9785 0.1563 0.1347
vn 0.9785 0.1563 0.1347
vn 0.9772 -0.1563 0.1440
vn 0.9772 -0.1563 0.1440
vn 0.8801 -0.4538 0.1392
vn 0.8804 -0.4534 0.1392
vn 0.6968 -0.7071 0.1207
vn 0.6977 -0.7062 0.1207
vn 0.4450 -0.8910 0.0903
vn 0.4468 -0.8901 0.0904
vn 0.1496 -0.9874 0.0510
vn 0.1520 -0.9870 0.0512
vn -0.1603 -0.9870 0.0067
vn -0.1579 -0.9874 0.0069
vn -0.4542 -0.8901 -0.0382
vn -0.4524 -0.8910 -0.0380
vn -0.7036 -0.7062 -0.0793
vn -0.7027 -0.7071 -0.0792
vn -0.8842 -0.4534 -0.1126
vn -0.8839 -0.4539 -0.1126
vn -0.9785 -0.1563 -0.1348
vn -0.9785 -0.1563 -0.1348
vn -0.9772 0.1563 -0.1439
vn -0.9772 0.1563 -0.1439
vn -0.8802 0.4538 -0.1389
vn -0.8804 0.4534 -0.1389
vn -0.6968 0.7071 -0.1203
vn -0.6977 0.7062 -0.1204
vn -0.4450 0.8910 -0.0899
vn -0.4468 0.8901 -0.0902
vn -0.1496 0.9874 -0.0508
vn -0.1520 0.9870 -0.0512
vn 0.1785 0.9824 -0.0559
vn 0.1696 0.9837 -0.0592
vn 0.4621 0.8864 0.0291
vn 0.4561 0.8895 0.0266
vn 0.7011 0.7043 0.1117
vn 0.6986 0.7070 0.1105
vn 0.8723 0.4529 0.1841
vn 0.8719 0.4539 0.1838
vn 0.9584 0.1563 0.2390
vn 0.9584 0.1562 0.2390
vn 0.9499 -0.1564 0.2705
vn 0.9500 -0.1558 0.2705
vn 0.8475 -0.4538 0.2752
vn 0.8491 -0.4510 0.2751
vn 0.6617 -0.7060 0.2525
vn 0.6664 -0.7015 0.2527
vn 0.4116 -0.8881 0.2047
vn 0.4198 -0.8840 0.2057
vn 0.1222 -0.9830 0.1368
vn 0.1322 -0.9815 0.1385
vn -0.1785 -0.9824 0.0559
vn -0.1693 -0.9839 0.0577
vn -0.4618 -0.8865 -0.0303
vn -0.4557 -0.8896 -0.0290
vn -0.7007 -0.7044 -0.1133
vn -0.6982 -0.7070 -0.1127
vn -0.8721 -0.4530 -0.1851
vn -0.8717 -0.4539 -0.1849
vn -0.9585 -0.1563 -0.2386
vn -0.9585 -0.1562 -0.2386
vn -0.9505 0.1564 -0.2685
vn -0.9506 0.1558 -0.2685
vn -0.8485 0.4539 -0.2720
vn -0.8499 0.4512 -0.2724
vn -0.6629 0.7061 -0.2490
vn -0.6671 0.7017 -0.2501
vn -0.4125 0.8883 -0.2018
vn -0.4201 0.8842 -0.2041
vn -0.1227 0.9832 -0.1353
vn -0.1322 0.9815 -0.1385
vn 0.1830 0.9817 -0.0527
vn 0.1781 0.9825 -0.0546
vn 0.4627 0.8855 0.0433
vn 0.4589 0.8875 0.0418
vn 0.6978 0.7034 0.1353
vn 0.6958 0.7055 0.1343
vn 0.8656 0.4525 0.2145
vn 0.8651 0.4537 0.2141
vn 0.9492 0.1562 0.2730
vn 0.9492 0.1564 0.2730
vn 0.9395 -0.1564 0.3049
vn 0.9395 -0.1564 0.3049
vn 0.8366 -0.4539 0.3066
vn 0.8370 -0.4532 0.3066
vn 0.6511 -0.7063 0.2779
vn 0.6528 -0.7046 0.2781
vn 0.4021 -0.8883 0.2218
vn 0.4055 -0.8866 0.2225
vn 0.1146 -0.9829 0.1442
vn 0.1195 -0.9821 0.1454
vn -0.1830 -0.9817 0.0527
vn -0.1780 -0.9825 0.0541
vn -0.4626 -0.8855 -0.0437
vn -0.4588 -0.8875 -0.0425
vn -0.6976 -0.7035 -0.1359
vn -0.6956 -0.7056 -0.1352
vn -0.8654 -0.4525 -0.2151
vn -0.8649 -0.4537 -0.2148
vn -0.9491 -0.1562 -0.2734
vn -0.9491 -0.1564 -0.2734
vn -0.9395 0.1564 -0.3048
vn -0.9395 0.1564 -0.3048
vn -0.8368 0.4539 -0.3062
vn -0.8372 0.4532 -0.3062
vn -0.6514 0.7063 -0.2772
vn -0.6530 0.7047 -0.2777
vn -0.4023 0.8884 -0.2212
vn -0.4057 0.8866 -0.2222
vn -0.1148 0.9829 -0.1438
vn -0.1195 0.9821 -0.1454
vn 0.1806 0.9832 -0.0279
vn 0.1755 0.9840 -0.0302
vn 0.4534 0.8870 0.0874
vn 0.4498 0.8890 0.0857
vn 0.6825 0.7046 0.1945
vn 0.6807 0.7065 0.1935
vn 0.8454 0.4530 0.2829
vn 0.8450 0.4540 0.2826
vn 0.9259 0.1563 0.3439
vn 0.9259 0.1564 0.3439
vn 0.9153 -0.1564 0.3712
vn 0.9153 -0.1562 0.3712
vn 0.8143 -0.4539 0.3618
vn 0.8149 -0.4528 0.3619
vn 0.6331 -0.7063 0.3167
vn 0.6352 -0.7042 0.3172
vn 0.3902 -0.8888 0.2405
vn 0.3942 -0.8867 0.2417
vn 0.1098 -0.9839 0.1410
vn 0.1152 -0.9830 0.1427
vn -0.1806 -0.9832 0.0279
vn -0.1754 -0.9840 0.0298
vn -0.4533 -0.8870 -0.0878
vn -0.4496 -0.8890 -0.0863
vn -0.6823 -0.7046 -0.1950
vn -0.6805 -0.7065 -0.1942
vn -0.8453 -0.4530 -0.2833
vn -0.8448 -0.4540 -0.2831
vn -0.9259 -0.1563 -0.3440
vn -0.9258 -0.1564 -0.3440
vn -0.9154 0.1564 -0.3709
vn -0.9154 0.1562 -0.3709
vn -0.8145 0.4539 -0.3612
vn -0.8151 0.4528 -0.3614
vn -0.6334 0.7063 -0.3160
vn -0.6354 0.7042 -0.3167
vn -0.3905 0.8888 -0.2399
vn -0.3944 0.8867 -0.2414
vn -0.1100 0.9839 -0.1406
vn -0.1152 0.9830 -0.1427
vn 0.1771 0.9842 -0.0003
vn 0.1709 0.9853 -0.0039
vn 0.4411 0.8873 0.1342
vn 0.4367 0.8900 0.1314
vn 0.6622 0.7044 0.2558
vn 0.6600 0.7070 0.2542
vn 0.8189 0.4527 0.3528
vn 0.8184 0.4540 0.3523
vn 0.8959 0.1562 0.4158
vn 0.8959 0.1563 0.4158
vn 0.8851 -0.1564 0.4383
vn 0.8852 -0.1561 0.4383
vn 0.7871 -0.4540 0.4176
vn 0.7879 -0.4525 0.4177
vn 0.6115 -0.7069 0.3555
vn 0.6142 -0.7042 0.3563
vn 0.3760 -0.8899 0.2583
vn 0.3811 -0.8872 0.2601
vn 0.1042 -0.9852 0.1358
vn 0.1110 -0.9841 0.1384
vn -0.1771 -0.9842 0.0003
vn -0.1705 -0.9854 0.0030
vn -0.4407 -0.8874 -0.1350
vn -0.4360 -0.8901 -0.1329
vn -0.6616 -0.7044 -0.2570
vn -0.6593 -0.7070 -0.2559
vn -0.8184 -0.4527 -0.3539
vn -0.8179 -0.4540 -0.3536
vn -0.8958 -0.1562 -0.4162
vn -0.8957 -0.1563 -0.4162
vn -0.8854 0.1563 -0.4378
vn -0.8854 0.1561 -0.4378
vn -0.7878 0.4540 -0.4162
vn -0.7885 0.4526 -0.4166
vn -0.6124 0.7069 -0.3538
vn -0.6148 0.7043 -0.3550
vn -0.3768 0.8900 -0.2568
vn -0.3815 0.8873 -0.2593
vn -0.1047 0.9853 -0.1349
vn -0.1110 0.9841 -0.1384
vn 0.1881 0.9821 0.0033
vn 0.1791 0.9838 -0.0041
vn 0.4332 0.8854 0.1685
vn 0.4270 0.8895 0.1629
vn 0.6362 0.7030 0.3179
vn 0.6333 0.7069 0.3149
vn 0.7774 0.4521 0.4372
vn 0.7769 0.4539 0.4364
vn 0.8430 0.1561 0.5148
vn 0.8430 0.1562 0.5148
vn 0.8256 -0.1563 0.5422
vn 0.8257 -0.1558 0.5422
vn 0.7264 -0.4540 0.5159
vn 0.7280 -0.4512 0.5161
vn 0.5556 -0.7066 0.4381
vn 0.5605 -0.7018 0.4397
vn 0.3307 -0.8889 0.3169
vn 0.3394 -0.8844 0.3204
vn 0.0745 -0.9835 0.1646
vn 0.0854 -0.9818 0.1697
vn -0.1881 -0.9821 -0.0033
vn -0.1779 -0.9840 0.0019
vn -0.4321 -0.8856 -0.1703
vn -0.4251 -0.8897 -0.1666
vn -0.6346 -0.7033 -0.3205
vn -0.6313 -0.7070 -0.3187
vn -0.7762 -0.4522 -0.4393
vn -0.7755 -0.4539 -0.4389
vn -0.8428 -0.1561 -0.5152
vn -0.8427 -0.1562 -0.5152
vn -0.8268 0.1563 -0.5404
vn -0.8268 0.1559 -0.5404
vn -0.7290 0.4540 -0.5123
vn -0.7301 0.4514 -0.5131
vn -0.5588 0.7067 -0.4339
vn -0.5625 0.7021 -0.4365
vn -0.3335 0.8892 -0.3132
vn -0.3406 0.8846 -0.3184
vn -0.0760 0.9838 -0.1625
vn -0.0854 0.9818 -0.1697
vn 0.2009 0.9794 -0.0199
vn 0.2027 0.9791 -0.0183
vn 0.4326 0.8861 0.1664
vn 0.4338 0.8853 0.1675
vn 0.6234 0.7053 0.3375
vn 0.6239 0.7046 0.3380
vn 0.7534 0.4538 0.4759
vn 0.7535 0.4535 0.4760
vn 0.8086 0.1564 0.5672
vn 0.8086 0.1564 0.5672
vn 0.7832 -0.1562 0.6018
vn 0.7832 -0.1563 0.6018
vn 0.6805 -0.4519 0.5768
vn 0.6801 -0.4526 0.5767
vn 0.5118 -0.7017 0.4956
vn 0.5108 -0.7028 0.4951
vn 0.2945 -0.8824 0.3669
vn 0.2927 -0.8834 0.3659
vn 0.0493 -0.9779 0.2032
vn 0.0472 -0.9783 0.2019
vn -0.2009 -0.9794 0.0199
vn -0.2028 -0.9790 0.0185
vn -0.4327 -0.8861 -0.1663
vn -0.4340 -0.8852 -0.1673
vn -0.6235 -0.7053 -0.3373
vn -0.6241 -0.7046 -0.3377
vn -0.7535 -0.4538 -0.4758
vn -0.7536 -0.4535 -0.4759
vn -0.8086 -0.1564 -0.5672
vn -0.8086 -0.1564 -0.5672
vn -0.7831 0.1562 -0.6020
vn -0.7830 0.1563 -0.6020
vn -0.6802 0.4519 -0.5771
vn -0.6799 0.4526 -0.5770
vn -0.5115 0.7017 -0.4959
vn -0.5106 0.7028 -0.4954
vn -0.2942 0.8824 -0.3672
vn -0.2926 0.8834 -0.3660
vn -0.0492 0.9779 -0.2034
vn -0.0472 0.9783 -0.2019
vn 0.1219 0.9875 0.0997
vn 0.1216 0.9876 0.0994
vn 0.3776 0.8910 0.2522
vn 0.3775 0.8910 0.2522
vn 0.5962 0.7071 0.3802
vn 0.5963 0.7070 0.3802
vn 0.7564 0.4540 0.4708
vn 0.7566 0.4537 0.4709
vn 0.8425 0.1564 0.5154
vn 0.8426 0.1563 0.5154
vn 0.8461 -0.1564 0.5095
vn 0.8462 -0.1562 0.5095
vn 0.7669 -0.4538 0.4537
vn 0.7672 -0.4533 0.4539
vn 0.6128 -0.7068 0.3536
vn 0.6133 -0.7062 0.3539
vn 0.3987 -0.8906 0.2188
vn 0.3994 -0.8902 0.2192
vn 0.1455 -0.9874 0.0627
vn 0.1462 -0.9872 0.0630
vn -0.1219 -0.9875 -0.0997
vn -0.1216 -0.9876 -0.0994
vn -0.3776 -0.8910 -0.2522
vn -0.3775 -0.8910 -0.2522
vn -0.5963 -0.7071 -0.3801
vn -0.5964 -0.7070 -0.3802
vn -0.7565 -0.4540 -0.4707
vn -0.7567 -0.4537 -0.4707
vn -0.8427 -0.1564 -0.5152
vn -0.8427 -0.1563 -0.5152
vn -0.8463 0.1564 -0.5092
vn -0.8463 0.1562 -0.5092
vn -0.7671 0.4538 -0.4534
vn -0.7673 0.4533 -0.4536
vn -0.6129 0.7067 -0.3533
vn -0.6134 0.7062 -0.3537
vn -0.3988 0.8906 -0.2187
vn -0.3994 0.8902 -0.2191
vn -0.1456 0.9874 -0.0626
vn -0.1462 0.9872 -0.0630
vn 0.1652 0.9858 0.0289
vn 0.1663 0.9856 0.0297
vn 0.4102 0.8902 0.1983
vn 0.4109 0.8897 0.1988
vn 0.6154 0.7069 0.3485
vn 0.6157 0.7066 0.3487
vn 0.7603 0.4540 0.4646
vn 0.7603 0.4539 0.4646
vn 0.8304 0.1564 0.5348
vn 0.8303 0.1564 0.5348
vn 0.8187 -0.1563 0.5525
vn 0.8187 -0.1564 0.5525
vn 0.7269 -0.4531 0.5160
vn 0.7267 -0.4536 0.5159
vn 0.5643 -0.7052 0.4293
vn 0.5637 -0.7059 0.4289
vn 0.3469 -0.8884 0.3008
vn 0.3458 -0.8890 0.3002
vn 0.0957 -0.9851 0.1430
vn 0.0944 -0.9853 0.1422
vn -0.1652 -0.9858 -0.0289
vn -0.1663 -0.9856 -0.0296
vn -0.4103 -0.8902 -0.1982
vn -0.4110 -0.8897 -0.1987
vn -0.6155 -0.7069 -0.3484
vn -0.6158 -0.7066 -0.3486
vn -0.7603 -0.4540 -0.4645
vn -0.7604 -0.4539 -0.4646
vn -0.8303 -0.1564 -0.5349
vn -0.8303 -0.1564 -0.5349
vn -0.8186 0.1563 -0.5527
vn -0.8186 0.1564 -0.5527
vn -0.7268 0.4531 -0.5162
vn -0.7266 0.4535 -0.5161
vn -0.5642 0.7052 -0.4295
vn -0.5636 0.7059 -0.4291
vn -0.3468 0.8883 -0.3010
vn -0.3457 0.8890 -0.3003
vn -0.0956 0.9851 -0.1431
vn -0.0944 0.9853 -0.1422
vn 0.1936 0.9808 -0.0210
vn 0.1943 0.9807 -0.0206
vn 0.4492 0.8844 0.1270
vn 0.4497 0.8841 0.1274
vn 0.6614 0.7025 0.2628
vn 0.6617 0.7021 0.2631
vn 0.8101 0.4519 0.3735
vn 0.8102 0.4517 0.3736
vn 0.8802 0.1561 0.4482
vn 0.8802 0.1560 0.4482
vn 0.8638 -0.1563 0.4789
vn 0.8639 -0.1563 0.4789
vn 0.7618 -0.4540 0.4622
vn 0.7618 -0.4540 0.4622
vn 0.5841 -0.7065 0.3996
vn 0.5840 -0.7066 0.3996
vn 0.3493 -0.8884 0.2978
vn 0.3489 -0.8886 0.2977
vn 0.0812 -0.9826 0.1673
vn 0.0807 -0.9826 0.1670
vn -0.1936 -0.9808 0.0210
vn -0.1943 -0.9807 0.0207
vn -0.4492 -0.8844 -0.1269
vn -0.4497 -0.8841 -0.1272
vn -0.6615 -0.7025 -0.2627
vn -0.6618 -0.7021 -0.2629
vn -0.8102 -0.4519 -0.3734
vn -0.8103 -0.4517 -0.3734
vn -0.8803 -0.1561 -0.4480
vn -0.8803 -0.1560 -0.4480
vn -0.8639 0.1563 -0.4788
vn -0.8639 0.1563 -0.4788
vn -0.7618 0.4540 -0.4622
vn -0.7618 0.4540 -0.4622
vn -0.5841 0.7065 -0.3997
vn -0.5840 0.7066 -0.3997
vn -0.3492 0.8884 -0.2979
vn -0.3489 0.8886 -0.2977
vn -0.0812 0.9826 -0.1673
vn -0.0807 0.9826 -0.1670
vn 0.2573 0.9658 -0.0329
vn 0.2240 0.9718 -0.0744
vn 0.4712 0.8670 0.1623
vn 0.4486 0.8845 0.1281
vn 0.6384 0.6886 0.3439
vn 0.6291 0.7064 0.3244
vn 0.7439 0.4450 0.4985
vn 0.7428 0.4536 0.4924
vn 0.7763 0.1548 0.6110
vn 0.7764 0.1552 0.6109
vn 0.7295 -0.1560 0.6659
vn 0.7306 -0.1534 0.6654
vn 0.6075 -0.4540 0.6518
vn 0.6172 -0.4405 0.6520
vn 0.4256 -0.7048 0.5676
vn 0.4514 -0.6826 0.5747
vn 0.2059 -0.8820 0.4239
vn 0.2474 -0.8622 0.4420
vn -0.0286 -0.9707 0.2388
vn 0.0193 -0.9641 0.2650
vn -0.2573 -0.9658 0.0329
vn -0.2155 -0.9747 0.0594
vn -0.4618 -0.8699 -0.1732
vn -0.4347 -0.8873 -0.1540
vn -0.6257 -0.6918 -0.3603
vn -0.6138 -0.7070 -0.3511
vn -0.7341 -0.4465 -0.5116
vn -0.7315 -0.4531 -0.5094
vn -0.7749 -0.1549 -0.6128
vn -0.7748 -0.1552 -0.6128
vn -0.7405 0.1558 -0.6537
vn -0.7408 0.1539 -0.6539
vn -0.6307 0.4538 -0.6295
vn -0.6349 0.4432 -0.6329
vn -0.4546 0.7065 -0.5425
vn -0.4686 0.6872 -0.5552
vn -0.2307 0.8857 -0.4030
vn -0.2572 0.8658 -0.4292
vn 0.0154 0.9738 -0.2270
vn -0.0193 0.9641 -0.2650
vn 0.0714 0.9854 0.1542
vn 0.0684 0.9863 0.1503
vn 0.2699 0.8865 0.3758
vn 0.2666 0.8893 0.3716
vn 0.4411 0.7018 0.5594
vn 0.4387 0.7057 0.5564
vn 0.5690 0.4499 0.6883
vn 0.5680 0.4532 0.6870
vn 0.6419 0.1551 0.7509
vn 0.6418 0.1562 0.7508
vn 0.6529 -0.1554 0.7413
vn 0.6528 -0.1563 0.7412
vn 0.6004 -0.4521 0.6597
vn 0.5997 -0.4539 0.6590
vn 0.4886 -0.7060 0.5127
vn 0.4878 -0.7071 0.5119
vn 0.3279 -0.8909 0.3143
vn 0.3281 -0.8908 0.3144
vn 0.1346 -0.9873 0.0841
vn 0.1365 -0.9869 0.0860
vn -0.0714 -0.9854 -0.1542
vn -0.0679 -0.9862 -0.1508
vn -0.2692 -0.8865 -0.3764
vn -0.2653 -0.8892 -0.3727
vn -0.4397 -0.7016 -0.5608
vn -0.4366 -0.7055 -0.5582
vn -0.5669 -0.4498 -0.6902
vn -0.5655 -0.4531 -0.6892
vn -0.6395 -0.1550 -0.7530
vn -0.6393 -0.1562 -0.7529
vn -0.6508 0.1553 -0.7432
vn -0.6508 0.1563 -0.7430
vn -0.5990 0.4520 -0.6610
vn -0.5986 0.4539 -0.6601
vn -0.4880 0.7060 -0.5133
vn -0.4874 0.7071 -0.5123
vn -0.3280 0.8909 -0.3142
vn -0.3281 0.8908 -0.3144
vn -0.1349 0.9873 -0.0838
vn -0.1365 0.9869 -0.0860
vn 0.1387 0.9875 0.0755
vn 0.1407 0.9870 0.0772
vn 0.3824 0.8906 0.2461
vn 0.3853 0.8887 0.2485
vn 0.5885 0.7067 0.3928
vn 0.5908 0.7036 0.3949
vn 0.7369 0.4537 0.5011
vn 0.7380 0.4508 0.5021
vn 0.8134 0.1564 0.5603
vn 0.8135 0.1552 0.5605
vn 0.8104 -0.1564 0.5646
vn 0.8106 -0.1553 0.5646
vn 0.7282 -0.4539 0.5135
vn 0.7293 -0.4516 0.5140
vn 0.5746 -0.7071 0.4121
vn 0.5764 -0.7050 0.4131
vn 0.3647 -0.8910 0.2704
vn 0.3660 -0.8902 0.2712
vn 0.1189 -0.9876 0.1023
vn 0.1185 -0.9877 0.1021
vn -0.1387 -0.9875 -0.0755
vn -0.1410 -0.9870 -0.0769
vn -0.3827 -0.8906 -0.2456
vn -0.3860 -0.8886 -0.2476
vn -0.5894 -0.7067 -0.3915
vn -0.5922 -0.7034 -0.3931
vn -0.7384 -0.4537 -0.4990
vn -0.7397 -0.4507 -0.4997
vn -0.8152 -0.1563 -0.5578
vn -0.8153 -0.1551 -0.5578
vn -0.8121 0.1564 -0.5621
vn -0.8123 0.1553 -0.5623
vn -0.7296 0.4539 -0.5116
vn -0.7305 0.4515 -0.5124
vn -0.5755 0.7071 -0.4110
vn -0.5771 0.7050 -0.4123
vn -0.3650 0.8910 -0.2700
vn -0.3662 0.8902 -0.2710
vn -0.1189 0.9876 -0.1024
vn -0.1185 0.9877 -0.1021
vn 0.0480 0.9822 0.1816
vn 0.0538 0.9806 0.1885
vn 0.2770 0.8868 0.3699
vn 0.2819 0.8829 0.3755
vn 0.4798 0.7049 0.5224
vn 0.4826 0.7005 0.5257
vn 0.6366 0.4534 0.6239
vn 0.6375 0.4505 0.6250
vn 0.7316 0.1564 0.6636
vn 0.7316 0.1557 0.6637
vn 0.7546 -0.1564 0.6373
vn 0.7547 -0.1561 0.6373
vn 0.7030 -0.4534 0.5479
vn 0.7028 -0.4539 0.5477
vn 0.5822 -0.7050 0.4051
vn 0.5805 -0.7070 0.4040
vn 0.4044 -0.8868 0.2238
vn 0.4002 -0.8894 0.2210
vn 0.1874 -0.9821 0.0218
vn 0.1806 -0.9834 0.0176
vn -0.0480 -0.9822 -0.1816
vn -0.0557 -0.9809 -0.1861
vn -0.2791 -0.8871 -0.3676
vn -0.2857 -0.8836 -0.3710
vn -0.4835 -0.7052 -0.5185
vn -0.4875 -0.7012 -0.5202
vn -0.6408 -0.4535 -0.6195
vn -0.6423 -0.4509 -0.6198
vn -0.7348 -0.1564 -0.6600
vn -0.7350 -0.1557 -0.6600
vn -0.7559 0.1564 -0.6357
vn -0.7559 0.1561 -0.6358
vn -0.7024 0.4535 -0.5487
vn -0.7023 0.4539 -0.5485
vn -0.5801 0.7052 -0.4077
vn -0.5791 0.7070 -0.4060
vn -0.4019 0.8871 -0.2269
vn -0.3989 0.8895 -0.2227
vn -0.1856 0.9823 -0.0239
vn -0.1806 0.9834 -0.0176
vn -0.4586 -0.0000 0.8887
vn -0.4586 -0.0000 0.8887
vn -0.4586 0.0000 0.8887
vn -0.4586 -0.0000 0.8887
vn -0.4586 -0.0000 0.8887
vn -0.4586 0.0000 0.8887
vn -0.4586 0.0000 0.8887
vn -0.4586 -0.0000 0.8887
vn -0.4586 0.0000 0.8887
vn -0.4586 0.0000 0.8887
vn -0.4586 0.0000 0.8887
vn -0.4586 0.0000 0.8887
vn -0.4586 0.0000 0.8887
vn -0.4586 -0.0000 0.8887
vn -0.4586 -0.0000 0.8887
vn -0.4586 0.0000 0.8887
vn -0.4586 0.0000 0.8887
vn -0.4586 -0.0000 0.8887
vn -0.4586 -0.0000 0.8887
vn -0.4586 -0.0000 0.8887
vn 0.6573 0.0000 -0.7537
vn 0.6573 -0.0000 -0.7537
vn 0.6573 -0.0000 -0.7537
vn 0.6573 0.0000 -0.7537
vn 0.6573 -0.0000 -0.7537
vn 0.6573 0.0000 -0.7537
vn 0.6573 -0.0000 -0.7537
vn 0.6573 0.0000 -0.7537
vn 0.6573 0.0000 -0.7537
vn 0.6573 0.0000 -0.7537
vn 0.6573 0.0000 -0.7537
vn 0.6573 -0.0000 -0.7537
vn 0.6573 -0.0000 -0.7537
vn 0.6573 0.0000 -0.7537
vn 0.6573 -0.0000 -0.7537
vn 0.6573 0.0000 -0.7537
vn 0.6573 -0.0000 -0.7537
vn 0.6573 0.0000 -0.7537
vn 0.6573 0.0000 -0.7537
vn 0.6573 0.0000 -0.7537
g span_00
usemtl coating_span00
s off
f 1/1/1 22/3/1 21/2/1
f 1/4/2 2/6/2 22/5/2
f 2/7/3 23/9/3 22/8/3
f 2/10/4 3/12/4 23/11/4
f 3/13/5 24/15/5 23/14/5
f 3/16/6 4/18/6 24/17/6
f 4/19/7 25/21/7 24/20/7
f 4/22/8 5/24/8 25/23/8
f 5/25/9 26/27/9 25/26/9
f 5/28/10 6/30/10 26/29/10
f 6/31/11 27/33/11 26/32/11
f 6/34/12 7/36/12 27/35/12
f 7/37/13 28/39/13 27/38/13
f 7/40/14 8/42/14 28/41/14
f 8/43/15 29/45/15 28/44/15
f 8/46/16 9/48/16 29/47/16
f 9/49/17 30/51/17 29/50/17
f 9/52/18 10/54/18 30/53/18
f 10/55/19 31/57/19 30/56/19
f 10/58/20 11/60/20 31/59/20
f 11/61/21 32/63/21 31/62/21
f 11/64/22 12/66/22 32/65/22
f 12/67/23 33/69/23 32/68/23
f 12/70/24 13/72/24 33/71/24
f 13/73/25 34/75/25 33/74/25
f 13/76/26 14/78/26 34/77/26
f 14/79/27 35/81/27 34/80/27
f 14/82/28 15/84/28 35/83/28
f 15/85/29 36/87/29 35/86/29
f 15/88/30 16/90/30 36/89/30
f 16/91/31 37/93/31 36/92/31
f 16/94/32 17/96/32 37/95/32
f 17/97/33 38/99/33 37/98/33
f 17/100/34 18/102/34 38/101/34
f 18/103/35 39/105/35 38/104/35
f 18/106/36 19/108/36 39/107/36
f 19/109/37 40/111/37 39/110/37
f 19/112/38 20/114/38 40/113/38
f 20/115/39 21/117/39 40/116/39
f 20/118/40 1/120/40 21/119/40
f 21/121/41 42/123/41 41/122/41
f 21/124/42 22/126/42 42/125/42
f 22/127/43 43/129/43 42/128/43
f 22/130/44 23/132/44 43/131/44
f 23/133/45 44/135/45 43/134/45
f 23/136/46 24/138/46 44/137/46
f 24/139/47 45/141/47 44/140/47
f 24/142/48 25/144/48 45/143/48
f 25/145/49 46/147/49 45/146/49
f 25/148/50 26/150/50 46/149/50
f 26/151/51 47/153/51 46/152/51
f 26/154/52 27/156/52 47/155/52
f 27/157/53 48/159/53 47/158/53
f 27/160/54 28/162/54 48/161/54
f 28/163/55 49/165/55 48/164/55
f 28/166/56 29/168/56 49/167/56
f 29/169/57 50/171/57 49/170/57
f 29/172/58 30/174/58 50/173/58
f 30/175/59 51/177/59 50/176/59
f 30/178/60 31/180/60 51/179/60
f 31/181/61 52/183/61 51/182/61
f 31/184/62 32/186/62 52/185/62
f 32/187/63 53/189/63 52/188/63
f 32/190/64 33/192/64 53/191/64
f 33/193/65 54/195/65 53/194/65
f 33/196/66 34/198/66 54/197/66
f 34/199/67 55/201/67 54/200/67
f 34/202/68 35/204/68 55/203/68
f 35/205/69 56/207/69 55/206/69
f 35/208/70 36/210/70 56/209/70
f 36/211/71 57/213/71 56/212/71
f 36/214/72 37/216/72 57/215/72
f 37/217/73 58/219/73 57/218/73
f 37/220/74 38/222/74 58/221/74
f 38/223/75 59/225/75 58/224/75
f 38/226/76 39/228/76 59/227/76
f 39/229/77 60/231/77 59/230/77
f 39/232/78 40/234/78 60/233/78
f 40/235/79 41/237/79 60/236/79
f 40/238/80 21/240/80 41/239/80
f 41/241/81 62/243/81 61/242/81
f 41/244/82 42/246/82 62/245/82
f 42/247/83 63/249/83 62/248/83
f 42/250/84 43/252/84 63/251/84
f 43/253/85 64/255/85 63/254/85
f 43/256/86 44/258/86 64/257/86
f 44/259/87 65/261/87 64/260/87
f 44/262/88 45/264/88 65/263/88
f 45/265/89 66/267/89 65/266/89
f 45/268/90 46/270/90 66/269/90
f 46/271/91 67/273/91 66/272/91
f 46/274/92 47/276/92 67/275/92
f 47/277/93 68/279/93 67/278/93
f 47/280/94 48/282/94 68/281/94
f 48/283/95 69/285/95 68/284/95
f 48/286/96 49/288/96 69/287/96
f 49/289/97 70/291/97 69/290/97
f 49/292/98 50/294/98 70/293/98
f 50/295/99 71/297/99 70/296/99
f 50/298/100 51/300/100 71/299/100
f 51/301/101 72/303/101 71/302/101
f 51/304/102 52/306/102 72/305/102
f 52/307/103 73/309/103 72/308/103
f 52/310/104 53/312/104 73/311/104
f 53/313/105 74/315/105 73/314/105
f 53/316/106 54/318/106 74/317/106
f 54/319/107 75/321/107 74/320/107
f 54/322/108 55/324/108 75/323/108
f 55/325/109 76/327/109 75/326/109
f 55/328/110 56/330/110 76/329/110
f 56/331/111 77/333/111 76/332/111
f 56/334/112 57/336/112 77/335/112
f 57/337/113 78/339/113 77/338/113
f 57/340/114 58/342/114 78/341/114
f 58/343/115 79/345/115 78/344/115
f 58/346/116 59/348/116 79/347/116
f 59/349/117 80/351/117 79/350/117
f 59/352/118 60/354/118 80/353/118
f 60/355/119 61/357/119 80/356/119
f 60/358/120 41/360/120 61/359/120
f 61/361/121 82/363/121 81/362/121
f 61/364/122 62/366/122 82/365/122
f 62/367/123 83/369/123 82/368/123
f 62/370/124 63/372/124 83/371/124
f 63/373/125 84/375/125 83/374/125
f 63/376/126 64/378/126 84/377/126
f 64/379/127 85/381/127 84/380/127
f 64/382/128 65/384/128 85/383/128
f 65/385/129 86/387/129 85/386/129
f 65/388/130 66/390/130 86/389/130
f 66/391/131 87/393/131 86/392/131
f 66/394/132 67/396/132 87/395/132
f 67/397/133 88/399/133 87/398/133
f 67/400/134 68/402/134 88/401/134
f 68/403/135 89/405/135 88/404/135
f 68/406/136 69/408/136 89/407/136
f 69/409/137 90/411/137 89/410/137
f 69/412/138 70/414/138 90/413/138
f 70/415/139 91/417/139 90/416/139
f 70/418/140 71/420/140 91/419/140
f 71/421/141 92/423/141 91/422/141
f 71/424/142 72/426/142 92/425/142
f 72/427/143 93/429/143 92/428/143
f 72/430/144 73/432/144 93/431/144
f 73/433/145 94/435/145 93/434/145
f 73/436/146 74/438/146 94/437/146
f 74/439/147 95/441/147 94/440/147
f 74/442/148 75/444/148 95/443/148
f 75/445/149 96/447/149 95/446/149
f 75/448/150 76/450/150 96/449/150
f 76/451/151 97/453/151 96/452/151
f 76/454/152 77/456/152 97/455/152
f 77/457/153 98/459/153 97/458/153
f 77/460/154 78/462/154 98/461/154
f 78/463/155 99/465/155 98/464/155
f 78/466/156 79/468/156 99/467/156
f 79/469/157 100/471/157 99/470/157
f 79/472/158 80/474/158 100/473/158
f 80/475/159 81/477/159 100/476/159
f 80/478/160 61/480/160 81/479/160
f 81/481/161 102/483/161 101/482/161
f 81/484/162 82/486/162 102/485/162
f 82/487/163 103/489/163 102/488/163
f 82/490/164 83/492/164 103/491/164
f 83/493/165 104/495/165 103/494/165
f 83/496/166 84/498/166 104/497/166
f 84/499/167 105/501/167 104/500/167
f 84/502/168 85/504/168 105/503/168
f 85/505/169 106/507/169 105/506/169
f 85/508/170 86/510/170 106/509/170
f 86/511/171 107/513/171 106/512/171
f 86/514/172 87/516/172 107/515/172
f 87/517/173 108/519/173 107/518/173
f 87/520/174 88/522/174 108/521/174
f 88/523/175 109/525/175 108/524/175
f 88/526/176 89/528/176 109/527/176
f 89/529/177 110/531/177 109/530/177
f 89/532/178 90/534/178 110/533/178
f 90/535/179 111/537/179 110/536/179
f 90/538/180 91/540/180 111/539/180
f 91/541/181 112/543/181 111/542/181
f 91/544/182 92/546/182 112/545/182
f 92/547/183 113/549/183 112/548/183
f 92/550/184 93/552/184 113/551/184
f 93/553/185 114/555/185 113/554/185
f 93/556/186 94/558/186 114/557/186
f 94/559/187 115/561/187 114/560/187
f 94/562/188 95/564/188 115/563/188
f 95/565/189 116/567/189 115/566/189
f 95/568/190 96/570/190 116/569/190
f 96/571/191 117/573/191 116/572/191
f 96/574/192 97/576/192 117/575/192
f 97/577/193 118/579/193 117/578/193
f 97/580/194 98/582/194 118/581/194
f 98/583/195 119/585/195 118/584/195
f 98/586/196 99/588/196 119/587/196
f 99/589/197 120/591/197 119/590/197
f 99/592/198 100/594/198 120/593/198
f 100/595/199 101/597/199 120/596/199
f 100/598/200 81/600/200 101/599/200
f 101/601/201 122/603/201 121/602/201
f 101/604/202 102/606/202 122/605/202
f 102/607/203 123/609/203 122/608/203
f 102/610/204 103/612/204 123/611/204
f 103/613/205 124/615/205 123/614/205
f 103/616/206 104/618/206 124/617/206
f 104/619/207 125/621/207 124/620/207
f 104/622/208 105/624/208 125/623/208
f 105/625/209 126/627/209 125/626/209
f 105/628/210 106/630/210 126/629/210
f 106/631/211 127/633/211 126/632/211
f 106/634/212 107/636/212 127/635/212
f 107/637/213 128/639/213 127/638/213
f 107/640/214 108/642/214 128/641/214
f 108/643/215 129/645/215 128/644/215
f 108/646/216 109/648/216 129/647/216
f 109/649/217 130/651/217 129/650/217
f 109/652/218 110/654/218 130/653/218
f 110/655/219 131/657/219 130/656/219
f 110/658/220 111/660/220 131/659/220
f 111/661/221 132/663/221 131/662/221
f 111/664/222 112/666/222 132/665/222
f 112/667/223 133/669/223 132/668/223
f 112/670/224 113/672/224 133/671/224
f 113/673/225 134/675/225 133/674/225
f 113/676/226 114/678/226 134/677/226
f 114/679/227 135/681/227 134/680/227
f 114/682/228 115/684/228 135/683/228
f 115/685/229 136/687/229 135/686/229
f 115/688/230 116/690/230 136/689/230
f 116/691/231 137/693/231 136/692/231
f 116/694/232 117/696/232 137/695/232
f 117/697/233 138/699/233 137/698/233
f 117/700/234 118/702/234 138/701/234
f 118/703/235 139/705/235 138/704/235
f 118/706/236 119/708/236 139/707/236
f 119/709/237 140/711/237 139/710/237
f 119/712/238 120/714/238 140/713/238
f 120/715/239 121/717/239 140/716/239
f 120/718/240 101/720/240 121/719/240
f 121/721/241 142/723/241 141/722/241
f 121/724/242 122/726/242 142/725/242
f 122/727/243 143/729/243 142/728/243
f 122/730/244 123/732/244 143/731/244
f 123/733/245 144/735/245 143/734/245
f 123/736/246 124/738/246 144/737/246
f 124/739/247 145/741/247 144/740/247
f 124/742/248 125/744/248 145/743/248
f 125/745/249 146/747/249 145/746/249
f 125/748/250 126/750/250 146/749/250
f 126/751/251 147/753/251 146/752/251
f 126/754/252 127/756/252 147/755/252
f 127/757/253 148/759/253 147/758/253
f 127/760/254 128/762/254 148/761/254
f 128/763/255 149/765/255 148/764/255
f 128/766/256 129/768/256 149/767/256
f 129/769/257 150/771/257 149/770/257
f 129/772/258 130/774/258 150/773/258
f 130/775/259 151/777/259 150/776/259
f 130/778/260 131/780/260 151/779/260
f 131/781/261 152/783/261 151/782/261
f 131/784/262 132/786/262 152/785/262
f 132/787/263 153/789/263 152/788/263
f 132/790/264 133/792/264 153/791/264
f 133/793/265 154/795/265 153/794/265
f 133/796/266 134/798/266 154/797/266
f 134/799/267 155/801/267 154/800/267
f 134/802/268 135/804/268 155/803/268
f 135/805/269 156/807/269 155/806/269
f 135/808/270 136/810/270 156/809/270
f 136/811/271 157/813/271 156/812/271
f 136/814/272 137/816/272 157/815/272
f 137/817/273 158/819/273 157/818/273
f 137/820/274 138/822/274 158/821/274
f 138/823/275 159/825/275 158/824/275
f 138/826/276 139/828/276 159/827/276
f 139/829/277 160/831/277 159/830/277
f 139/832/278 140/834/278 160/833/278
f 140/835/279 141/837/279 160/836/279
f 140/838/280 121/840/280 141/839/280
f 141/841/281 162/843/281 161/842/281
f 141/844/282 142/846/282 162/845/282
f 142/847/283 163/849/283 162/848/283
f 142/850/284 143/852/284 163/851/284
f 143/853/285 164/855/285 163/854/285
f 143/856/286 144/858/286 164/857/286
f 144/859/287 165/861/287 164/860/287
f 144/862/288 145/864/288 165/863/288
f 145/865/289 166/867/289 165/866/289
f 145/868/290 146/870/290 166/869/290
f 146/871/291 167/873/291 166/872/291
f 146/874/292 147/876/292 167/875/292
f 147/877/293 168/879/293 167/878/293
f 147/880/294 148/882/294 168/881/294
f 148/883/295 169/885/295 168/884/295
f 148/886/296 149/888/296 169/887/296
f 149/889/297 170/891/297 169/890/297
f 149/892/298 150/894/298 170/893/298
f 150/895/299 171/897/299 170/896/299
f 150/898/300 151/900/300 171/899/300
f 151/901/301 172/903/301 171/902/301
f 151/904/302 152/906/302 172/905/302
f 152/907/303 173/909/303 172/908/303
f 152/910/304 153/912/304 173/911/304
f 153/913/305 174/915/305 173/914/305
f 153/916/306 154/918/306 174/917/306
f 154/919/307 175/921/307 174/920/307
f 154/922/308 155/924/308 175/923/308
f 155/925/309 176/927/309 175/926/309
f 155/928/310 156/930/310 176/929/310
f 156/931/311 177/933/311 176/932/311
f 156/934/312 157/936/312 177/935/312
f 157/937/313 178/939/313 177/938/313
f 157/940/314 158/942/314 178/941/314
f 158/943/315 179/945/315 178/944/315
f 158/946/316 159/948/316 179/947/316
f 159/949/317 180/951/317 179/950/317
f 159/952/318 160/954/318 180/953/318
f 160/955/319 161/957/319 180/956/319
f 160/958/320 141/960/320 161/959/320
f 161/961/321 182/963/321 181/962/321
f 161/964/322 162/966/322 182/965/322
f 162/967/323 183/969/323 182/968/323
f 162/970/324 163/972/324 183/971/324
f 163/973/325 184/975/325 183/974/325
f 163/976/326 164/978/326 184/977/326
f 164/979/327 185/981/327 184/980/327
f 164/982/328 165/984/328 185/983/328
f 165/985/329 186/987/329 185/986/329
f 165/988/330 166/990/330 186/989/330
f 166/991/331 187/993/331 186/992/331
f 166/994/332 167/996/332 187/995/332
f 167/997/333 188/999/333 187/998/333
f 167/1000/334 168/1002/334 188/1001/334
f 168/1003/335 189/1005/335 188/1004/335
f 168/1006/336 169/1008/336 189/1007/336
f 169/1009/337 190/1011/337 189/1010/337
f 169/1012/338 170/1014/338 190/1013/338
f 170/1015/339 191/1017/339 190/1016/339
f 170/1018/340 171/1020/340 191/1019/340
f 171/1021/341 192/1023/341 191/1022/341
f 171/1024/342 172/1026/342 192/1025/342
f 172/1027/343 193/1029/343 192/1028/343
f 172/1030/344 173/1032/344 193/1031/344
f 173/1033/345 194/1035/345 193/1034/345
f 173/1036/346 174/1038/346 194/1037/346
f 174/1039/347 195/1041/347 194/1040/347
f 174/1042/348 175/1044/348 195/1043/348
f 175/1045/349 196/1047/349 195/1046/349
f 175/1048/350 176/1050/350 196/1049/350
f 176/1051/351 197/1053/351 196/1052/351
f 176/1054/352 177/1056/352 197/1055/352
f 177/1057/353 198/1059/353 197/1058/353
f 177/1060/354 178/1062/354 198/1061/354
f 178/1063/355 199/1065/355 198/1064/355
f 178/1066/356 179/1068/356 199/1067/356
f 179/1069/357 200/1071/357 199/1070/357
f 179/1072/358 180/1074/358 200/1073/358
f 180/1075/359 181/1077/359 200/1076/359
f 180/1078/360 161/1080/360 181/1079/360
f 181/1081/361 202/1083/361 201/1082/361
f 181/1084/362 182/1086/362 202/1085/362
f 182/1087/363 203/1089/363 202/1088/363
f 182/1090/364 183/1092/364 203/1091/364
f 183/1093/365 204/1095/365 203/1094/365
f 183/1096/366 184/1098/366 204/1097/366
f 184/1099/367 205/1101/367 204/1100/367
f 184/1102/368 185/1104/368 205/1103/368
f 185/1105/369 206/1107/369 205/1106/369
f 185/1108/370 186/1110/370 206/1109/370
f 186/1111/371 207/1113/371 206/1112/371
f 186/1114/372 187/1116/372 207/1115/372
f 187/1117/373 208/1119/373 207/1118/373
f 187/1120/374 188/1122/374 208/1121/374
f 188/1123/375 209/1125/375 208/1124/375
f 188/1126/376 189/1128/376 209/1127/376
f 189/1129/377 210/1131/377 209/1130/377
f 189/1132/378 190/1134/378 210/1133/378
f 190/1135/379 211/1137/379 210/1136/379
f 190/1138/380 191/1140/380 211/1139/380
f 191/1141/381 212/1143/381 211/1142/381
f 191/1144/382 192/1146/382 212/1145/382
f 192/1147/383 213/1149/383 212/1148/383
f 192/1150/384 193/1152/384 213/1151/384
f 193/1153/385 214/1155/385 213/1154/385
f 193/1156/386 194/1158/386 214/1157/386
f 194/1159/387 215/1161/387 214/1160/387
f 194/1162/388 195/1164/388 215/1163/388
f 195/1165/389 216/1167/389 215/1166/389
f 195/1168/390 196/1170/390 216/1169/390
f 196/1171/391 217/1173/391 216/1172/391
f 196/1174/392 197/1176/392 217/1175/392
f 197/1177/393 218/1179/393 217/1178/393
f 197/1180/394 198/1182/394 218/1181/394
f 198/1183/395 219/1185/395 218/1184/395
f 198/1186/396 199/1188/396 219/1187/396
f 199/1189/397 220/1191/397 219/1190/397
f 199/1192/398 200/1194/398 220/1193/398
f 200/1195/399 201/1197/399 220/1196/399
f 200/1198/400 181/1200/400 201/1199/400
f 201/1201/401 222/1203/401 221/1202/401
f 201/1204/402 202/1206/402 222/1205/402
f 202/1207/403 223/1209/403 222/1208/403
f 202/1210/404 203/1212/404 223/1211/404
f 203/1213/405 224/1215/405 223/1214/405
f 203/1216/406 204/1218/406 224/1217/406
f 204/1219/407 225/1221/407 224/1220/407
f 204/1222/408 205/1224/408 225/1223/408
f 205/1225/409 226/1227/409 225/1226/409
f 205/1228/410 206/1230/410 226/1229/410
f 206/1231/411 227/1233/411 226/1232/411
f 206/1234/412 207/1236/412 227/1235/412
f 207/1237/413 228/1239/413 227/1238/413
f 207/1240/414 208/1242/414 228/1241/414
f 208/1243/415 229/1245/415 228/1244/415
f 208/1246/416 209/1248/416 229/1247/416
f 209/1249/417 230/1251/417 229/1250/417
f 209/1252/418 210/1254/418 230/1253/418
f 210/1255/419 231/1257/419 230/1256/419
f 210/1258/420 211/1260/420 231/1259/420
f 211/1261/421 232/1263/421 231/1262/421
f 211/1264/422 212/1266/422 232/1265/422
f 212/1267/423 233/1269/423 232/1268/423
f 212/1270/424 213/1272/424 233/1271/424
f 213/1273/425 234/1275/425 233/1274/425
f 213/1276/426 214/1278/426 234/1277/426
f 214/1279/427 235/1281/427 234/1280/427
f 214/1282/428 215/1284/428 235/1283/428
f 215/1285/429 236/1287/429 235/1286/429
f 215/1288/430 216/1290/430 236/1289/430
f 216/1291/431 237/1293/431 236/1292/431
f 216/1294/432 217/1296/432 237/1295/432
f 217/1297/433 238/1299/433 237/1298/433
f 217/1300/434 218/1302/434 238/1301/434
f 218/1303/435 239/1305/435 238/1304/435
f 218/1306/436 219/1308/436 239/1307/436
f 219/1309/437 240/1311/437 239/1310/437
f 219/1312/438 220/1314/438 240/1313/438
f 220/1315/439 221/1317/439 240/1316/439
f 220/1318/440 201/1320/440 221/1319/440
f 221/1321/441 242/1323/441 241/1322/441
f 221/1324/442 222/1326/442 242/1325/442
f 222/1327/443 243/1329/443 242/1328/443
f 222/1330/444 223/1332/444 243/1331/444
f 223/1333/445 244/1335/445 243/1334/445
f 223/1336/446 224/1338/446 244/1337/446
f 224/1339/447 245/1341/447 244/1340/447
f 224/1342/448 225/1344/448 245/1343/448
f 225/1345/449 246/1347/449 245/1346/449
f 225/1348/450 226/1350/450 246/1349/450
f 226/1351/451 247/1353/451 246/1352/451
f 226/1354/452 227/1356/452 247/1355/452
f 227/1357/453 248/1359/453 247/1358/453
f 227/1360/454 228/1362/454 248/1361/454
f 228/1363/455 249/1365/455 248/1364/455
f 228/1366/456 229/1368/456 249/1367/456
f 229/1369/457 250/1371/457 249/1370/457
f 229/1372/458 230/1374/458 250/1373/458
f 230/1375/459 251/1377/459 250/1376/459
f 230/1378/460 231/1380/460 251/1379/460
f 231/1381/461 252/1383/461 251/1382/461
f 231/1384/462 232/1386/462 252/1385/462
f 232/1387/463 253/1389/463 252/1388/463
f 232/1390/464 233/1392/464 253/1391/464
f 233/1393/465 254/1395/465 253/1394/465
f 233/1396/466 234/1398/466 254/1397/466
f 234/1399/467 255/1401/467 254/1400/467
f 234/1402/468 235/1404/468 255/1403/468
f 235/1405/469 256/1407/469 255/1406/469
f 235/1408/470 236/1410/470 256/1409/470
f 236/1411/471 257/1413/471 256/1412/471
f 236/1414/472 237/1416/472 257/1415/472
f 237/1417/473 258/1419/473 257/1418/473
f 237/1420/474 238/1422/474 258/1421/474
f 238/1423/475 259/1425/475 258/1424/475
f 238/1426/476 239/1428/476 259/1427/476
f 239/1429/477 260/1431/477 259/1430/477
f 239/1432/478 240/1434/478 260/1433/478
f 240/1435/479 241/1437/479 260/1436/479
f 240/1438/480 221/1440/480 241/1439/480
f 1/10081/3361 1701/10083/3361 2/10082/3361
f 2/10084/3362 1701/10086/3362 3/10085/3362
f 3/10087/3363 1701/10089/3363 4/10088/3363
f 4/10090/3364 1701/10092/3364 5/10091/3364
f 5/10093/3365 1701/10095/3365 6/10094/3365
f 6/10096/3366 1701/10098/3366 7/10097/3366
f 7/10099/3367 1701/10101/3367 8/10100/3367
f 8/10102/3368 1701/10104/3368 9/10103/3368
f 9/10105/3369 1701/10107/3369 10/10106/3369
f 10/10108/3370 1701/10110/3370 11/10109/3370
f 11/10111/3371 1701/10113/3371 12/10112/3371
f 12/10114/3372 1701/10116/3372 13/10115/3372
f 13/10117/3373 1701/10119/3373 14/10118/3373
f 14/10120/3374 1701/10122/3374 15/10121/3374
f 15/10123/3375 1701/10125/3375 16/10124/3375
f 16/10126/3376 1701/10128/3376 17/10127/3376
f 17/10129/3377 1701/10131/3377 18/10130/3377
f 18/10132/3378 1701/10134/3378 19/10133/3378
f 19/10135/3379 1701/10137/3379 20/10136/3379
f 20/10138/3380 1701/10140/3380 1/10139/3380
g span_01
usemtl coating_span01
s off
f 241/1441/481 262/1443/481 261/1442/481
f 241/1444/482 242/1446/482 262/1445/482
f 242/1447/483 263/1449/483 262/1448/483
f 242/1450/484 243/1452/484 263/1451/484
f 243/1453/485 264/1455/485 263/1454/485
f 243/1456/486 244/1458/486 264/1457/486
f 244/1459/487 265/1461/487 264/1460/487
f 244/1462/488 245/1464/488 265/1463/488
f 245/1465/489 266/1467/489 265/1466/489
f 245/1468/490 246/1470/490 266/1469/490
f 246/1471/491 267/1473/491 266/1472/491
f 246/1474/492 247/1476/492 267/1475/492
f 247/1477/493 268/1479/493 267/1478/493
f 247/1480/494 248/1482/494 268/1481/494
f 248/1483/495 269/1485/495 268/1484/495
f 248/1486/496 249/1488/496 269/1487/496
f 249/1489/497 270/1491/497 269/1490/497
f 249/1492/498 250/1494/498 270/1493/498
f 250/1495/499 271/1497/499 270/1496/499
f 250/1498/500 251/1500/500 271/1499/500
f 251/1501/501 272/1503/501 271/1502/501
f 251/1504/502 252/1506/502 272/1505/502
f 252/1507/503 273/1509/503 272/1508/503
f 252/1510/504 253/1512/504 273/1511/504
f 253/1513/505 274/1515/505 273/1514/505
f 253/1516/506 254/1518/506 274/1517/506
f 254/1519/507 275/1521/507 274/1520/507
f 254/1522/508 255/1524/508 275/1523/508
f 255/1525/509 276/1527/509 275/1526/509
f 255/1528/510 256/1530/510 276/1529/510
f 256/1531/511 277/1533/511 276/1532/511
f 256/1534/512 257/1536/512 277/1535/512
f 257/1537/513 278/1539/513 277/1538/513
f 257/1540/514 258/1542/514 278/1541/514
f 258/1543/515 279/1545/515 278/1544/515
f 258/1546/516 259/1548/516 279/1547/516
f 259/1549/517 280/1551/517 279/1550/517
f 259/1552/518 260/1554/518 280/1553/518
f 260/1555/519 261/1557/519 280/1556/519
f 260/1558/520 241/1560/520 261/1559/520
f 261/1561/521 282/1563/521 281/1562/521
f 261/1564/522 262/1566/522 282/1565/522
f 262/1567/523 283/1569/523 282/1568/523
f 262/1570/524 263/1572/524 283/1571/524
f 263/1573/525 284/1575/525 283/1574/525
f 263/1576/526 264/1578/526 284/1577/526
f 264/1579/527 285/1581/527 284/1580/527
f 264/1582/528 265/1584/528 285/1583/528
f 265/1585/529 286/1587/529 285/1586/529
f 265/1588/530 266/1590/530 286/1589/530
f 266/1591/531 287/1593/531 286/1592/531
f 266/1594/532 267/1596/532 287/1595/532
f 267/1597/533 288/1599/533 287/1598/533
f 267/1600/534 268/1602/534 288/1601/534
f 268/1603/535 289/1605/535 288/1604/535
f 268/1606/536 269/1608/536 289/1607/536
f 269/1609/537 290/1611/537 289/1610/537
f 269/1612/538 270/1614/538 290/1613/538
f 270/1615/539 291/1617/539 290/1616/539
f 270/1618/540 271/1620/540 291/1619/540
f 271/1621/541 292/1623/541 291/1622/541
f 271/1624/542 272/1626/542 292/1625/542
f 272/1627/543 293/1629/543 292/1628/543
f 272/1630/544 273/1632/544 293/1631/544
f 273/1633/545 294/1635/545 293/1634/545
f 273/1636/546 274/1638/546 294/1637/546
f 274/1639/547 295/1641/547 294/1640/547
f 274/1642/548 275/1644/548 295/1643/548
f 275/1645/549 296/1647/549 295/1646/549
f 275/1648/550 276/1650/550 296/1649/550
f 276/1651/551 297/1653/551 296/1652/551
f 276/1654/552 277/1656/552 297/1655/552
f 277/1657/553 298/1659/553 297/1658/553
f 277/1660/554 278/1662/554 298/1661/554
f 278/1663/555 299/1665/555 298/1664/555
f 278/1666/556 279/1668/556 299/1667/556
f 279/1669/557 300/1671/557 299/1670/557
f 279/1672/558 280/1674/558 300/1673/558
f 280/1675/559 281/1677/559 300/1676/559
f 280/1678/560 261/1680/560 281/1679/560
f 281/1681/561 302/1683/561 301/1682/561
f 281/1684/562 282/1686/562 302/1685/562
f 282/1687/563 303/1689/563 302/1688/563
f 282/1690/564 283/1692/564 303/1691/564
f 283/1693/565 304/1695/565 303/1694/565
f 283/1696/566 284/1698/566 304/1697/566
f 284/1699/567 305/1701/567 304/1700/567
f 284/1702/568 285/1704/568 305/1703/568
f 285/1705/569 306/1707/569 305/1706/569
f 285/1708/570 286/1710/570 306/1709/570
f 286/1711/571 307/1713/571 306/1712/571
f 286/1714/572 287/1716/572 307/1715/572
f 287/1717/573 308/1719/573 307/1718/573
f 287/1720/574 288/1722/574 308/1721/574
f 288/1723/575 309/1725/575 308/1724/575
f 288/1726/576 289/1728/576 309/1727/576
f 289/1729/577 310/1731/577 309/1730/577
f 289/1732/578 290/1734/578 310/1733/578
f 290/1735/579 311/1737/579 310/1736/579
f 290/1738/580 291/1740/580 311/1739/580
f 291/1741/581 312/1743/581 311/1742/581
f 291/1744/582 292/1746/582 312/1745/582
f 292/1747/583 313/1749/583 312/1748/583
f 292/1750/584 293/1752/584 313/1751/584
f 293/1753/585 314/1755/585 313/1754/585
f 293/1756/586 294/1758/586 314/1757/586
f 294/1759/587 315/1761/587 314/1760/587
f 294/1762/588 295/1764/588 315/1763/588
f 295/1765/589 316/1767/589 315/1766/589
f 295/1768/590 296/1770/590 316/1769/590
f 296/1771/591 317/1773/591 316/1772/591
f 296/1774/592 297/1776/592 317/1775/592
f 297/1777/593 318/1779/593 317/1778/593
f 297/1780/594 298/1782/594 318/1781/594
f 298/1783/595 319/1785/595 318/1784/595
f 298/1786/596 299/1788/596 319/1787/596
f 299/1789/597 320/1791/597 319/1790/597
f 299/1792/598 300/1794/598 320/1793/598
f 300/1795/599 301/1797/599 320/1796/599
f 300/1798/600 281/1800/600 301/1799/600
f 301/1801/601 322/1803/601 321/1802/601
f 301/1804/602 302/1806/602 322/1805/602
f 302/1807/603 323/1809/603 322/1808/603
f 302/1810/604 303/1812/604 323/1811/604
f 303/1813/605 324/1815/605 323/1814/605
f 303/1816/606 304/1818/606 324/1817/606
f 304/1819/607 325/1821/607 324/1820/607
f 304/1822/608 305/1824/608 325/1823/608
f 305/1825/609 326/1827/609 325/1826/609
f 305/1828/610 306/1830/610 326/1829/610
f 306/1831/611 327/1833/611 326/1832/611
f 306/1834/612 307/1836/612 327/1835/612
f 307/1837/613 328/1839/613 327/1838/613
f 307/1840/614 308/1842/614 328/1841/614
f 308/1843/615 329/1845/615 328/1844/615
f 308/1846/616 309/1848/616 329/1847/616
f 309/1849/617 330/1851/617 329/1850/617
f 309/1852/618 310/1854/618 330/1853/618
f 310/1855/619 331/1857/619 330/1856/619
f 310/1858/620 311/1860/620 331/1859/620
f 311/1861/621 332/1863/621 331/1862/621
f 311/1864/622 312/1866/622 332/1865/622
f 312/1867/623 333/1869/623 332/1868/623
f 312/1870/624 313/1872/624 333/1871/624
f 313/1873/625 334/1875/625 333/1874/625
f 313/1876/626 314/1878/626 334/1877/626
f 314/1879/627 335/1881/627 334/1880/627
f 314/1882/628 315/1884/628 335/1883/628
f 315/1885/629 336/1887/629 335/1886/629
f 315/1888/630 316/1890/630 336/1889/630
f 316/1891/631 337/1893/631 336/1892/631
f 316/1894/632 317/1896/632 337/1895/632
f 317/1897/633 338/1899/633 337/1898/633
f 317/1900/634 318/1902/634 338/1901/634
f 318/1903/635 339/1905/635 338/1904/635
f 318/1906/636 319/1908/636 339/1907/636
f 319/1909/637 340/1911/637 339/1910/637
f 319/1912/638 320/1914/638 340/1913/638
f 320/1915/639 321/1917/639 340/1916/639
f 320/1918/640 301/1920/640 321/1919/640
f 321/1921/641 342/1923/641 341/1922/641
f 321/1924/642 322/1926/642 342/1925/642
f 322/1927/643 343/1929/643 342/1928/643
f 322/1930/644 323/1932/644 343/1931/644
f 323/1933/645 344/1935/645 343/1934/645
f 323/1936/646 324/1938/646 344/1937/646
f 324/1939/647 345/1941/647 344/1940/647
f 324/1942/648 325/1944/648 345/1943/648
f 325/1945/649 346/1947/649 345/1946/649
f 325/1948/650 326/1950/650 346/1949/650
f 326/1951/651 347/1953/651 346/1952/651
f 326/1954/652 327/1956/652 347/1955/652
f 327/1957/653 348/1959/653 347/1958/653
f 327/1960/654 328/1962/654 348/1961/654
f 328/1963/655 349/1965/655 348/1964/655
f 328/1966/656 329/1968/656 349/1967/656
f 329/1969/657 350/1971/657 349/1970/657
f 329/1972/658 330/1974/658 350/1973/658
f 330/1975/659 351/1977/659 350/1976/659
f 330/1978/660 331/1980/660 351/1979/660
f 331/1981/661 352/1983/661 351/1982/661
f 331/1984/662 332/1986/662 352/1985/662
f 332/1987/663 353/1989/663 352/1988/663
f 332/1990/664 333/1992/664 353/1991/664
f 333/1993/665 354/1995/665 353/1994/665
f 333/1996/666 334/1998/666 354/1997/666
f 334/1999/667 355/2001/667 354/2000/667
f 334/2002/668 335/2004/668 355/2003/668
f 335/2005/669 356/2007/669 355/2006/669
f 335/2008/670 336/2010/670 356/2009/670
f 336/2011/671 357/2013/671 356/2012/671
f 336/2014/672 337/2016/672 357/2015/672
f 337/2017/673 358/2019/673 357/2018/673
f 337/2020/674 338/2022/674 358/2021/674
f 338/2023/675 359/2025/675 358/2024/675
f 338/2026/676 339/2028/676 359/2027/676
f 339/2029/677 360/2031/677 359/2030/677
f 339/2032/678 340/2034/678 360/2033/678
f 340/2035/679 341/2037/679 360/2036/679
f 340/2038/680 321/2040/680 341/2039/680
f 341/2041/681 362/2043/681 361/2042/681
f 341/2044/682 342/2046/682 362/2045/682
f 342/2047/683 363/2049/683 362/2048/683
f 342/2050/684 343/2052/684 363/2051/684
f 343/2053/685 364/2055/685 363/2054/685
f 343/2056/686 344/2058/686 364/2057/686
f 344/2059/687 365/2061/687 364/2060/687
f 344/2062/688 345/2064/688 365/2063/688
f 345/2065/689 366/2067/689 365/2066/689
f 345/2068/690 346/2070/690 366/2069/690
f 346/2071/691 367/2073/691 366/2072/691
f 346/2074/692 347/2076/692 367/2075/692
f 347/2077/693 368/2079/693 367/2078/693
f 347/2080/694 348/2082/694 368/2081/694
f 348/2083/695 369/2085/695 368/2084/695
f 348/2086/696 349/2088/696 369/2087/696
f 349/2089/697 370/2091/697 369/2090/697
f 349/2092/698 350/2094/698 370/2093/698
f 350/2095/699 371/2097/699 370/2096/699
f 350/2098/700 351/2100/700 371/2099/700
f 351/2101/701 372/2103/701 371/2102/701
f 351/2104/702 352/2106/702 372/2105/702
f 352/2107/703 373/2109/703 372/2108/703
f 352/2110/704 353/2112/704 373/2111/704
f 353/2113/705 374/2115/705 373/2114/705
f 353/2116/706 354/2118/706 374/2117/706
f 354/2119/707 375/2121/707 374/2120/707
f 354/2122/708 355/2124/708 375/2123/708
f 355/2125/709 376/2127/709 375/2126/709
f 355/2128/710 356/2130/710 376/2129/710
f 356/2131/711 377/2133/711 376/2132/711
f 356/2134/712 357/2136/712 377/2135/712
f 357/2137/713 378/2139/713 377/2138/713
f 357/2140/714 358/2142/714 378/2141/714
f 358/2143/715 379/2145/715 378/2144/715
f 358/2146/716 359/2148/716 379/2147/716
f 359/2149/717 380/2151/717 379/2150/717
f 359/2152/718 360/2154/718 380/2153/718
f 360/2155/719 361/2157/719 380/2156/719
f 360/2158/720 341/2160/720 361/2159/720
f 361/2161/721 382/2163/721 381/2162/721
f 361/2164/722 362/2166/722 382/2165/722
f 362/2167/723 383/2169/723 382/2168/723
f 362/2170/724 363/2172/724 383/2171/724
f 363/2173/725 384/2175/725 383/2174/725
f 363/2176/726 364/2178/726 384/2177/726
f 364/2179/727 385/2181/727 384/2180/727
f 364/2182/728 365/2184/728 385/2183/728
f 365/2185/729 386/2187/729 385/2186/729
f 365/2188/730 366/2190/730 386/2189/730
f 366/2191/731 387/2193/731 386/2192/731
f 366/2194/732 367/2196/732 387/2195/732
f 367/2197/733 388/2199/733 387/2198/733
f 367/2200/734 368/2202/734 388/2201/734
f 368/2203/735 389/2205/735 388/2204/735
f 368/2206/736 369/2208/736 389/2207/736
f 369/2209/737 390/2211/737 389/2210/737
f 369/2212/738 370/2214/738 390/2213/738
f 370/2215/739 391/2217/739 390/2216/739
f 370/2218/740 371/2220/740 391/2219/740
f 371/2221/741 392/2223/741 391/2222/741
f 371/2224/742 372/2226/742 392/2225/742
f 372/2227/743 393/2229/743 392/2228/743
f 372/2230/744 373/2232/744 393/2231/744
f 373/2233/745 394/2235/745 393/2234/745
f 373/2236/746 374/2238/746 394/2237/746
f 374/2239/747 395/2241/747 394/2240/747
f 374/2242/748 375/2244/748 395/2243/748
f 375/2245/749 396/2247/749 395/2246/749
f 375/2248/750 376/2250/750 396/2249/750
f 376/2251/751 397/2253/751 396/2252/751
f 376/2254/752 377/2256/752 397/2255/752
f 377/2257/753 398/2259/753 397/2258/753
f 377/2260/754 378/2262/754 398/2261/754
f 378/2263/755 399/2265/755 398/2264/755
f 378/2266/756 379/2268/756 399/2267/756
f 379/2269/757 400/2271/757 399/2270/757
f 379/2272/758 380/2274/758 400/2273/758
f 380/2275/759 381/2277/759 400/2276/759
f 380/2278/760 361/2280/760 381/2279/760
f 381/2281/761 402/2283/761 401/2282/761
f 381/2284/762 382/2286/762 402/2285/762
f 382/2287/763 403/2289/763 402/2288/763
f 382/2290/764 383/2292/764 403/2291/764
f 383/2293/765 404/2295/765 403/2294/765
f 383/2296/766 384/2298/766 404/2297/766
f 384/2299/767 405/2301/767 404/2300/767
f 384/2302/768 385/2304/768 405/2303/768
f 385/2305/769 406/2307/769 405/2306/769
f 385/2308/770 386/2310/770 406/2309/770
f 386/2311/771 407/2313/771 406/2312/771
f 386/2314/772 387/2316/772 407/2315/772
f 387/2317/773 408/2319/773 407/2318/773
f 387/2320/774 388/2322/774 408/2321/774
f 388/2323/775 409/2325/775 408/2324/775
f 388/2326/776 389/2328/776 409/2327/776
f 389/2329/777 410/2331/777 409/2330/777
f 389/2332/778 390/2334/778 410/2333/778
f 390/2335/779 411/2337/779 410/2336/779
f 390/2338/780 391/2340/780 411/2339/780
f 391/2341/781 412/2343/781 411/2342/781
f 391/2344/782 392/2346/782 412/2345/782
f 392/2347/783 413/2349/783 412/2348/783
f 392/2350/784 393/2352/784 413/2351/784
f 393/2353/785 414/2355/785 413/2354/785
f 393/2356/786 394/2358/786 414/2357/786
f 394/2359/787 415/2361/787 414/2360/787
f 394/2362/788 395/2364/788 415/2363/788
f 395/2365/789 416/2367/789 415/2366/789
f 395/2368/790 396/2370/790 416/2369/790
f 396/2371/791 417/2373/791 416/2372/791
f 396/2374/792 397/2376/792 417/2375/792
f 397/2377/793 418/2379/793 417/2378/793
f 397/2380/794 398/2382/794 418/2381/794
f 398/2383/795 419/2385/795 418/2384/795
f 398/2386/796 399/2388/796 419/2387/796
f 399/2389/797 420/2391/797 419/2390/797
f 399/2392/798 400/2394/798 420/2393/798
f 400/2395/799 401/2397/799 420/2396/799
f 400/2398/800 381/2400/800 401/2399/800
f 401/2401/801 422/2403/801 421/2402/801
f 401/2404/802 402/2406/802 422/2405/802
f 402/2407/803 423/2409/803 422/2408/803
f 402/2410/804 403/2412/804 423/2411/804
f 403/2413/805 424/2415/805 423/2414/805
f 403/2416/806 404/2418/806 424/2417/806
f 404/2419/807 425/2421/807 424/2420/807
f 404/2422/808 405/2424/808 425/2423/808
f 405/2425/809 426/2427/809 425/2426/809
f 405/2428/810 406/2430/810 426/2429/810
f 406/2431/811 427/2433/811 426/2432/811
f 406/2434/812 407/2436/812 427/2435/812
f 407/2437/813 428/2439/813 427/2438/813
f 407/2440/814 408/2442/814 428/2441/814
f 408/2443/815 429/2445/815 428/2444/815
f 408/2446/816 409/2448/816 429/2447/816
f 409/2449/817 430/2451/817 429/2450/817
f 409/2452/818 410/2454/818 430/2453/818
f 410/2455/819 431/2457/819 430/2456/819
f 410/2458/820 411/2460/820 431/2459/820
f 411/2461/821 432/2463/821 431/2462/821
f 411/2464/822 412/2466/822 432/2465/822
f 412/2467/823 433/2469/823 432/2468/823
f 412/2470/824 413/2472/824 433/2471/824
f 413/2473/825 434/2475/825 433/2474/825
f 413/2476/826 414/2478/826 434/2477/826
f 414/2479/827 435/2481/827 434/2480/827
f 414/2482/828 415/2484/828 435/2483/828
f 415/2485/829 436/2487/829 435/2486/829
f 415/2488/830 416/2490/830 436/2489/830
f 416/2491/831 437/2493/831 436/2492/831
f 416/2494/832 417/2496/832 437/2495/832
f 417/2497/833 438/2499/833 437/2498/833
f 417/2500/834 418/2502/834 438/2501/834
f 418/2503/835 439/2505/835 438/2504/835
f 418/2506/836 419/2508/836 439/2507/836
f 419/2509/837 440/2511/837 439/2510/837
f 419/2512/838 420/2514/838 440/2513/838
f 420/2515/839 421/2517/839 440/2516/839
f 420/2518/840 401/2520/840 421/2519/840
f 421/2521/841 442/2523/841 441/2522/841
f 421/2524/842 422/2526/842 442/2525/842
f 422/2527/843 443/2529/843 442/2528/843
f 422/2530/844 423/2532/844 443/2531/844
f 423/2533/845 444/2535/845 443/2534/845
f 423/2536/846 424/2538/846 444/2537/846
f 424/2539/847 445/2541/847 444/2540/847
f 424/2542/848 425/2544/848 445/2543/848
f 425/2545/849 446/2547/849 445/2546/849
f 425/2548/850 426/2550/850 446/2549/850
f 426/2551/851 447/2553/851 446/2552/851
f 426/2554/852 427/2556/852 447/2555/852
f 427/2557/853 448/2559/853 447/2558/853
f 427/2560/854 428/2562/854 448/2561/854
f 428/2563/855 449/2565/855 448/2564/855
f 428/2566/856 429/2568/856 449/2567/856
f 429/2569/857 450/2571/857 449/2570/857
f 429/2572/858 430/2574/858 450/2573/858
f 430/2575/859 451/2577/859 450/2576/859
f 430/2578/860 431/2580/860 451/2579/860
f 431/2581/861 452/2583/861 451/2582/861
f 431/2584/862 432/2586/862 452/2585/862
f 432/2587/863 453/2589/863 452/2588/863
f 432/2590/864 433/2592/864 453/2591/864
f 433/2593/865 454/2595/865 453/2594/865
f 433/2596/866 434/2598/866 454/2597/866
f 434/2599/867 455/2601/867 454/2600/867
f 434/2602/868 435/2604/868 455/2603/868
f 435/2605/869 456/2607/869 455/2606/869
f 435/2608/870 436/2610/870 456/2609/870
f 436/2611/871 457/2613/871 456/2612/871
f 436/2614/872 437/2616/872 457/2615/872
f 437/2617/873 458/2619/873 457/2618/873
f 437/2620/874 438/2622/874 458/2621/874
f 438/2623/875 459/2625/875 458/2624/875
f 438/2626/876 439/2628/876 459/2627/876
f 439/2629/877 460/2631/877 459/2630/877
f 439/2632/878 440/2634/878 460/2633/878
f 440/2635/879 441/2637/879 460/2636/879
f 440/2638/880 421/2640/880 441/2639/880
f 441/2641/881 462/2643/881 461/2642/881
f 441/2644/882 442/2646/882 462/2645/882
f 442/2647/883 463/2649/883 462/2648/883
f 442/2650/884 443/2652/884 463/2651/884
f 443/2653/885 464/2655/885 463/2654/885
f 443/2656/886 444/2658/886 464/2657/886
f 444/2659/887 465/2661/887 464/2660/887
f 444/2662/888 445/2664/888 465/2663/888
f 445/2665/889 466/2667/889 465/2666/889
f 445/2668/890 446/2670/890 466/2669/890
f 446/2671/891 467/2673/891 466/2672/891
f 446/2674/892 447/2676/892 467/2675/892
f 447/2677/893 468/2679/893 467/2678/893
f 447/2680/894 448/2682/894 468/2681/894
f 448/2683/895 469/2685/895 468/2684/895
f 448/2686/896 449/2688/896 469/2687/896
f 449/2689/897 470/2691/897 469/2690/897
f 449/2692/898 450/2694/898 470/2693/898
f 450/2695/899 471/2697/899 470/2696/899
f 450/2698/900 451/2700/900 471/2699/900
f 451/2701/901 472/2703/901 471/2702/901
f 451/2704/902 452/2706/902 472/2705/902
f 452/2707/903 473/2709/903 472/2708/903
f 452/2710/904 453/2712/904 473/2711/904
f 453/2713/905 474/2715/905 473/2714/905
f 453/2716/906 454/2718/906 474/2717/906
f 454/2719/907 475/2721/907 474/2720/907
f 454/2722/908 455/2724/908 475/2723/908
f 455/2725/909 476/2727/909 475/2726/909
f 455/2728/910 456/2730/910 476/2729/910
f 456/2731/911 477/2733/911 476/2732/911
f 456/2734/912 457/2736/912 477/2735/912
f 457/2737/913 478/2739/913 477/2738/913
f 457/2740/914 458/2742/914 478/2741/914
f 458/2743/915 479/2745/915 478/2744/915
f 458/2746/916 459/2748/916 479/2747/916
f 459/2749/917 480/2751/917 479/2750/917
f 459/2752/918 460/2754/918 480/2753/918
f 460/2755/919 461/2757/919 480/2756/919
f 460/2758/920 441/2760/920 461/2759/920
f 461/2761/921 482/2763/921 481/2762/921
f 461/2764/922 462/2766/922 482/2765/922
f 462/2767/923 483/2769/923 482/2768/923
f 462/2770/924 463/2772/924 483/2771/924
f 463/2773/925 484/2775/925 483/2774/925
f 463/2776/926 464/2778/926 484/2777/926
f 464/2779/927 485/2781/927 484/2780/927
f 464/2782/928 465/2784/928 485/2783/928
f 465/2785/929 486/2787/929 485/2786/929
f 465/2788/930 466/2790/930 486/2789/930
f 466/2791/931 487/2793/931 486/2792/931
f 466/2794/932 467/2796/932 487/2795/932
f 467/2797/933 488/2799/933 487/2798/933
f 467/2800/934 468/2802/934 488/2801/934
f 468/2803/935 489/2805/935 488/2804/935
f 468/2806/936 469/2808/936 489/2807/936
f 469/2809/937 490/2811/937 489/2810/937
f 469/2812/938 470/2814/938 490/2813/938
f 470/2815/939 491/2817/939 490/2816/939
f 470/2818/940 471/2820/940 491/2819/940
f 471/2821/941 492/2823/941 491/2822/941
f 471/2824/942 472/2826/942 492/2825/942
f 472/2827/943 493/2829/943 492/2828/943
f 472/2830/944 473/2832/944 493/2831/944
f 473/2833/945 494/2835/945 493/2834/945
f 473/2836/946 474/2838/946 494/2837/946
f 474/2839/947 495/2841/947 494/2840/947
f 474/2842/948 475/2844/948 495/2843/948
f 475/2845/949 496/2847/949 495/2846/949
f 475/2848/950 476/2850/950 496/2849/950
f 476/2851/951 497/2853/951 496/2852/951
f 476/2854/952 477/2856/952 497/2855/952
f 477/2857/953 498/2859/953 497/2858/953
f 477/2860/954 478/2862/954 498/2861/954
f 478/2863/955 499/2865/955 498/2864/955
f 478/2866/956 479/2868/956 499/2867/956
f 479/2869/957 500/2871/957 499/2870/957
f 479/2872/958 480/2874/958 500/2873/958
f 480/2875/959 481/2877/959 500/2876/959
f 480/2878/960 461/2880/960 481/2879/960
g span_02
usemtl coating_span02
s off
f 481/2881/961 502/2883/961 501/2882/961
f 481/2884/962 482/2886/962 502/2885/962
f 482/2887/963 503/2889/963 502/2888/963
f 482/2890/964 483/2892/964 503/2891/964
f 483/2893/965 504/2895/965 503/2894/965
f 483/2896/966 484/2898/966 504/2897/966
f 484/2899/967 505/2901/967 504/2900/967
f 484/2902/968 485/2904/968 505/2903/968
f 485/2905/969 506/2907/969 505/2906/969
f 485/2908/970 486/2910/970 506/2909/970
f 486/2911/971 507/2913/971 506/2912/971
f 486/2914/972 487/2916/972 507/2915/972
f 487/2917/973 508/2919/973 507/2918/973
f 487/2920/974 488/2922/974 508/2921/974
f 488/2923/975 509/2925/975 508/2924/975
f 488/2926/976 489/2928/976 509/2927/976
f 489/2929/977 510/2931/977 509/2930/977
f 489/2932/978 490/2934/978 510/2933/978
f 490/2935/979 511/2937/979 510/2936/979
f 490/2938/980 491/2940/980 511/2939/980
f 491/2941/981 512/2943/981 511/2942/981
f 491/2944/982 492/2946/982 512/2945/982
f 492/2947/983 513/2949/983 512/2948/983
f 492/2950/984 493/2952/984 513/2951/984
f 493/2953/985 514/2955/985 513/2954/985
f 493/2956/986 494/2958/986 514/2957/986
f 494/2959/987 515/2961/987 514/2960/987
f 494/2962/988 495/2964/988 515/2963/988
f 495/2965/989 516/2967/989 515/2966/989
f 495/2968/990 496/2970/990 516/2969/990
f 496/2971/991 517/2973/991 516/2972/991
f 496/2974/992 497/2976/992 517/2975/992
f 497/2977/993 518/2979/993 517/2978/993
f 497/2980/994 498/2982/994 518/2981/994
f 498/2983/995 519/2985/995 518/2984/995
f 498/2986/996 499/2988/996 519/2987/996
f 499/2989/997 520/2991/997 519/2990/997
f 499/2992/998 500/2994/998 520/2993/998
f 500/2995/999 501/2997/999 520/2996/999
f 500/2998/1000 481/3000/1000 501/2999/1000
f 501/3001/1001 522/3003/1001 521/3002/1001
f 501/3004/1002 502/3006/1002 522/3005/1002
f 502/3007/1003 523/3009/1003 522/3008/1003
f 502/3010/1004 503/3012/1004 523/3011/1004
f 503/3013/1005 524/3015/1005 523/3014/1005
f 503/3016/1006 504/3018/1006 524/3017/1006
f 504/3019/1007 525/3021/1007 524/3020/1007
f 504/3022/1008 505/3024/1008 525/3023/1008
f 505/3025/1009 526/3027/1009 525/3026/1009
f 505/3028/1010 506/3030/1010 526/3029/1010
f 506/3031/1011 527/3033/1011 526/3032/1011
f 506/3034/1012 507/3036/1012 527/3035/1012
f 507/3037/1013 528/3039/1013 527/3038/1013
f 507/3040/1014 508/3042/1014 528/3041/1014
f 508/3043/1015 529/3045/1015 528/3044/1015
f 508/3046/1016 509/3048/1016 529/3047/1016
f 509/3049/1017 530/3051/1017 529/3050/1017
f 509/3052/1018 510/3054/1018 530/3053/1018
f 510/3055/1019 531/3057/1019 530/3056/1019
f 510/3058/1020 511/3060/1020 531/3059/1020
f 511/3061/1021 532/3063/1021 531/3062/1021
f 511/3064/1022 512/3066/1022 532/3065/1022
f 512/3067/1023 533/3069/1023 532/3068/1023
f 512/3070/1024 513/3072/1024 533/3071/1024
f 513/3073/1025 534/3075/1025 533/3074/1025
f 513/3076/1026 514/3078/1026 534/3077/1026
f 514/3079/1027 535/3081/1027 534/3080/1027
f 514/3082/1028 515/3084/1028 535/3083/1028
f 515/3085/1029 536/3087/1029 535/3086/1029
f 515/3088/1030 516/3090/1030 536/3089/1030
f 516/3091/1031 537/3093/1031 536/3092/1031
f 516/3094/1032 517/3096/1032 537/3095/1032
f 517/3097/1033 538/3099/1033 537/3098/1033
f 517/3100/1034 518/3102/1034 538/3101/1034
f 518/3103/1035 539/3105/1035 538/3104/1035
f 518/3106/1036 519/3108/1036 539/3107/1036
f 519/3109/1037 540/3111/1037 539/3110/1037
f 519/3112/1038 520/3114/1038 540/3113/1038
f 520/3115/1039 521/3117/1039 540/3116/1039
f 520/3118/1040 501/3120/1040 521/3119/1040
f 521/3121/1041 542/3123/1041 541/3122/1041
f 521/3124/1042 522/3126/1042 542/3125/1042
f 522/3127/1043 543/3129/1043 542/3128/1043
f 522/3130/1044 523/3132/1044 543/3131/1044
f 523/3133/1045 544/3135/1045 543/3134/1045
f 523/3136/1046 524/3138/1046 544/3137/1046
f 524/3139/1047 545/3141/1047 544/3140/1047
f 524/3142/1048 525/3144/1048 545/3143/1048
f 525/3145/1049 546/3147/1049 545/3146/1049
f 525/3148/1050 526/3150/1050 546/3149/1050
f 526/3151/1051 547/3153/1051 546/3152/1051
f 526/3154/1052 527/3156/1052 547/3155/1052
f 527/3157/1053 548/3159/1053 547/3158/1053
f 527/3160/1054 528/3162/1054 548/3161/1054
f 528/3163/1055 549/3165/1055 548/3164/1055
f 528/3166/1056 529/3168/1056 549/3167/1056
f 529/3169/1057 550/3171/1057 549/3170/1057
f 529/3172/1058 530/3174/1058 550/3173/1058
f 530/3175/1059 551/3177/1059 550/3176/1059
f 530/3178/1060 531/3180/1060 551/3179/1060
f 531/3181/1061 552/3183/1061 551/3182/1061
f 531/3184/1062 532/3186/1062 552/3185/1062
f 532/3187/1063 553/3189/1063 552/3188/1063
f 532/3190/1064 533/3192/1064 553/3191/1064
f 533/3193/1065 554/3195/1065 553/3194/1065
f 533/3196/1066 534/3198/1066 554/3197/1066
f 534/3199/1067 555/3201/1067 554/3200/1067
f 534/3202/1068 535/3204/1068 555/3203/1068
f 535/3205/1069 556/3207/1069 555/3206/1069
f 535/3208/1070 536/3210/1070 556/3209/1070
f 536/3211/1071 557/3213/1071 556/3212/1071
f 536/3214/1072 537/3216/1072 557/3215/1072
f 537/3217/1073 558/3219/1073 557/3218/1073
f 537/3220/1074 538/3222/1074 558/3221/1074
f 538/3223/1075 559/3225/1075 558/3224/1075
f 538/3226/1076 539/3228/1076 559/3227/1076
f 539/3229/1077 560/3231/1077 559/3230/1077
f 539/3232/1078 540/3234/1078 560/3233/1078
f 540/3235/1079 541/3237/1079 560/3236/1079
f 540/3238/1080 521/3240/1080 541/3239/1080
f 541/3241/1081 562/3243/1081 561/3242/1081
f 541/3244/1082 542/3246/1082 562/3245/1082
f 542/3247/1083 563/3249/1083 562/3248/1083
f 542/3250/1084 543/3252/1084 563/3251/1084
f 543/3253/1085 564/3255/1085 563/3254/1085
f 543/3256/1086 544/3258/1086 564/3257/1086
f 544/3259/1087 565/3261/1087 564/3260/1087
f 544/3262/1088 545/3264/1088 565/3263/1088
f 545/3265/1089 566/3267/1089 565/3266/1089
f 545/3268/1090 546/3270/1090 566/3269/1090
f 546/3271/1091 567/3273/1091 566/3272/1091
f 546/3274/1092 547/3276/1092 567/3275/1092
f 547/3277/1093 568/3279/1093 567/3278/1093
f 547/3280/1094 548/3282/1094 568/3281/1094
f 548/3283/1095 569/3285/1095 568/3284/1095
f 548/3286/1096 549/3288/1096 569/3287/1096
f 549/3289/1097 570/3291/1097 569/3290/1097
f 549/3292/1098 550/3294/1098 570/3293/1098
f 550/3295/1099 571/3297/1099 570/3296/1099
f 550/3298/1100 551/3300/1100 571/3299/1100
f 551/3301/1101 572/3303/1101 571/3302/1101
f 551/3304/1102 552/3306/1102 572/3305/1102
f 552/3307/1103 573/3309/1103 572/3308/1103
f 552/3310/1104 553/3312/1104 573/3311/1104
f 553/3313/1105 574/3315/1105 573/3314/1105
f 553/3316/1106 554/3318/1106 574/3317/1106
f 554/3319/1107 575/3321/1107 574/3320/1107
f 554/3322/1108 555/3324/1108 575/3323/1108
f 555/3325/1109 576/3327/1109 575/3326/1109
f 555/3328/1110 556/3330/1110 576/3329/1110
f 556/3331/1111 577/3333/1111 576/3332/1111
f 556/3334/1112 557/3336/1112 577/3335/1112
f 557/3337/1113 578/3339/1113 577/3338/1113
f 557/3340/1114 558/3342/1114 578/3341/1114
f 558/3343/1115 579/3345/1115 578/3344/1115
f 558/3346/1116 559/3348/1116 579/3347/1116
f 559/3349/1117 580/3351/1117 579/3350/1117
f 559/3352/1118 560/3354/1118 580/3353/1118
f 560/3355/1119 561/3357/1119 580/3356/1119
f 560/3358/1120 541/3360/1120 561/3359/1120
f 561/3361/1121 582/3363/1121 581/3362/1121
f 561/3364/1122 562/3366/1122 582/3365/1122
f 562/3367/1123 583/3369/1123 582/3368/1123
f 562/3370/1124 563/3372/1124 583/3371/1124
f 563/3373/1125 584/3375/1125 583/3374/1125
f 563/3376/1126 564/3378/1126 584/3377/1126
f 564/3379/1127 585/3381/1127 584/3380/1127
f 564/3382/1128 565/3384/1128 585/3383/1128
f 565/3385/1129 586/3387/1129 585/3386/1129
f 565/3388/1130 566/3390/1130 586/3389/1130
f 566/3391/1131 587/3393/1131 586/3392/1131
f 566/3394/1132 567/3396/1132 587/3395/1132
f 567/3397/1133 588/3399/1133 587/3398/1133
f 567/3400/1134 568/3402/1134 588/3401/1134
f 568/3403/1135 589/3405/1135 588/3404/1135
f 568/3406/1136 569/3408/1136 589/3407/1136
f 569/3409/1137 590/3411/1137 589/3410/1137
f 569/3412/1138 570/3414/1138 590/3413/1138
f 570/3415/1139 591/3417/1139 590/3416/1139
f 570/3418/1140 571/3420/1140 591/3419/1140
f 571/3421/1141 592/3423/1141 591/3422/1141
f 571/3424/1142 572/3426/1142 592/3425/1142
f 572/3427/1143 593/3429/1143 592/3428/1143
f 572/3430/1144 573/3432/1144 593/3431/1144
f 573/3433/1145 594/3435/1145 593/3434/1145
f 573/3436/1146 574/3438/1146 594/3437/1146
f 574/3439/1147 595/3441/1147 594/3440/1147
f 574/3442/1148 575/3444/1148 595/3443/1148
f 575/3445/1149 596/3447/1149 595/3446/1149
f 575/3448/1150 576/3450/1150 596/3449/1150
f 576/3451/1151 597/3453/1151 596/3452/1151
f 576/3454/1152 577/3456/1152 597/3455/1152
f 577/3457/1153 598/3459/1153 597/3458/1153
f 577/3460/1154 578/3462/1154 598/3461/1154
f 578/3463/1155 599/3465/1155 598/3464/1155
f 578/3466/1156 579/3468/1156 599/3467/1156
f 579/3469/1157 600/3471/1157 599/3470/1157
f 579/3472/1158 580/3474/1158 600/3473/1158
f 580/3475/1159 581/3477/1159 600/3476/1159
f 580/3478/1160 561/3480/1160 581/3479/1160
f 581/3481/1161 602/3483/1161 601/3482/1161
f 581/3484/1162 582/3486/1162 602/3485/1162
f 582/3487/1163 603/3489/1163 602/3488/1163
f 582/3490/1164 583/3492/1164 603/3491/1164
f 583/3493/1165 604/3495/1165 603/3494/1165
f 583/3496/1166 584/3498/1166 604/3497/1166
f 584/3499/1167 605/3501/1167 604/3500/1167
f 584/3502/1168 585/3504/1168 605/3503/1168
f 585/3505/1169 606/3507/1169 605/3506/1169
f 585/3508/1170 586/3510/1170 606/3509/1170
f 586/3511/1171 607/3513/1171 606/3512/1171
f 586/3514/1172 587/3516/1172 607/3515/1172
f 587/3517/1173 608/3519/1173 607/3518/1173
f 587/3520/1174 588/3522/1174 608/3521/1174
f 588/3523/1175 609/3525/1175 608/3524/1175
f 588/3526/1176 589/3528/1176 609/3527/1176
f 589/3529/1177 610/3531/1177 609/3530/1177
f 589/3532/1178 590/3534/1178 610/3533/1178
f 590/3535/1179 611/3537/1179 610/3536/1179
f 590/3538/1180 591/3540/1180 611/3539/1180
f 591/3541/1181 612/3543/1181 611/3542/1181
f 591/3544/1182 592/3546/1182 612/3545/1182
f 592/3547/1183 613/3549/1183 612/3548/1183
f 592/3550/1184 593/3552/1184 613/3551/1184
f 593/3553/1185 614/3555/1185 613/3554/1185
f 593/3556/1186 594/3558/1186 614/3557/1186
f 594/3559/1187 615/3561/1187 614/3560/1187
f 594/3562/1188 595/3564/1188 615/3563/1188
f 595/3565/1189 616/3567/1189 615/3566/1189
f 595/3568/1190 596/3570/1190 616/3569/1190
f 596/3571/1191 617/3573/1191 616/3572/1191
f 596/3574/1192 597/3576/1192 617/3575/1192
f 597/3577/1193 618/3579/1193 617/3578/1193
f 597/3580/1194 598/3582/1194 618/3581/1194
f 598/3583/1195 619/3585/1195 618/3584/1195
f 598/3586/1196 599/3588/1196 619/3587/1196
f 599/3589/1197 620/3591/1197 619/3590/1197
f 599/3592/1198 600/3594/1198 620/3593/1198
f 600/3595/1199 601/3597/1199 620/3596/1199
f 600/3598/1200 581/3600/1200 601/3599/1200
f 601/3601/1201 622/3603/1201 621/3602/1201
f 601/3604/1202 602/3606/1202 622/3605/1202
f 602/3607/1203 623/3609/1203 622/3608/1203
f 602/3610/1204 603/3612/1204 623/3611/1204
f 603/3613/1205 624/3615/1205 623/3614/1205
f 603/3616/1206 604/3618/1206 624/3617/1206
f 604/3619/1207 625/3621/1207 624/3620/1207
f 604/3622/1208 605/3624/1208 625/3623/1208
f 605/3625/1209 626/3627/1209 625/3626/1209
f 605/3628/1210 606/3630/1210 626/3629/1210
f 606/3631/1211 627/3633/1211 626/3632/1211
f 606/3634/1212 607/3636/1212 627/3635/1212
f 607/3637/1213 628/3639/1213 627/3638/1213
f 607/3640/1214 608/3642/1214 628/3641/1214
f 608/3643/1215 629/3645/1215 628/3644/1215
f 608/3646/1216 609/3648/1216 629/3647/1216
f 609/3649/1217 630/3651/1217 629/3650/1217
f 609/3652/1218 610/3654/1218 630/3653/1218
f 610/3655/1219 631/3657/1219 630/3656/1219
f 610/3658/1220 611/3660/1220 631/3659/1220
f 611/3661/1221 632/3663/1221 631/3662/1221
f 611/3664/1222 612/3666/1222 632/3665/1222
f 612/3667/1223 633/3669/1223 632/3668/1223
f 612/3670/1224 613/3672/1224 633/3671/1224
f 613/3673/1225 634/3675/1225 633/3674/1225
f 613/3676/1226 614/3678/1226 634/3677/1226
f 614/3679/1227 635/3681/1227 634/3680/1227
f 614/3682/1228 615/3684/1228 635/3683/1228
f 615/3685/1229 636/3687/1229 635/3686/1229
f 615/3688/1230 616/3690/1230 636/3689/1230
f 616/3691/1231 637/3693/1231 636/3692/1231
f 616/3694/1232 617/3696/1232 637/3695/1232
f 617/3697/1233 638/3699/1233 637/3698/1233
f 617/3700/1234 618/3702/1234 638/3701/1234
f 618/3703/1235 639/3705/1235 638/3704/1235
f 618/3706/1236 619/3708/1236 639/3707/1236
f 619/3709/1237 640/3711/1237 639/3710/1237
f 619/3712/1238 620/3714/1238 640/3713/1238
f 620/3715/1239 621/3717/1239 640/3716/1239
f 620/3718/1240 601/3720/1240 621/3719/1240
f 621/3721/1241 642/3723/1241 641/3722/1241
f 621/3724/1242 622/3726/1242 642/3725/1242
f 622/3727/1243 643/3729/1243 642/3728/1243
f 622/3730/1244 623/3732/1244 643/3731/1244
f 623/3733/1245 644/3735/1245 643/3734/1245
f 623/3736/1246 624/3738/1246 644/3737/1246
f 624/3739/1247 645/3741/1247 644/3740/1247
f 624/3742/1248 625/3744/1248 645/3743/1248
f 625/3745/1249 646/3747/1249 645/3746/1249
f 625/3748/1250 626/3750/1250 646/3749/1250
f 626/3751/1251 647/3753/1251 646/3752/1251
f 626/3754/1252 627/3756/1252 647/3755/1252
f 627/3757/1253 648/3759/1253 647/3758/1253
f 627/3760/1254 628/3762/1254 648/3761/1254
f 628/3763/1255 649/3765/1255 648/3764/1255
f 628/3766/1256 629/3768/1256 649/3767/1256
f 629/3769/1257 650/3771/1257 649/3770/1257
f 629/3772/1258 630/3774/1258 650/3773/1258
f 630/3775/1259 651/3777/1259 650/3776/1259
f 630/3778/1260 631/3780/1260 651/3779/1260
f 631/3781/1261 652/3783/1261 651/3782/1261
f 631/3784/1262 632/3786/1262 652/3785/1262
f 632/3787/1263 653/3789/1263 652/3788/1263
f 632/3790/1264 633/3792/1264 653/3791/1264
f 633/3793/1265 654/3795/1265 653/3794/1265
f 633/3796/1266 634/3798/1266 654/3797/1266
f 634/3799/1267 655/3801/1267 654/3800/1267
f 634/3802/1268 635/3804/1268 655/3803/1268
f 635/3805/1269 656/3807/1269 655/3806/1269
f 635/3808/1270 636/3810/1270 656/3809/1270
f 636/3811/1271 657/3813/1271 656/3812/1271
f 636/3814/1272 637/3816/1272 657/3815/1272
f 637/3817/1273 658/3819/1273 657/3818/1273
f 637/3820/1274 638/3822/1274 658/3821/1274
f 638/3823/1275 659/3825/1275 658/3824/1275
f 638/3826/1276 639/3828/1276 659/3827/1276
f 639/3829/1277 660/3831/1277 659/3830/1277
f 639/3832/1278 640/3834/1278 660/3833/1278
f 640/3835/1279 641/3837/1279 660/3836/1279
f 640/3838/1280 621/3840/1280 641/3839/1280
f 641/3841/1281 662/3843/1281 661/3842/1281
f 641/3844/1282 642/3846/1282 662/3845/1282
f 642/3847/1283 663/3849/1283 662/3848/1283
f 642/3850/1284 643/3852/1284 663/3851/1284
f 643/3853/1285 664/3855/1285 663/3854/1285
f 643/3856/1286 644/3858/1286 664/3857/1286
f 644/3859/1287 665/3861/1287 664/3860/1287
f 644/3862/1288 645/3864/1288 665/3863/1288
f 645/3865/1289 666/3867/1289 665/3866/1289
f 645/3868/1290 646/3870/1290 666/3869/1290
f 646/3871/1291 667/3873/1291 666/3872/1291
f 646/3874/1292 647/3876/1292 667/3875/1292
f 647/3877/1293 668/3879/1293 667/3878/1293
f 647/3880/1294 648/3882/1294 668/3881/1294
f 648/3883/1295 669/3885/1295 668/3884/1295
f 648/3886/1296 649/3888/1296 669/3887/1296
f 649/3889/1297 670/3891/1297 669/3890/1297
f 649/3892/1298 650/3894/1298 670/3893/1298
f 650/3895/1299 671/3897/1299 670/3896/1299
f 650/3898/1300 651/3900/1300 671/3899/1300
f 651/3901/1301 672/3903/1301 671/3902/1301
f 651/3904/1302 652/3906/1302 672/3905/1302
f 652/3907/1303 673/3909/1303 672/3908/1303
f 652/3910/1304 653/3912/1304 673/3911/1304
f 653/3913/1305 674/3915/1305 673/3914/1305
f 653/3916/1306 654/3918/1306 674/3917/1306
f 654/3919/1307 675/3921/1307 674/3920/1307
f 654/3922/1308 655/3924/1308 675/3923/1308
f 655/3925/1309 676/3927/1309 675/3926/1309
f 655/3928/1310 656/3930/1310 676/3929/1310
f 656/3931/1311 677/3933/1311 676/3932/1311
f 656/3934/1312 657/3936/1312 677/3935/1312
f 657/3937/1313 678/3939/1313 677/3938/1313
f 657/3940/1314 658/3942/1314 678/3941/1314
f 658/3943/1315 679/3945/1315 678/3944/1315
f 658/3946/1316 659/3948/1316 679/3947/1316
f 659/3949/1317 680/3951/1317 679/3950/1317
f 659/3952/1318 660/3954/1318 680/3953/1318
f 660/3955/1319 661/3957/1319 680/3956/1319
f 660/3958/1320 641/3960/1320 661/3959/1320
f 661/3961/1321 682/3963/1321 681/3962/1321
f 661/3964/1322 662/3966/1322 682/3965/1322
f 662/3967/1323 683/3969/1323 682/3968/1323
f 662/3970/1324 663/3972/1324 683/3971/1324
f 663/3973/1325 684/3975/1325 683/3974/1325
f 663/3976/1326 664/3978/1326 684/3977/1326
f 664/3979/1327 685/3981/1327 684/3980/1327
f 664/3982/1328 665/3984/1328 685/3983/1328
f 665/3985/1329 686/3987/1329 685/3986/1329
f 665/3988/1330 666/3990/1330 686/3989/1330
f 666/3991/1331 687/3993/1331 686/3992/1331
f 666/3994/1332 667/3996/1332 687/3995/1332
f 667/3997/1333 688/3999/1333 687/3998/1333
f 667/4000/1334 668/4002/1334 688/4001/1334
f 668/4003/1335 689/4005/1335 688/4004/1335
f 668/4006/1336 669/4008/1336 689/4007/1336
f 669/4009/1337 690/4011/1337 689/4010/1337
f 669/4012/1338 670/4014/1338 690/4013/1338
f 670/4015/1339 691/4017/1339 690/4016/1339
f 670/4018/1340 671/4020/1340 691/4019/1340
f 671/4021/1341 692/4023/1341 691/4022/1341
f 671/4024/1342 672/4026/1342 692/4025/1342
f 672/4027/1343 693/4029/1343 692/4028/1343
f 672/4030/1344 673/4032/1344 693/4031/1344
f 673/4033/1345 694/4035/1345 693/4034/1345
f 673/4036/1346 674/4038/1346 694/4037/1346
f 674/4039/1347 695/4041/1347 694/4040/1347
f 674/4042/1348 675/4044/1348 695/4043/1348
f 675/4045/1349 696/4047/1349 695/4046/1349
f 675/4048/1350 676/4050/1350 696/4049/1350
f 676/4051/1351 697/4053/1351 696/4052/1351
f 676/4054/1352 677/4056/1352 697/4055/1352
f 677/4057/1353 698/4059/1353 697/4058/1353
f 677/4060/1354 678/4062/1354 698/4061/1354
f 678/4063/1355 699/4065/1355 698/4064/1355
f 678/4066/1356 679/4068/1356 699/4067/1356
f 679/4069/1357 700/4071/1357 699/4070/1357
f 679/4072/1358 680/4074/1358 700/4073/1358
f 680/4075/1359 681/4077/1359 700/4076/1359
f 680/4078/1360 661/4080/1360 681/4079/1360
f 681/4081/1361 702/4083/1361 701/4082/1361
f 681/4084/1362 682/4086/1362 702/4085/1362
f 682/4087/1363 703/4089/1363 702/4088/1363
f 682/4090/1364 683/4092/1364 703/4091/1364
f 683/4093/1365 704/4095/1365 703/4094/1365
f 683/4096/1366 684/4098/1366 704/4097/1366
f 684/4099/1367 705/4101/1367 704/4100/1367
f 684/4102/1368 685/4104/1368 705/4103/1368
f 685/4105/1369 706/4107/1369 705/4106/1369
f 685/4108/1370 686/4110/1370 706/4109/1370
f 686/4111/1371 707/4113/1371 706/4112/1371
f 686/4114/1372 687/4116/1372 707/4115/1372
f 687/4117/1373 708/4119/1373 707/4118/1373
f 687/4120/1374 688/4122/1374 708/4121/1374
f 688/4123/1375 709/4125/1375 708/4124/1375
f 688/4126/1376 689/4128/1376 709/4127/1376
f 689/4129/1377 710/4131/1377 709/4130/1377
f 689/4132/1378 690/4134/1378 710/4133/1378
f 690/4135/1379 711/4137/1379 710/4136/1379
f 690/4138/1380 691/4140/1380 711/4139/1380
f 691/4141/1381 712/4143/1381 711/4142/1381
f 691/4144/1382 692/4146/1382 712/4145/1382
f 692/4147/1383 713/4149/1383 712/4148/1383
f 692/4150/1384 693/4152/1384 713/4151/1384
f 693/4153/1385 714/4155/1385 713/4154/1385
f 693/4156/1386 694/4158/1386 714/4157/1386
f 694/4159/1387 715/4161/1387 714/4160/1387
f 694/4162/1388 695/4164/1388 715/4163/1388
f 695/4165/1389 716/4167/1389 715/4166/1389
f 695/4168/1390 696/4170/1390 716/4169/1390
f 696/4171/1391 717/4173/1391 716/4172/1391
f 696/4174/1392 697/4176/1392 717/4175/1392
f 697/4177/1393 718/4179/1393 717/4178/1393
f 697/4180/1394 698/4182/1394 718/4181/1394
f 698/4183/1395 719/4185/1395 718/4184/1395
f 698/4186/1396 699/4188/1396 719/4187/1396
f 699/4189/1397 720/4191/1397 719/4190/1397
f 699/4192/1398 700/4194/1398 720/4193/1398
f 700/4195/1399 701/4197/1399 720/4196/1399
f 700/4198/1400 681/4200/1400 701/4199/1400
f 701/4201/1401 722/4203/1401 721/4202/1401
f 701/4204/1402 702/4206/1402 722/4205/1402
f 702/4207/1403 723/4209/1403 722/4208/1403
f 702/4210/1404 703/4212/1404 723/4211/1404
f 703/4213/1405 724/4215/1405 723/4214/1405
f 703/4216/1406 704/4218/1406 724/4217/1406
f 704/4219/1407 725/4221/1407 724/4220/1407
f 704/4222/1408 705/4224/1408 725/4223/1408
f 705/4225/1409 726/4227/1409 725/4226/1409
f 705/4228/1410 706/4230/1410 726/4229/1410
f 706/4231/1411 727/4233/1411 726/4232/1411
f 706/4234/1412 707/4236/1412 727/4235/1412
f 707/4237/1413 728/4239/1413 727/4238/1413
f 707/4240/1414 708/4242/1414 728/4241/1414
f 708/4243/1415 729/4245/1415 728/4244/1415
f 708/4246/1416 709/4248/1416 729/4247/1416
f 709/4249/1417 730/4251/1417 729/4250/1417
f 709/4252/1418 710/4254/1418 730/4253/1418
f 710/4255/1419 731/4257/1419 730/4256/1419
f 710/4258/1420 711/4260/1420 731/4259/1420
f 711/4261/1421 732/4263/1421 731/4262/1421
f 711/4264/1422 712/4266/1422 732/4265/1422
f 712/4267/1423 733/4269/1423 732/4268/1423
f 712/4270/1424 713/4272/1424 733/4271/1424
f 713/4273/1425 734/4275/1425 733/4274/1425
f 713/4276/1426 714/4278/1426 734/4277/1426
f 714/4279/1427 735/4281/1427 734/4280/1427
f 714/4282/1428 715/4284/1428 735/4283/1428
f 715/4285/1429 736/4287/1429 735/4286/1429
f 715/4288/1430 716/4290/1430 736/4289/1430
f 716/4291/1431 737/4293/1431 736/4292/1431
f 716/4294/1432 717/4296/1432 737/4295/1432
f 717/4297/1433 738/4299/1433 737/4298/1433
f 717/4300/1434 718/4302/1434 738/4301/1434
f 718/4303/1435 739/4305/1435 738/4304/1435
f 718/4306/1436 719/4308/1436 739/4307/1436
f 719/4309/1437 740/4311/1437 739/4310/1437
f 719/4312/1438 720/4314/1438 740/4313/1438
f 720/4315/1439 721/4317/1439 740/4316/1439
f 720/4318/1440 701/4320/1440 721/4319/1440
g span_03
usemtl coating_span03
s off
f 721/4321/1441 742/4323/1441 741/4322/1441
f 721/4324/1442 722/4326/1442 742/4325/1442
f 722/4327/1443 743/4329/1443 742/4328/1443
f 722/4330/1444 723/4332/1444 743/4331/1444
f 723/4333/1445 744/4335/1445 743/4334/1445
f 723/4336/1446 724/4338/1446 744/4337/1446
f 724/4339/1447 745/4341/1447 744/4340/1447
f 724/4342/1448 725/4344/1448 745/4343/1448
f 725/4345/1449 746/4347/1449 745/4346/1449
f 725/4348/1450 726/4350/1450 746/4349/1450
f 726/4351/1451 747/4353/1451 746/4352/1451
f 726/4354/1452 727/4356/1452 747/4355/1452
f 727/4357/1453 748/4359/1453 747/4358/1453
f 727/4360/1454 728/4362/1454 748/4361/1454
f 728/4363/1455 749/4365/1455 748/4364/1455
f 728/4366/1456 729/4368/1456 749/4367/1456
f 729/4369/1457 750/4371/1457 749/4370/1457
f 729/4372/1458 730/4374/1458 750/4373/1458
f 730/4375/1459 751/4377/1459 750/4376/1459
f 730/4378/1460 731/4380/1460 751/4379/1460
f 731/4381/1461 752/4383/1461 751/4382/1461
f 731/4384/1462 732/4386/1462 752/4385/1462
f 732/4387/1463 753/4389/1463 752/4388/1463
f 732/4390/1464 733/4392/1464 753/4391/1464
f 733/4393/1465 754/4395/1465 753/4394/1465
f 733/4396/1466 734/4398/1466 754/4397/1466
f 734/4399/1467 755/4401/1467 754/4400/1467
f 734/4402/1468 735/4404/1468 755/4403/1468
f 735/4405/1469 756/4407/1469 755/4406/1469
f 735/4408/1470 736/4410/1470 756/4409/1470
f 736/4411/1471 757/4413/1471 756/4412/1471
f 736/4414/1472 737/4416/1472 757/4415/1472
f 737/4417/1473 758/4419/1473 757/4418/1473
f 737/4420/1474 738/4422/1474 758/4421/1474
f 738/4423/1475 759/4425/1475 758/4424/1475
f 738/4426/1476 739/4428/1476 759/4427/1476
f 739/4429/1477 760/4431/1477 759/4430/1477
f 739/4432/1478 740/4434/1478 760/4433/1478
f 740/4435/1479 741/4437/1479 760/4436/1479
f 740/4438/1480 721/4440/1480 741/4439/1480
f 741/4441/1481 762/4443/1481 761/4442/1481
f 741/4444/1482 742/4446/1482 762/4445/1482
f 742/4447/1483 763/4449/1483 762/4448/1483
f 742/4450/1484 743/4452/1484 763/4451/1484
f 743/4453/1485 764/4455/1485 763/4454/1485
f 743/4456/1486 744/4458/1486 764/4457/1486
f 744/4459/1487 765/4461/1487 764/4460/1487
f 744/4462/1488 745/4464/1488 765/4463/1488
f 745/4465/1489 766/4467/1489 765/4466/1489
f 745/4468/1490 746/4470/1490 766/4469/1490
f 746/4471/1491 767/4473/1491 766/4472/1491
f 746/4474/1492 747/4476/1492 767/4475/1492
f 747/4477/1493 768/4479/1493 767/4478/1493
f 747/4480/1494 748/4482/1494 768/4481/1494
f 748/4483/1495 769/4485/1495 768/4484/1495
f 748/4486/1496 749/4488/1496 769/4487/1496
f 749/4489/1497 770/4491/1497 769/4490/1497
f 749/4492/1498 750/4494/1498 770/4493/1498
f 750/4495/1499 771/4497/1499 770/4496/1499
f 750/4498/1500 751/4500/1500 771/4499/1500
f 751/4501/1501 772/4503/1501 771/4502/1501
f 751/4504/1502 752/4506/1502 772/4505/1502
f 752/4507/1503 773/4509/1503 772/4508/1503
f 752/4510/1504 753/4512/1504 773/4511/1504
f 753/4513/1505 774/4515/1505 773/4514/1505
f 753/4516/1506 754/4518/1506 774/4517/1506
f 754/4519/1507 775/4521/1507 774/4520/1507
f 754/4522/1508 755/4524/1508 775/4523/1508
f 755/4525/1509 776/4527/1509 775/4526/1509
f 755/4528/1510 756/4530/1510 776/4529/1510
f 756/4531/1511 777/4533/1511 776/4532/1511
f 756/4534/1512 757/4536/1512 777/4535/1512
f 757/4537/1513 778/4539/1513 777/4538/1513
f 757/4540/1514 758/4542/1514 778/4541/1514
f 758/4543/1515 779/4545/1515 778/4544/1515
f 758/4546/1516 759/4548/1516 779/4547/1516
f 759/4549/1517 780/4551/1517 779/4550/1517
f 759/4552/1518 760/4554/1518 780/4553/1518
f 760/4555/1519 761/4557/1519 780/4556/1519
f 760/4558/1520 741/4560/1520 761/4559/1520
f 761/4561/1521 782/4563/1521 781/4562/1521
f 761/4564/1522 762/4566/1522 782/4565/1522
f 762/4567/1523 783/4569/1523 782/4568/1523
f 762/4570/1524 763/4572/1524 783/4571/1524
f 763/4573/1525 784/4575/1525 783/4574/1525
f 763/4576/1526 764/4578/1526 784/4577/1526
f 764/4579/1527 785/4581/1527 784/4580/1527
f 764/4582/1528 765/4584/1528 785/4583/1528
f 765/4585/1529 786/4587/1529 785/4586/1529
f 765/4588/1530 766/4590/1530 786/4589/1530
f 766/4591/1531 787/4593/1531 786/4592/1531
f 766/4594/1532 767/4596/1532 787/4595/1532
f 767/4597/1533 788/4599/1533 787/4598/1533
f 767/4600/1534 768/4602/1534 788/4601/1534
f 768/4603/1535 789/4605/1535 788/4604/1535
f 768/4606/1536 769/4608/1536 789/4607/1536
f 769/4609/1537 790/4611/1537 789/4610/1537
f 769/4612/1538 770/4614/1538 790/4613/1538
f 770/4615/1539 791/4617/1539 790/4616/1539
f 770/4618/1540 771/4620/1540 791/4619/1540
f 771/4621/1541 792/4623/1541 791/4622/1541
f 771/4624/1542 772/4626/1542 792/4625/1542
f 772/4627/1543 793/4629/1543 792/4628/1543
f 772/4630/1544 773/4632/1544 793/4631/1544
f 773/4633/1545 794/4635/1545 793/4634/1545
f 773/4636/1546 774/4638/1546 794/4637/1546
f 774/4639/1547 795/4641/1547 794/4640/1547
f 774/4642/1548 775/4644/1548 795/4643/1548
f 775/4645/1549 796/4647/1549 795/4646/1549
f 775/4648/1550 776/4650/1550 796/4649/1550
f 776/4651/1551 797/4653/1551 796/4652/1551
f 776/4654/1552 777/4656/1552 797/4655/1552
f 777/4657/1553 798/4659/1553 797/4658/1553
f 777/4660/1554 778/4662/1554 798/4661/1554
f 778/4663/1555 799/4665/1555 798/4664/1555
f 778/4666/1556 779/4668/1556 799/4667/1556
f 779/4669/1557 800/4671/1557 799/4670/1557
f 779/4672/1558 780/4674/1558 800/4673/1558
f 780/4675/1559 781/4677/1559 800/4676/1559
f 780/4678/1560 761/4680/1560 781/4679/1560
f 781/4681/1561 802/4683/1561 801/4682/1561
f 781/4684/1562 782/4686/1562 802/4685/1562
f 782/4687/1563 803/4689/1563 802/4688/1563
f 782/4690/1564 783/4692/1564 803/4691/1564
f 783/4693/1565 804/4695/1565 803/4694/1565
f 783/4696/1566 784/4698/1566 804/4697/1566
f 784/4699/1567 805/4701/1567 804/4700/1567
f 784/4702/1568 785/4704/1568 805/4703/1568
f 785/4705/1569 806/4707/1569 805/4706/1569
f 785/4708/1570 786/4710/1570 806/4709/1570
f 786/4711/1571 807/4713/1571 806/4712/1571
f 786/4714/1572 787/4716/1572 807/4715/1572
f 787/4717/1573 808/4719/1573 807/4718/1573
f 787/4720/1574 788/4722/1574 808/4721/1574
f 788/4723/1575 809/4725/1575 808/4724/1575
f 788/4726/1576 789/4728/1576 809/4727/1576
f 789/4729/1577 810/4731/1577 809/4730/1577
f 789/4732/1578 790/4734/1578 810/4733/1578
f 790/4735/1579 811/4737/1579 810/4736/1579
f 790/4738/1580 791/4740/1580 811/4739/1580
f 791/4741/1581 812/4743/1581 811/4742/1581
f 791/4744/1582 792/4746/1582 812/4745/1582
f 792/4747/1583 813/4749/1583 812/4748/1583
f 792/4750/1584 793/4752/1584 813/4751/1584
f 793/4753/1585 814/4755/1585 813/4754/1585
f 793/4756/1586 794/4758/1586 814/4757/1586
f 794/4759/1587 815/4761/1587 814/4760/1587
f 794/4762/1588 795/4764/1588 815/4763/1588
f 795/4765/1589 816/4767/1589 815/4766/1589
f 795/4768/1590 796/4770/1590 816/4769/1590
f 796/4771/1591 817/4773/1591 816/4772/1591
f 796/4774/1592 797/4776/1592 817/4775/1592
f 797/4777/1593 818/4779/1593 817/4778/1593
f 797/4780/1594 798/4782/1594 818/4781/1594
f 798/4783/1595 819/4785/1595 818/4784/1595
f 798/4786/1596 799/4788/1596 819/4787/1596
f 799/4789/1597 820/4791/1597 819/4790/1597
f 799/4792/1598 800/4794/1598 820/4793/1598
f 800/4795/1599 801/4797/1599 820/4796/1599
f 800/4798/1600 781/4800/1600 801/4799/1600
f 801/4801/1601 822/4803/1601 821/4802/1601
f 801/4804/1602 802/4806/1602 822/4805/1602
f 802/4807/1603 823/4809/1603 822/4808/1603
f 802/4810/1604 803/4812/1604 823/4811/1604
f 803/4813/1605 824/4815/1605 823/4814/1605
f 803/4816/1606 804/4818/1606 824/4817/1606
f 804/4819/1607 825/4821/1607 824/4820/1607
f 804/4822/1608 805/4824/1608 825/4823/1608
f 805/4825/1609 826/4827/1609 825/4826/1609
f 805/4828/1610 806/4830/1610 826/4829/1610
f 806/4831/1611 827/4833/1611 826/4832/1611
f 806/4834/1612 807/4836/1612 827/4835/1612
f 807/4837/1613 828/4839/1613 827/4838/1613
f 807/4840/1614 808/4842/1614 828/4841/1614
f 808/4843/1615 829/4845/1615 828/4844/1615
f 808/4846/1616 809/4848/1616 829/4847/1616
f 809/4849/1617 830/4851/1617 829/4850/1617
f 809/4852/1618 810/4854/1618 830/4853/1618
f 810/4855/1619 831/4857/1619 830/4856/1619
f 810/4858/1620 811/4860/1620 831/4859/1620
f 811/4861/1621 832/4863/1621 831/4862/1621
f 811/4864/1622 812/4866/1622 832/4865/1622
f 812/4867/1623 833/4869/1623 832/4868/1623
f 812/4870/1624 813/4872/1624 833/4871/1624
f 813/4873/1625 834/4875/1625 833/4874/1625
f 813/4876/1626 814/4878/1626 834/4877/1626
f 814/4879/1627 835/4881/1627 834/4880/1627
f 814/4882/1628 815/4884/1628 835/4883/1628
f 815/4885/1629 836/4887/1629 835/4886/1629
f 815/4888/1630 816/4890/1630 836/4889/1630
f 816/4891/1631 837/4893/1631 836/4892/1631
f 816/4894/1632 817/4896/1632 837/4895/1632
f 817/4897/1633 838/4899/1633 837/4898/1633
f 817/4900/1634 818/4902/1634 838/4901/1634
f 818/4903/1635 839/4905/1635 838/4904/1635
f 818/4906/1636 819/4908/1636 839/4907/1636
f 819/4909/1637 840/4911/1637 839/4910/1637
f 819/4912/1638 820/4914/1638 840/4913/1638
f 820/4915/1639 821/4917/1639 840/4916/1639
f 820/4918/1640 801/4920/1640 821/4919/1640
f 821/4921/1641 842/4923/1641 841/4922/1641
f 821/4924/1642 822/4926/1642 842/4925/1642
f 822/4927/1643 843/4929/1643 842/4928/1643
f 822/4930/1644 823/4932/1644 843/4931/1644
f 823/4933/1645 844/4935/1645 843/4934/1645
f 823/4936/1646 824/4938/1646 844/4937/1646
f 824/4939/1647 845/4941/1647 844/4940/1647
f 824/4942/1648 825/4944/1648 845/4943/1648
f 825/4945/1649 846/4947/1649 845/4946/1649
f 825/4948/1650 826/4950/1650 846/4949/1650
f 826/4951/1651 847/4953/1651 846/4952/1651
f 826/4954/1652 827/4956/1652 847/4955/1652
f 827/4957/1653 848/4959/1653 847/4958/1653
f 827/4960/1654 828/4962/1654 848/4961/1654
f 828/4963/1655 849/4965/1655 848/4964/1655
f 828/4966/1656 829/4968/1656 849/4967/1656
f 829/4969/1657 850/4971/1657 849/4970/1657
f 829/4972/1658 830/4974/1658 850/4973/1658
f 830/4975/1659 851/4977/1659 850/4976/1659
f 830/4978/1660 831/4980/1660 851/4979/1660
f 831/4981/1661 852/4983/1661 851/4982/1661
f 831/4984/1662 832/4986/1662 852/4985/1662
f 832/4987/1663 853/4989/1663 852/4988/1663
f 832/4990/1664 833/4992/1664 853/4991/1664
f 833/4993/1665 854/4995/1665 853/4994/1665
f 833/4996/1666 834/4998/1666 854/4997/1666
f 834/4999/1667 855/5001/1667 854/5000/1667
f 834/5002/1668 835/5004/1668 855/5003/1668
f 835/5005/1669 856/5007/1669 855/5006/1669
f 835/5008/1670 836/5010/1670 856/5009/1670
f 836/5011/1671 857/5013/1671 856/5012/1671
f 836/5014/1672 837/5016/1672 857/5015/1672
f 837/5017/1673 858/5019/1673 857/5018/1673
f 837/5020/1674 838/5022/1674 858/5021/1674
f 838/5023/1675 859/5025/1675 858/5024/1675
f 838/5026/1676 839/5028/1676 859/5027/1676
f 839/5029/1677 860/5031/1677 859/5030/1677
f 839/5032/1678 840/5034/1678 860/5033/1678
f 840/5035/1679 841/5037/1679 860/5036/1679
f 840/5038/1680 821/5040/1680 841/5039/1680
f 841/5041/1681 862/5043/1681 861/5042/1681
f 841/5044/1682 842/5046/1682 862/5045/1682
f 842/5047/1683 863/5049/1683 862/5048/1683
f 842/5050/1684 843/5052/1684 863/5051/1684
f 843/5053/1685 864/5055/1685 863/5054/1685
f 843/5056/1686 844/5058/1686 864/5057/1686
f 844/5059/1687 865/5061/1687 864/5060/1687
f 844/5062/1688 845/5064/1688 865/5063/1688
f 845/5065/1689 866/5067/1689 865/5066/1689
f 845/5068/1690 846/5070/1690 866/5069/1690
f 846/5071/1691 867/5073/1691 866/5072/1691
f 846/5074/1692 847/5076/1692 867/5075/1692
f 847/5077/1693 868/5079/1693 867/5078/1693
f 847/5080/1694 848/5082/1694 868/5081/1694
f 848/5083/1695 869/5085/1695 868/5084/1695
f 848/5086/1696 849/5088/1696 869/5087/1696
f 849/5089/1697 870/5091/1697 869/5090/1697
f 849/5092/1698 850/5094/1698 870/5093/1698
f 850/5095/1699 871/5097/1699 870/5096/1699
f 850/5098/1700 851/5100/1700 871/5099/1700
f 851/5101/1701 872/5103/1701 871/5102/1701
f 851/5104/1702 852/5106/1702 872/5105/1702
f 852/5107/1703 873/5109/1703 872/5108/1703
f 852/5110/1704 853/5112/1704 873/5111/1704
f 853/5113/1705 874/5115/1705 873/5114/1705
f 853/5116/1706 854/5118/1706 874/5117/1706
f 854/5119/1707 875/5121/1707 874/5120/1707
f 854/5122/1708 855/5124/1708 875/5123/1708
f 855/5125/1709 876/5127/1709 875/5126/1709
f 855/5128/1710 856/5130/1710 876/5129/1710
f 856/5131/1711 877/5133/1711 876/5132/1711
f 856/5134/1712 857/5136/1712 877/5135/1712
f 857/5137/1713 878/5139/1713 877/5138/1713
f 857/5140/1714 858/5142/1714 878/5141/1714
f 858/5143/1715 879/5145/1715 878/5144/1715
f 858/5146/1716 859/5148/1716 879/5147/1716
f 859/5149/1717 880/5151/1717 879/5150/1717
f 859/5152/1718 860/5154/1718 880/5153/1718
f 860/5155/1719 861/5157/1719 880/5156/1719
f 860/5158/1720 841/5160/1720 861/5159/1720
f 861/5161/1721 882/5163/1721 881/5162/1721
f 861/5164/1722 862/5166/1722 882/5165/1722
f 862/5167/1723 883/5169/1723 882/5168/1723
f 862/5170/1724 863/5172/1724 883/5171/1724
f 863/5173/1725 884/5175/1725 883/5174/1725
f 863/5176/1726 864/5178/1726 884/5177/1726
f 864/5179/1727 885/5181/1727 884/5180/1727
f 864/5182/1728 865/5184/1728 885/5183/1728
f 865/5185/1729 886/5187/1729 885/5186/1729
f 865/5188/1730 866/5190/1730 886/5189/1730
f 866/5191/1731 887/5193/1731 886/5192/1731
f 866/5194/1732 867/5196/1732 887/5195/1732
f 867/5197/1733 888/5199/1733 887/5198/1733
f 867/5200/1734 868/5202/1734 888/5201/1734
f 868/5203/1735 889/5205/1735 888/5204/1735
f 868/5206/1736 869/5208/1736 889/5207/1736
f 869/5209/1737 890/5211/1737 889/5210/1737
f 869/5212/1738 870/5214/1738 890/5213/1738
f 870/5215/1739 891/5217/1739 890/5216/1739
f 870/5218/1740 871/5220/1740 891/5219/1740
f 871/5221/1741 892/5223/1741 891/5222/1741
f 871/5224/1742 872/5226/1742 892/5225/1742
f 872/5227/1743 893/5229/1743 892/5228/1743
f 872/5230/1744 873/5232/1744 893/5231/1744
f 873/5233/1745 894/5235/1745 893/5234/1745
f 873/5236/1746 874/5238/1746 894/5237/1746
f 874/5239/1747 895/5241/1747 894/5240/1747
f 874/5242/1748 875/5244/1748 895/5243/1748
f 875/5245/1749 896/5247/1749 895/5246/1749
f 875/5248/1750 876/5250/1750 896/5249/1750
f 876/5251/1751 897/5253/1751 896/5252/1751
f 876/5254/1752 877/5256/1752 897/5255/1752
f 877/5257/1753 898/5259/1753 897/5258/1753
f 877/5260/1754 878/5262/1754 898/5261/1754
f 878/5263/1755 899/5265/1755 898/5264/1755
f 878/5266/1756 879/5268/1756 899/5267/1756
f 879/5269/1757 900/5271/1757 899/5270/1757
f 879/5272/1758 880/5274/1758 900/5273/1758
f 880/5275/1759 881/5277/1759 900/5276/1759
f 880/5278/1760 861/5280/1760 881/5279/1760
f 881/5281/1761 902/5283/1761 901/5282/1761
f 881/5284/1762 882/5286/1762 902/5285/1762
f 882/5287/1763 903/5289/1763 902/5288/1763
f 882/5290/1764 883/5292/1764 903/5291/1764
f 883/5293/1765 904/5295/1765 903/5294/1765
f 883/5296/1766 884/5298/1766 904/5297/1766
f 884/5299/1767 905/5301/1767 904/5300/1767
f 884/5302/1768 885/5304/1768 905/5303/1768
f 885/5305/1769 906/5307/1769 905/5306/1769
f 885/5308/1770 886/5310/1770 906/5309/1770
f 886/5311/1771 907/5313/1771 906/5312/1771
f 886/5314/1772 887/5316/1772 907/5315/1772
f 887/5317/1773 908/5319/1773 907/5318/1773
f 887/5320/1774 888/5322/1774 908/5321/1774
f 888/5323/1775 909/5325/1775 908/5324/1775
f 888/5326/1776 889/5328/1776 909/5327/1776
f 889/5329/1777 910/5331/1777 909/5330/1777
f 889/5332/1778 890/5334/1778 910/5333/1778
f 890/5335/1779 911/5337/1779 910/5336/1779
f 890/5338/1780 891/5340/1780 911/5339/1780
f 891/5341/1781 912/5343/1781 911/5342/1781
f 891/5344/1782 892/5346/1782 912/5345/1782
f 892/5347/1783 913/5349/1783 912/5348/1783
f 892/5350/1784 893/5352/1784 913/5351/1784
f 893/5353/1785 914/5355/1785 913/5354/1785
f 893/5356/1786 894/5358/1786 914/5357/1786
f 894/5359/1787 915/5361/1787 914/5360/1787
f 894/5362/1788 895/5364/1788 915/5363/1788
f 895/5365/1789 916/5367/1789 915/5366/1789
f 895/5368/1790 896/5370/1790 916/5369/1790
f 896/5371/1791 917/5373/1791 916/5372/1791
f 896/5374/1792 897/5376/1792 917/5375/1792
f 897/5377/1793 918/5379/1793 917/5378/1793
f 897/5380/1794 898/5382/1794 918/5381/1794
f 898/5383/1795 919/5385/1795 918/5384/1795
f 898/5386/1796 899/5388/1796 919/5387/1796
f 899/5389/1797 920/5391/1797 919/5390/1797
f 899/5392/1798 900/5394/1798 920/5393/1798
f 900/5395/1799 901/5397/1799 920/5396/1799
f 900/5398/1800 881/5400/1800 901/5399/1800
f 901/5401/1801 922/5403/1801 921/5402/1801
f 901/5404/1802 902/5406/1802 922/5405/1802
f 902/5407/1803 923/5409/1803 922/5408/1803
f 902/5410/1804 903/5412/1804 923/5411/1804
f 903/5413/1805 924/5415/1805 923/5414/1805
f 903/5416/1806 904/5418/1806 924/5417/1806
f 904/5419/1807 925/5421/1807 924/5420/1807
f 904/5422/1808 905/5424/1808 925/5423/1808
f 905/5425/1809 926/5427/1809 925/5426/1809
f 905/5428/1810 906/5430/1810 926/5429/1810
f 906/5431/1811 927/5433/1811 926/5432/1811
f 906/5434/1812 907/5436/1812 927/5435/1812
f 907/5437/1813 928/5439/1813 927/5438/1813
f 907/5440/1814 908/5442/1814 928/5441/1814
f 908/5443/1815 929/5445/1815 928/5444/1815
f 908/5446/1816 909/5448/1816 929/5447/1816
f 909/5449/1817 930/5451/1817 929/5450/1817
f 909/5452/1818 910/5454/1818 930/5453/1818
f 910/5455/1819 931/5457/1819 930/5456/1819
f 910/5458/1820 911/5460/1820 931/5459/1820
f 911/5461/1821 932/5463/1821 931/5462/1821
f 911/5464/1822 912/5466/1822 932/5465/1822
f 912/5467/1823 933/5469/1823 932/5468/1823
f 912/5470/1824 913/5472/1824 933/5471/1824
f 913/5473/1825 934/5475/1825 933/5474/1825
f 913/5476/1826 914/5478/1826 934/5477/1826
f 914/5479/1827 935/5481/1827 934/5480/1827
f 914/5482/1828 915/5484/1828 935/5483/1828
f 915/5485/1829 936/5487/1829 935/5486/1829
f 915/5488/1830 916/5490/1830 936/5489/1830
f 916/5491/1831 937/5493/1831 936/5492/1831
f 916/5494/1832 917/5496/1832 937/5495/1832
f 917/5497/1833 938/5499/1833 937/5498/1833
f 917/5500/1834 918/5502/1834 938/5501/1834
f 918/5503/1835 939/5505/1835 938/5504/1835
f 918/5506/1836 919/5508/1836 939/5507/1836
f 919/5509/1837 940/5511/1837 939/5510/1837
f 919/5512/1838 920/5514/1838 940/5513/1838
f 920/5515/1839 921/5517/1839 940/5516/1839
f 920/5518/1840 901/5520/1840 921/5519/1840
f 921/5521/1841 942/5523/1841 941/5522/1841
f 921/5524/1842 922/5526/1842 942/5525/1842
f 922/5527/1843 943/5529/1843 942/5528/1843
f 922/5530/1844 923/5532/1844 943/5531/1844
f 923/5533/1845 944/5535/1845 943/5534/1845
f 923/5536/1846 924/5538/1846 944/5537/1846
f 924/5539/1847 945/5541/1847 944/5540/1847
f 924/5542/1848 925/5544/1848 945/5543/1848
f 925/5545/1849 946/5547/1849 945/5546/1849
f 925/5548/1850 926/5550/1850 946/5549/1850
f 926/5551/1851 947/5553/1851 946/5552/1851
f 926/5554/1852 927/5556/1852 947/5555/1852
f 927/5557/1853 948/5559/1853 947/5558/1853
f 927/5560/1854 928/5562/1854 948/5561/1854
f 928/5563/1855 949/5565/1855 948/5564/1855
f 928/5566/1856 929/5568/1856 949/5567/1856
f 929/5569/1857 950/5571/1857 949/5570/1857
f 929/5572/1858 930/5574/1858 950/5573/1858
f 930/5575/1859 951/5577/1859 950/5576/1859
f 930/5578/1860 931/5580/1860 951/5579/1860
f 931/5581/1861 952/5583/1861 951/5582/1861
f 931/5584/1862 932/5586/1862 952/5585/1862
f 932/5587/1863 953/5589/1863 952/5588/1863
f 932/5590/1864 933/5592/1864 953/5591/1864
f 933/5593/1865 954/5595/1865 953/5594/1865
f 933/5596/1866 934/5598/1866 954/5597/1866
f 934/5599/1867 955/5601/1867 954/5600/1867
f 934/5602/1868 935/5604/1868 955/5603/1868
f 935/5605/1869 956/5607/1869 955/5606/1869
f 935/5608/1870 936/5610/1870 956/5609/1870
f 936/5611/1871 957/5613/1871 956/5612/1871
f 936/5614/1872 937/5616/1872 957/5615/1872
f 937/5617/1873 958/5619/1873 957/5618/1873
f 937/5620/1874 938/5622/1874 958/5621/1874
f 938/5623/1875 959/5625/1875 958/5624/1875
f 938/5626/1876 939/5628/1876 959/5627/1876
f 939/5629/1877 960/5631/1877 959/5630/1877
f 939/5632/1878 940/5634/1878 960/5633/1878
f 940/5635/1879 941/5637/1879 960/5636/1879
f 940/5638/1880 921/5640/1880 941/5639/1880
g span_04
usemtl coating_span04
s off
f 941/5641/1881 962/5643/1881 961/5642/1881
f 941/5644/1882 942/5646/1882 962/5645/1882
f 942/5647/1883 963/5649/1883 962/5648/1883
f 942/5650/1884 943/5652/1884 963/5651/1884
f 943/5653/1885 964/5655/1885 963/5654/1885
f 943/5656/1886 944/5658/1886 964/5657/1886
f 944/5659/1887 965/5661/1887 964/5660/1887
f 944/5662/1888 945/5664/1888 965/5663/1888
f 945/5665/1889 966/5667/1889 965/5666/1889
f 945/5668/1890 946/5670/1890 966/5669/1890
f 946/5671/1891 967/5673/1891 966/5672/1891
f 946/5674/1892 947/5676/1892 967/5675/1892
f 947/5677/1893 968/5679/1893 967/5678/1893
f 947/5680/1894 948/5682/1894 968/5681/1894
f 948/5683/1895 969/5685/1895 968/5684/1895
f 948/5686/1896 949/5688/1896 969/5687/1896
f 949/5689/1897 970/5691/1897 969/5690/1897
f 949/5692/1898 950/5694/1898 970/5693/1898
f 950/5695/1899 971/5697/1899 970/5696/1899
f 950/5698/1900 951/5700/1900 971/5699/1900
f 951/5701/1901 972/5703/1901 971/5702/1901
f 951/5704/1902 952/5706/1902 972/5705/1902
f 952/5707/1903 973/5709/1903 972/5708/1903
f 952/5710/1904 953/5712/1904 973/5711/1904
f 953/5713/1905 974/5715/1905 973/5714/1905
f 953/5716/1906 954/5718/1906 974/5717/1906
f 954/5719/1907 975/5721/1907 974/5720/1907
f 954/5722/1908 955/5724/1908 975/5723/1908
f 955/5725/1909 976/5727/1909 975/5726/1909
f 955/5728/1910 956/5730/1910 976/5729/1910
f 956/5731/1911 977/5733/1911 976/5732/1911
f 956/5734/1912 957/5736/1912 977/5735/1912
f 957/5737/1913 978/5739/1913 977/5738/1913
f 957/5740/1914 958/5742/1914 978/5741/1914
f 958/5743/1915 979/5745/1915 978/5744/1915
f 958/5746/1916 959/5748/1916 979/5747/1916
f 959/5749/1917 980/5751/1917 979/5750/1917
f 959/5752/1918 960/5754/1918 980/5753/1918
f 960/5755/1919 961/5757/1919 980/5756/1919
f 960/5758/1920 941/5760/1920 961/5759/1920
f 961/5761/1921 982/5763/1921 981/5762/1921
f 961/5764/1922 962/5766/1922 982/5765/1922
f 962/5767/1923 983/5769/1923 982/5768/1923
f 962/5770/1924 963/5772/1924 983/5771/1924
f 963/5773/1925 984/5775/1925 983/5774/1925
f 963/5776/1926 964/5778/1926 984/5777/1926
f 964/5779/1927 985/5781/1927 984/5780/1927
f 964/5782/1928 965/5784/1928 985/5783/1928
f 965/5785/1929 986/5787/1929 985/5786/1929
f 965/5788/1930 966/5790/1930 986/5789/1930
f 966/5791/1931 987/5793/1931 986/5792/1931
f 966/5794/1932 967/5796/1932 987/5795/1932
f 967/5797/1933 988/5799/1933 987/5798/1933
f 967/5800/1934 968/5802/1934 988/5801/1934
f 968/5803/1935 989/5805/1935 988/5804/1935
f 968/5806/1936 969/5808/1936 989/5807/1936
f 969/5809/1937 990/5811/1937 989/5810/1937
f 969/5812/1938 970/5814/1938 990/5813/1938
f 970/5815/1939 991/5817/1939 990/5816/1939
f 970/5818/1940 971/5820/1940 991/5819/1940
f 971/5821/1941 992/5823/1941 991/5822/1941
f 971/5824/1942 972/5826/1942 992/5825/1942
f 972/5827/1943 993/5829/1943 992/5828/1943
f 972/5830/1944 973/5832/1944 993/5831/1944
f 973/5833/1945 994/5835/1945 993/5834/1945
f 973/5836/1946 974/5838/1946 994/5837/1946
f 974/5839/1947 995/5841/1947 994/5840/1947
f 974/5842/1948 975/5844/1948 995/5843/1948
f 975/5845/1949 996/5847/1949 995/5846/1949
f 975/5848/1950 976/5850/1950 996/5849/1950
f 976/5851/1951 997/5853/1951 996/5852/1951
f 976/5854/1952 977/5856/1952 997/5855/1952
f 977/5857/1953 998/5859/1953 997/5858/1953
f 977/5860/1954 978/5862/1954 998/5861/1954
f 978/5863/1955 999/5865/1955 998/5864/1955
f 978/5866/1956 979/5868/1956 999/5867/1956
f 979/5869/1957 1000/5871/1957 999/5870/1957
f 979/5872/1958 980/5874/1958 1000/5873/1958
f 980/5875/1959 981/5877/1959 1000/5876/1959
f 980/5878/1960 961/5880/1960 981/5879/1960
f 981/5881/1961 1002/5883/1961 1001/5882/1961
f 981/5884/1962 982/5886/1962 1002/5885/1962
f 982/5887/1963 1003/5889/1963 1002/5888/1963
f 982/5890/1964 983/5892/1964 1003/5891/1964
f 983/5893/1965 1004/5895/1965 1003/5894/1965
f 983/5896/1966 984/5898/1966 1004/5897/1966
f 984/5899/1967 1005/5901/1967 1004/5900/1967
f 984/5902/1968 985/5904/1968 1005/5903/1968
f 985/5905/1969 1006/5907/1969 1005/5906/1969
f 985/5908/1970 986/5910/1970 1006/5909/1970
f 986/5911/1971 1007/5913/1971 1006/5912/1971
f 986/5914/1972 987/5916/1972 1007/5915/1972
f 987/5917/1973 1008/5919/1973 1007/5918/1973
f 987/5920/1974 988/5922/1974 1008/5921/1974
f 988/5923/1975 1009/5925/1975 1008/5924/1975
f 988/5926/1976 989/5928/1976 1009/5927/1976
f 989/5929/1977 1010/5931/1977 1009/5930/1977
f 989/5932/1978 990/5934/1978 1010/5933/1978
f 990/5935/1979 1011/5937/1979 1010/5936/1979
f 990/5938/1980 991/5940/1980 1011/5939/1980
f 991/5941/1981 1012/5943/1981 1011/5942/1981
f 991/5944/1982 992/5946/1982 1012/5945/1982
f 992/5947/1983 1013/5949/1983 1012/5948/1983
f 992/5950/1984 993/5952/1984 1013/5951/1984
f 993/5953/1985 1014/5955/1985 1013/5954/1985
f 993/5956/1986 994/5958/1986 1014/5957/1986
f 994/5959/1987 1015/5961/1987 1014/5960/1987
f 994/5962/1988 995/5964/1988 1015/5963/1988
f 995/5965/1989 1016/5967/1989 1015/5966/1989
f 995/5968/1990 996/5970/1990 1016/5969/1990
f 996/5971/1991 1017/5973/1991 1016/5972/1991
f 996/5974/1992 997/5976/1992 1017/5975/1992
f 997/5977/1993 1018/5979/1993 1017/5978/1993
f 997/5980/1994 998/5982/1994 1018/5981/1994
f 998/5983/1995 1019/5985/1995 1018/5984/1995
f 998/5986/1996 999/5988/1996 1019/5987/1996
f 999/5989/1997 1020/5991/1997 1019/5990/1997
f 999/5992/1998 1000/5994/1998 1020/5993/1998
f 1000/5995/1999 1001/5997/1999 1020/5996/1999
f 1000/5998/2000 981/6000/2000 1001/5999/2000
f 1001/6001/2001 1022/6003/2001 1021/6002/2001
f 1001/6004/2002 1002/6006/2002 1022/6005/2002
f 1002/6007/2003 1023/6009/2003 1022/6008/2003
f 1002/6010/2004 1003/6012/2004 1023/6011/2004
f 1003/6013/2005 1024/6015/2005 1023/6014/2005
f 1003/6016/2006 1004/6018/2006 1024/6017/2006
f 1004/6019/2007 1025/6021/2007 1024/6020/2007
f 1004/6022/2008 1005/6024/2008 1025/6023/2008
f 1005/6025/2009 1026/6027/2009 1025/6026/2009
f 1005/6028/2010 1006/6030/2010 1026/6029/2010
f 1006/6031/2011 1027/6033/2011 1026/6032/2011
f 1006/6034/2012 1007/6036/2012 1027/6035/2012
f 1007/6037/2013 1028/6039/2013 1027/6038/2013
f 1007/6040/2014 1008/6042/2014 1028/6041/2014
f 1008/6043/2015 1029/6045/2015 1028/6044/2015
f 1008/6046/2016 1009/6048/2016 1029/6047/2016
f 1009/6049/2017 1030/6051/2017 1029/6050/2017
f 1009/6052/2018 1010/6054/2018 1030/6053/2018
f 1010/6055/2019 1031/6057/2019 1030/6056/2019
f 1010/6058/2020 1011/6060/2020 1031/6059/2020
f 1011/6061/2021 1032/6063/2021 1031/6062/2021
f 1011/6064/2022 1012/6066/2022 1032/6065/2022
f 1012/6067/2023 1033/6069/2023 1032/6068/2023
f 1012/6070/2024 1013/6072/2024 1033/6071/2024
f 1013/6073/2025 1034/6075/2025 1033/6074/2025
f 1013/6076/2026 1014/6078/2026 1034/6077/2026
f 1014/6079/2027 1035/6081/2027 1034/6080/2027
f 1014/6082/2028 1015/6084/2028 1035/6083/2028
f 1015/6085/2029 1036/6087/2029 1035/6086/2029
f 1015/6088/2030 1016/6090/2030 1036/6089/2030
f 1016/6091/2031 1037/6093/2031 1036/6092/2031
f 1016/6094/2032 1017/6096/2032 1037/6095/2032
f 1017/6097/2033 1038/6099/2033 1037/6098/2033
f 1017/6100/2034 1018/6102/2034 1038/6101/2034
f 1018/6103/2035 1039/6105/2035 1038/6104/2035
f 1018/6106/2036 1019/6108/2036 1039/6107/2036
f 1019/6109/2037 1040/6111/2037 1039/6110/2037
f 1019/6112/2038 1020/6114/2038 1040/6113/2038
f 1020/6115/2039 1021/6117/2039 1040/6116/2039
f 1020/6118/2040 1001/6120/2040 1021/6119/2040
f 1021/6121/2041 1042/6123/2041 1041/6122/2041
f 1021/6124/2042 1022/6126/2042 1042/6125/2042
f 1022/6127/2043 1043/6129/2043 1042/6128/2043
f 1022/6130/2044 1023/6132/2044 1043/6131/2044
f 1023/6133/2045 1044/6135/2045 1043/6134/2045
f 1023/6136/2046 1024/6138/2046 1044/6137/2046
f 1024/6139/2047 1045/6141/2047 1044/6140/2047
f 1024/6142/2048 1025/6144/2048 1045/6143/2048
f 1025/6145/2049 1046/6147/2049 1045/6146/2049
f 1025/6148/2050 1026/6150/2050 1046/6149/2050
f 1026/6151/2051 1047/6153/2051 1046/6152/2051
f 1026/6154/2052 1027/6156/2052 1047/6155/2052
f 1027/6157/2053 1048/6159/2053 1047/6158/2053
f 1027/6160/2054 1028/6162/2054 1048/6161/2054
f 1028/6163/2055 1049/6165/2055 1048/6164/2055
f 1028/6166/2056 1029/6168/2056 1049/6167/2056
f 1029/6169/2057 1050/6171/2057 1049/6170/2057
f 1029/6172/2058 1030/6174/2058 1050/6173/2058
f 1030/6175/2059 1051/6177/2059 1050/6176/2059
f 1030/6178/2060 1031/6180/2060 1051/6179/2060
f 1031/6181/2061 1052/6183/2061 1051/6182/2061
f 1031/6184/2062 1032/6186/2062 1052/6185/2062
f 1032/6187/2063 1053/6189/2063 1052/6188/2063
f 1032/6190/2064 1033/6192/2064 1053/6191/2064
f 1033/6193/2065 1054/6195/2065 1053/6194/2065
f 1033/6196/2066 1034/6198/2066 1054/6197/2066
f 1034/6199/2067 1055/6201/2067 1054/6200/2067
f 1034/6202/2068 1035/6204/2068 1055/6203/2068
f 1035/6205/2069 1056/6207/2069 1055/6206/2069
f 1035/6208/2070 1036/6210/2070 1056/6209/2070
f 1036/6211/2071 1057/6213/2071 1056/6212/2071
f 1036/6214/2072 1037/6216/2072 1057/6215/2072
f 1037/6217/2073 1058/6219/2073 1057/6218/2073
f 1037/6220/2074 1038/6222/2074 1058/6221/2074
f 1038/6223/2075 1059/6225/2075 1058/6224/2075
f 1038/6226/2076 1039/6228/2076 1059/6227/2076
f 1039/6229/2077 1060/6231/2077 1059/6230/2077
f 1039/6232/2078 1040/6234/2078 1060/6233/2078
f 1040/6235/2079 1041/6237/2079 1060/6236/2079
f 1040/6238/2080 1021/6240/2080 1041/6239/2080
f 1041/6241/2081 1062/6243/2081 1061/6242/2081
f 1041/6244/2082 1042/6246/2082 1062/6245/2082
f 1042/6247/2083 1063/6249/2083 1062/6248/2083
f 1042/6250/2084 1043/6252/2084 1063/6251/2084
f 1043/6253/2085 1064/6255/2085 1063/6254/2085
f 1043/6256/2086 1044/6258/2086 1064/6257/2086
f 1044/6259/2087 1065/6261/2087 1064/6260/2087
f 1044/6262/2088 1045/6264/2088 1065/6263/2088
f 1045/6265/2089 1066/6267/2089 1065/6266/2089
f 1045/6268/2090 1046/6270/2090 1066/6269/2090
f 1046/6271/2091 1067/6273/2091 1066/6272/2091
f 1046/6274/2092 1047/6276/2092 1067/6275/2092
f 1047/6277/2093 1068/6279/2093 1067/6278/2093
f 1047/6280/2094 1048/6282/2094 1068/6281/2094
f 1048/6283/2095 1069/6285/2095 1068/6284/2095
f 1048/6286/2096 1049/6288/2096 1069/6287/2096
f 1049/6289/2097 1070/6291/2097 1069/6290/2097
f 1049/6292/2098 1050/6294/2098 1070/6293/2098
f 1050/6295/2099 1071/6297/2099 1070/6296/2099
f 1050/6298/2100 1051/6300/2100 1071/6299/2100
f 1051/6301/2101 1072/6303/2101 1071/6302/2101
f 1051/6304/2102 1052/6306/2102 1072/6305/2102
f 1052/6307/2103 1073/6309/2103 1072/6308/2103
f 1052/6310/2104 1053/6312/2104 1073/6311/2104
f 1053/6313/2105 1074/6315/2105 1073/6314/2105
f 1053/6316/2106 1054/6318/2106 1074/6317/2106
f 1054/6319/2107 1075/6321/2107 1074/6320/2107
f 1054/6322/2108 1055/6324/2108 1075/6323/2108
f 1055/6325/2109 1076/6327/2109 1075/6326/2109
f 1055/6328/2110 1056/6330/2110 1076/6329/2110
f 1056/6331/2111 1077/6333/2111 1076/6332/2111
f 1056/6334/2112 1057/6336/2112 1077/6335/2112
f 1057/6337/2113 1078/6339/2113 1077/6338/2113
f 1057/6340/2114 1058/6342/2114 1078/6341/2114
f 1058/6343/2115 1079/6345/2115 1078/6344/2115
f 1058/6346/2116 1059/6348/2116 1079/6347/2116
f 1059/6349/2117 1080/6351/2117 1079/6350/2117
f 1059/6352/2118 1060/6354/2118 1080/6353/2118
f 1060/6355/2119 1061/6357/2119 1080/6356/2119
f 1060/6358/2120 1041/6360/2120 1061/6359/2120
f 1061/6361/2121 1082/6363/2121 1081/6362/2121
f 1061/6364/2122 1062/6366/2122 1082/6365/2122
f 1062/6367/2123 1083/6369/2123 1082/6368/2123
f 1062/6370/2124 1063/6372/2124 1083/6371/2124
f 1063/6373/2125 1084/6375/2125 1083/6374/2125
f 1063/6376/2126 1064/6378/2126 1084/6377/2126
f 1064/6379/2127 1085/6381/2127 1084/6380/2127
f 1064/6382/2128 1065/6384/2128 1085/6383/2128
f 1065/6385/2129 1086/6387/2129 1085/6386/2129
f 1065/6388/2130 1066/6390/2130 1086/6389/2130
f 1066/6391/2131 1087/6393/2131 1086/6392/2131
f 1066/6394/2132 1067/6396/2132 1087/6395/2132
f 1067/6397/2133 1088/6399/2133 1087/6398/2133
f 1067/6400/2134 1068/6402/2134 1088/6401/2134
f 1068/6403/2135 1089/6405/2135 1088/6404/2135
f 1068/6406/2136 1069/6408/2136 1089/6407/2136
f 1069/6409/2137 1090/6411/2137 1089/6410/2137
f 1069/6412/2138 1070/6414/2138 1090/6413/2138
f 1070/6415/2139 1091/6417/2139 1090/6416/2139
f 1070/6418/2140 1071/6420/2140 1091/6419/2140
f 1071/6421/2141 1092/6423/2141 1091/6422/2141
f 1071/6424/2142 1072/6426/2142 1092/6425/2142
f 1072/6427/2143 1093/6429/2143 1092/6428/2143
f 1072/6430/2144 1073/6432/2144 1093/6431/2144
f 1073/6433/2145 1094/6435/2145 1093/6434/2145
f 1073/6436/2146 1074/6438/2146 1094/6437/2146
f 1074/6439/2147 1095/6441/2147 1094/6440/2147
f 1074/6442/2148 1075/6444/2148 1095/6443/2148
f 1075/6445/2149 1096/6447/2149 1095/6446/2149
f 1075/6448/2150 1076/6450/2150 1096/6449/2150
f 1076/6451/2151 1097/6453/2151 1096/6452/2151
f 1076/6454/2152 1077/6456/2152 1097/6455/2152
f 1077/6457/2153 1098/6459/2153 1097/6458/2153
f 1077/6460/2154 1078/6462/2154 1098/6461/2154
f 1078/6463/2155 1099/6465/2155 1098/6464/2155
f 1078/6466/2156 1079/6468/2156 1099/6467/2156
f 1079/6469/2157 1100/6471/2157 1099/6470/2157
f 1079/6472/2158 1080/6474/2158 1100/6473/2158
f 1080/6475/2159 1081/6477/2159 1100/6476/2159
f 1080/6478/2160 1061/6480/2160 1081/6479/2160
f 1081/6481/2161 1102/6483/2161 1101/6482/2161
f 1081/6484/2162 1082/6486/2162 1102/6485/2162
f 1082/6487/2163 1103/6489/2163 1102/6488/2163
f 1082/6490/2164 1083/6492/2164 1103/6491/2164
f 1083/6493/2165 1104/6495/2165 1103/6494/2165
f 1083/6496/2166 1084/6498/2166 1104/6497/2166
f 1084/6499/2167 1105/6501/2167 1104/6500/2167
f 1084/6502/2168 1085/6504/2168 1105/6503/2168
f 1085/6505/2169 1106/6507/2169 1105/6506/2169
f 1085/6508/2170 1086/6510/2170 1106/6509/2170
f 1086/6511/2171 1107/6513/2171 1106/6512/2171
f 1086/6514/2172 1087/6516/2172 1107/6515/2172
f 1087/6517/2173 1108/6519/2173 1107/6518/2173
f 1087/6520/2174 1088/6522/2174 1108/6521/2174
f 1088/6523/2175 1109/6525/2175 1108/6524/2175
f 1088/6526/2176 1089/6528/2176 1109/6527/2176
f 1089/6529/2177 1110/6531/2177 1109/6530/2177
f 1089/6532/2178 1090/6534/2178 1110/6533/2178
f 1090/6535/2179 1111/6537/2179 1110/6536/2179
f 1090/6538/2180 1091/6540/2180 1111/6539/2180
f 1091/6541/2181 1112/6543/2181 1111/6542/2181
f 1091/6544/2182 1092/6546/2182 1112/6545/2182
f 1092/6547/2183 1113/6549/2183 1112/6548/2183
f 1092/6550/2184 1093/6552/2184 1113/6551/2184
f 1093/6553/2185 1114/6555/2185 1113/6554/2185
f 1093/6556/2186 1094/6558/2186 1114/6557/2186
f 1094/6559/2187 1115/6561/2187 1114/6560/2187
f 1094/6562/2188 1095/6564/2188 1115/6563/2188
f 1095/6565/2189 1116/6567/2189 1115/6566/2189
f 1095/6568/2190 1096/6570/2190 1116/6569/2190
f 1096/6571/2191 1117/6573/2191 1116/6572/2191
f 1096/6574/2192 1097/6576/2192 1117/6575/2192
f 1097/6577/2193 1118/6579/2193 1117/6578/2193
f 1097/6580/2194 1098/6582/2194 1118/6581/2194
f 1098/6583/2195 1119/6585/2195 1118/6584/2195
f 1098/6586/2196 1099/6588/2196 1119/6587/2196
f 1099/6589/2197 1120/6591/2197 1119/6590/2197
f 1099/6592/2198 1100/6594/2198 1120/6593/2198
f 1100/6595/2199 1101/6597/2199 1120/6596/2199
f 1100/6598/2200 1081/6600/2200 1101/6599/2200
f 1101/6601/2201 1122/6603/2201 1121/6602/2201
f 1101/6604/2202 1102/6606/2202 1122/6605/2202
f 1102/6607/2203 1123/6609/2203 1122/6608/2203
f 1102/6610/2204 1103/6612/2204 1123/6611/2204
f 1103/6613/2205 1124/6615/2205 1123/6614/2205
f 1103/6616/2206 1104/6618/2206 1124/6617/2206
f 1104/6619/2207 1125/6621/2207 1124/6620/2207
f 1104/6622/2208 1105/6624/2208 1125/6623/2208
f 1105/6625/2209 1126/6627/2209 1125/6626/2209
f 1105/6628/2210 1106/6630/2210 1126/6629/2210
f 1106/6631/2211 1127/6633/2211 1126/6632/2211
f 1106/6634/2212 1107/6636/2212 1127/6635/2212
f 1107/6637/2213 1128/6639/2213 1127/6638/2213
f 1107/6640/2214 1108/6642/2214 1128/6641/2214
f 1108/6643/2215 1129/6645/2215 1128/6644/2215
f 1108/6646/2216 1109/6648/2216 1129/6647/2216
f 1109/6649/2217 1130/6651/2217 1129/6650/2217
f 1109/6652/2218 1110/6654/2218 1130/6653/2218
f 1110/6655/2219 1131/6657/2219 1130/6656/2219
f 1110/6658/2220 1111/6660/2220 1131/6659/2220
f 1111/6661/2221 1132/6663/2221 1131/6662/2221
f 1111/6664/2222 1112/6666/2222 1132/6665/2222
f 1112/6667/2223 1133/6669/2223 1132/6668/2223
f 1112/6670/2224 1113/6672/2224 1133/6671/2224
f 1113/6673/2225 1134/6675/2225 1133/6674/2225
f 1113/6676/2226 1114/6678/2226 1134/6677/2226
f 1114/6679/2227 1135/6681/2227 1134/6680/2227
f 1114/6682/2228 1115/6684/2228 1135/6683/2228
f 1115/6685/2229 1136/6687/2229 1135/6686/2229
f 1115/6688/2230 1116/6690/2230 1136/6689/2230
f 1116/6691/2231 1137/6693/2231 1136/6692/2231
f 1116/6694/2232 1117/6696/2232 1137/6695/2232
f 1117/6697/2233 1138/6699/2233 1137/6698/2233
f 1117/6700/2234 1118/6702/2234 1138/6701/2234
f 1118/6703/2235 1139/6705/2235 1138/6704/2235
f 1118/6706/2236 1119/6708/2236 1139/6707/2236
f 1119/6709/2237 1140/6711/2237 1139/6710/2237
f 1119/6712/2238 1120/6714/2238 1140/6713/2238
f 1120/6715/2239 1121/6717/2239 1140/6716/2239
f 1120/6718/2240 1101/6720/2240 1121/6719/2240
f 1121/6721/2241 1142/6723/2241 1141/6722/2241
f 1121/6724/2242 1122/6726/2242 1142/6725/2242
f 1122/6727/2243 1143/6729/2243 1142/6728/2243
f 1122/6730/2244 1123/6732/2244 1143/6731/2244
f 1123/6733/2245 1144/6735/2245 1143/6734/2245
f 1123/6736/2246 1124/6738/2246 1144/6737/2246
f 1124/6739/2247 1145/6741/2247 1144/6740/2247
f 1124/6742/2248 1125/6744/2248 1145/6743/2248
f 1125/6745/2249 1146/6747/2249 1145/6746/2249
f 1125/6748/2250 1126/6750/2250 1146/6749/2250
f 1126/6751/2251 1147/6753/2251 1146/6752/2251
f 1126/6754/2252 1127/6756/2252 1147/6755/2252
f 1127/6757/2253 1148/6759/2253 1147/6758/2253
f 1127/6760/2254 1128/6762/2254 1148/6761/2254
f 1128/6763/2255 1149/6765/2255 1148/6764/2255
f 1128/6766/2256 1129/6768/2256 1149/6767/2256
f 1129/6769/2257 1150/6771/2257 1149/6770/2257
f 1129/6772/2258 1130/6774/2258 1150/6773/2258
f 1130/6775/2259 1151/6777/2259 1150/6776/2259
f 1130/6778/2260 1131/6780/2260 1151/6779/2260
f 1131/6781/2261 1152/6783/2261 1151/6782/2261
f 1131/6784/2262 1132/6786/2262 1152/6785/2262
f 1132/6787/2263 1153/6789/2263 1152/6788/2263
f 1132/6790/2264 1133/6792/2264 1153/6791/2264
f 1133/6793/2265 1154/6795/2265 1153/6794/2265
f 1133/6796/2266 1134/6798/2266 1154/6797/2266
f 1134/6799/2267 1155/6801/2267 1154/6800/2267
f 1134/6802/2268 1135/6804/2268 1155/6803/2268
f 1135/6805/2269 1156/6807/2269 1155/6806/2269
f 1135/6808/2270 1136/6810/2270 1156/6809/2270
f 1136/6811/2271 1157/6813/2271 1156/6812/2271
f 1136/6814/2272 1137/6816/2272 1157/6815/2272
f 1137/6817/2273 1158/6819/2273 1157/6818/2273
f 1137/6820/2274 1138/6822/2274 1158/6821/2274
f 1138/6823/2275 1159/6825/2275 1158/6824/2275
f 1138/6826/2276 1139/6828/2276 1159/6827/2276
f 1139/6829/2277 1160/6831/2277 1159/6830/2277
f 1139/6832/2278 1140/6834/2278 1160/6833/2278
f 1140/6835/2279 1141/6837/2279 1160/6836/2279
f 1140/6838/2280 1121/6840/2280 1141/6839/2280
f 1141/6841/2281 1162/6843/2281 1161/6842/2281
f 1141/6844/2282 1142/6846/2282 1162/6845/2282
f 1142/6847/2283 1163/6849/2283 1162/6848/2283
f 1142/6850/2284 1143/6852/2284 1163/6851/2284
f 1143/6853/2285 1164/6855/2285 1163/6854/2285
f 1143/6856/2286 1144/6858/2286 1164/6857/2286
f 1144/6859/2287 1165/6861/2287 1164/6860/2287
f 1144/6862/2288 1145/6864/2288 1165/6863/2288
f 1145/6865/2289 1166/6867/2289 1165/6866/2289
f 1145/6868/2290 1146/6870/2290 1166/6869/2290
f 1146/6871/2291 1167/6873/2291 1166/6872/2291
f 1146/6874/2292 1147/6876/2292 1167/6875/2292
f 1147/6877/2293 1168/6879/2293 1167/6878/2293
f 1147/6880/2294 1148/6882/2294 1168/6881/2294
f 1148/6883/2295 1169/6885/2295 1168/6884/2295
f 1148/6886/2296 1149/6888/2296 1169/6887/2296
f 1149/6889/2297 1170/6891/2297 1169/6890/2297
f 1149/6892/2298 1150/6894/2298 1170/6893/2298
f 1150/6895/2299 1171/6897/2299 1170/6896/2299
f 1150/6898/2300 1151/6900/2300 1171/6899/2300
f 1151/6901/2301 1172/6903/2301 1171/6902/2301
f 1151/6904/2302 1152/6906/2302 1172/6905/2302
f 1152/6907/2303 1173/6909/2303 1172/6908/2303
f 1152/6910/2304 1153/6912/2304 1173/6911/2304
f 1153/6913/2305 1174/6915/2305 1173/6914/2305
f 1153/6916/2306 1154/6918/2306 1174/6917/2306
f 1154/6919/2307 1175/6921/2307 1174/6920/2307
f 1154/6922/2308 1155/6924/2308 1175/6923/2308
f 1155/6925/2309 1176/6927/2309 1175/6926/2309
f 1155/6928/2310 1156/6930/2310 1176/6929/2310
f 1156/6931/2311 1177/6933/2311 1176/6932/2311
f 1156/6934/2312 1157/6936/2312 1177/6935/2312
f 1157/6937/2313 1178/6939/2313 1177/6938/2313
f 1157/6940/2314 1158/6942/2314 1178/6941/2314
f 1158/6943/2315 1179/6945/2315 1178/6944/2315
f 1158/6946/2316 1159/6948/2316 1179/6947/2316
f 1159/6949/2317 1180/6951/2317 1179/6950/2317
f 1159/6952/2318 1160/6954/2318 1180/6953/2318
f 1160/6955/2319 1161/6957/2319 1180/6956/2319
f 1160/6958/2320 1141/6960/2320 1161/6959/2320
g span_05
usemtl coating_span05
s off
f 1161/6961/2321 1182/6963/2321 1181/6962/2321
f 1161/6964/2322 1162/6966/2322 1182/6965/2322
f 1162/6967/2323 1183/6969/2323 1182/6968/2323
f 1162/6970/2324 1163/6972/2324 1183/6971/2324
f 1163/6973/2325 1184/6975/2325 1183/6974/2325
f 1163/6976/2326 1164/6978/2326 1184/6977/2326
f 1164/6979/2327 1185/6981/2327 1184/6980/2327
f 1164/6982/2328 1165/6984/2328 1185/6983/2328
f 1165/6985/2329 1186/6987/2329 1185/6986/2329
f 1165/6988/2330 1166/6990/2330 1186/6989/2330
f 1166/6991/2331 1187/6993/2331 1186/6992/2331
f 1166/6994/2332 1167/6996/2332 1187/6995/2332
f 1167/6997/2333 1188/6999/2333 1187/6998/2333
f 1167/7000/2334 1168/7002/2334 1188/7001/2334
f 1168/7003/2335 1189/7005/2335 1188/7004/2335
f 1168/7006/2336 1169/7008/2336 1189/7007/2336
f 1169/7009/2337 1190/7011/2337 1189/7010/2337
f 1169/7012/2338 1170/7014/2338 1190/7013/2338
f 1170/7015/2339 1191/7017/2339 1190/7016/2339
f 1170/7018/2340 1171/7020/2340 1191/7019/2340
f 1171/7021/2341 1192/7023/2341 1191/7022/2341
f 1171/7024/2342 1172/7026/2342 1192/7025/2342
f 1172/7027/2343 1193/7029/2343 1192/7028/2343
f 1172/7030/2344 1173/7032/2344 1193/7031/2344
f 1173/7033/2345 1194/7035/2345 1193/7034/2345
f 1173/7036/2346 1174/7038/2346 1194/7037/2346
f 1174/7039/2347 1195/7041/2347 1194/7040/2347
f 1174/7042/2348 1175/7044/2348 1195/7043/2348
f 1175/7045/2349 1196/7047/2349 1195/7046/2349
f 1175/7048/2350 1176/7050/2350 1196/7049/2350
f 1176/7051/2351 1197/7053/2351 1196/7052/2351
f 1176/7054/2352 1177/7056/2352 1197/7055/2352
f 1177/7057/2353 1198/7059/2353 1197/7058/2353
f 1177/7060/2354 1178/7062/2354 1198/7061/2354
f 1178/7063/2355 1199/7065/2355 1198/7064/2355
f 1178/7066/2356 1179/7068/2356 1199/7067/2356
f 1179/7069/2357 1200/7071/2357 1199/7070/2357
f 1179/7072/2358 1180/7074/2358 1200/7073/2358
f 1180/7075/2359 1181/7077/2359 1200/7076/2359
f 1180/7078/2360 1161/7080/2360 1181/7079/2360
f 1181/7081/2361 1202/7083/2361 1201/7082/2361
f 1181/7084/2362 1182/7086/2362 1202/7085/2362
f 1182/7087/2363 1203/7089/2363 1202/7088/2363
f 1182/7090/2364 1183/7092/2364 1203/7091/2364
f 1183/7093/2365 1204/7095/2365 1203/7094/2365
f 1183/7096/2366 1184/7098/2366 1204/7097/2366
f 1184/7099/2367 1205/7101/2367 1204/7100/2367
f 1184/7102/2368 1185/7104/2368 1205/7103/2368
f 1185/7105/2369 1206/7107/2369 1205/7106/2369
f 1185/7108/2370 1186/7110/2370 1206/7109/2370
f 1186/7111/2371 1207/7113/2371 1206/7112/2371
f 1186/7114/2372 1187/7116/2372 1207/7115/2372
f 1187/7117/2373 1208/7119/2373 1207/7118/2373
f 1187/7120/2374 1188/7122/2374 1208/7121/2374
f 1188/7123/2375 1209/7125/2375 1208/7124/2375
f 1188/7126/2376 1189/7128/2376 1209/7127/2376
f 1189/7129/2377 1210/7131/2377 1209/7130/2377
f 1189/7132/2378 1190/7134/2378 1210/7133/2378
f 1190/7135/2379 1211/7137/2379 1210/7136/2379
f 1190/7138/2380 1191/7140/2380 1211/7139/2380
f 1191/7141/2381 1212/7143/2381 1211/7142/2381
f 1191/7144/2382 1192/7146/2382 1212/7145/2382
f 1192/7147/2383 1213/7149/2383 1212/7148/2383
f 1192/7150/2384 1193/7152/2384 1213/7151/2384
f 1193/7153/2385 1214/7155/2385 1213/7154/2385
f 1193/7156/2386 1194/7158/2386 1214/7157/2386
f 1194/7159/2387 1215/7161/2387 1214/7160/2387
f 1194/7162/2388 1195/7164/2388 1215/7163/2388
f 1195/7165/2389 1216/7167/2389 1215/7166/2389
f 1195/7168/2390 1196/7170/2390 1216/7169/2390
f 1196/7171/2391 1217/7173/2391 1216/7172/2391
f 1196/7174/2392 1197/7176/2392 1217/7175/2392
f 1197/7177/2393 1218/7179/2393 1217/7178/2393
f 1197/7180/2394 1198/7182/2394 1218/7181/2394
f 1198/7183/2395 1219/7185/2395 1218/7184/2395
f 1198/7186/2396 1199/7188/2396 1219/7187/2396
f 1199/7189/2397 1220/7191/2397 1219/7190/2397
f 1199/7192/2398 1200/7194/2398 1220/7193/2398
f 1200/7195/2399 1201/7197/2399 1220/7196/2399
f 1200/7198/2400 1181/7200/2400 1201/7199/2400
f 1201/7201/2401 1222/7203/2401 1221/7202/2401
f 1201/7204/2402 1202/7206/2402 1222/7205/2402
f 1202/7207/2403 1223/7209/2403 1222/7208/2403
f 1202/7210/2404 1203/7212/2404 1223/7211/2404
f 1203/7213/2405 1224/7215/2405 1223/7214/2405
f 1203/7216/2406 1204/7218/2406 1224/7217/2406
f 1204/7219/2407 1225/7221/2407 1224/7220/2407
f 1204/7222/2408 1205/7224/2408 1225/7223/2408
f 1205/7225/2409 1226/7227/2409 1225/7226/2409
f 1205/7228/2410 1206/7230/2410 1226/7229/2410
f 1206/7231/2411 1227/7233/2411 1226/7232/2411
f 1206/7234/2412 1207/7236/2412 1227/7235/2412
f 1207/7237/2413 1228/7239/2413 1227/7238/2413
f 1207/7240/2414 1208/7242/2414 1228/7241/2414
f 1208/7243/2415 1229/7245/2415 1228/7244/2415
f 1208/7246/2416 1209/7248/2416 1229/7247/2416
f 1209/7249/2417 1230/7251/2417 1229/7250/2417
f 1209/7252/2418 1210/7254/2418 1230/7253/2418
f 1210/7255/2419 1231/7257/2419 1230/7256/2419
f 1210/7258/2420 1211/7260/2420 1231/7259/2420
f 1211/7261/2421 1232/7263/2421 1231/7262/2421
f 1211/7264/2422 1212/7266/2422 1232/7265/2422
f 1212/7267/2423 1233/7269/2423 1232/7268/2423
f 1212/7270/2424 1213/7272/2424 1233/7271/2424
f 1213/7273/2425 1234/7275/2425 1233/7274/2425
f 1213/7276/2426 1214/7278/2426 1234/7277/2426
f 1214/7279/2427 1235/7281/2427 1234/7280/2427
f 1214/7282/2428 1215/7284/2428 1235/7283/2428
f 1215/7285/2429 1236/7287/2429 1235/7286/2429
f 1215/7288/2430 1216/7290/2430 1236/7289/2430
f 1216/7291/2431 1237/7293/2431 1236/7292/2431
f 1216/7294/2432 1217/7296/2432 1237/7295/2432
f 1217/7297/2433 1238/7299/2433 1237/7298/2433
f 1217/7300/2434 1218/7302/2434 1238/7301/2434
f 1218/7303/2435 1239/7305/2435 1238/7304/2435
f 1218/7306/2436 1219/7308/2436 1239/7307/2436
f 1219/7309/2437 1240/7311/2437 1239/7310/2437
f 1219/7312/2438 1220/7314/2438 1240/7313/2438
f 1220/7315/2439 1221/7317/2439 1240/7316/2439
f 1220/7318/2440 1201/7320/2440 1221/7319/2440
f 1221/7321/2441 1242/7323/2441 1241/7322/2441
f 1221/7324/2442 1222/7326/2442 1242/7325/2442
f 1222/7327/2443 1243/7329/2443 1242/7328/2443
f 1222/7330/2444 1223/7332/2444 1243/7331/2444
f 1223/7333/2445 1244/7335/2445 1243/7334/2445
f 1223/7336/2446 1224/7338/2446 1244/7337/2446
f 1224/7339/2447 1245/7341/2447 1244/7340/2447
f 1224/7342/2448 1225/7344/2448 1245/7343/2448
f 1225/7345/2449 1246/7347/2449 1245/7346/2449
f 1225/7348/2450 1226/7350/2450 1246/7349/2450
f 1226/7351/2451 1247/7353/2451 1246/7352/2451
f 1226/7354/2452 1227/7356/2452 1247/7355/2452
f 1227/7357/2453 1248/7359/2453 1247/7358/2453
f 1227/7360/2454 1228/7362/2454 1248/7361/2454
f 1228/7363/2455 1249/7365/2455 1248/7364/2455
f 1228/7366/2456 1229/7368/2456 1249/7367/2456
f 1229/7369/2457 1250/7371/2457 1249/7370/2457
f 1229/7372/2458 1230/7374/2458 1250/7373/2458
f 1230/7375/2459 1251/7377/2459 1250/7376/2459
f 1230/7378/2460 1231/7380/2460 1251/7379/2460
f 1231/7381/2461 1252/7383/2461 1251/7382/2461
f 1231/7384/2462 1232/7386/2462 1252/7385/2462
f 1232/7387/2463 1253/7389/2463 1252/7388/2463
f 1232/7390/2464 1233/7392/2464 1253/7391/2464
f 1233/7393/2465 1254/7395/2465 1253/7394/2465
f 1233/7396/2466 1234/7398/2466 1254/7397/2466
f 1234/7399/2467 1255/7401/2467 1254/7400/2467
f 1234/7402/2468 1235/7404/2468 1255/7403/2468
f 1235/7405/2469 1256/7407/2469 1255/7406/2469
f 1235/7408/2470 1236/7410/2470 1256/7409/2470
f 1236/7411/2471 1257/7413/2471 1256/7412/2471
f 1236/7414/2472 1237/7416/2472 1257/7415/2472
f 1237/7417/2473 1258/7419/2473 1257/7418/2473
f 1237/7420/2474 1238/7422/2474 1258/7421/2474
f 1238/7423/2475 1259/7425/2475 1258/7424/2475
f 1238/7426/2476 1239/7428/2476 1259/7427/2476
f 1239/7429/2477 1260/7431/2477 1259/7430/2477
f 1239/7432/2478 1240/7434/2478 1260/7433/2478
f 1240/7435/2479 1241/7437/2479 1260/7436/2479
f 1240/7438/2480 1221/7440/2480 1241/7439/2480
f 1241/7441/2481 1262/7443/2481 1261/7442/2481
f 1241/7444/2482 1242/7446/2482 1262/7445/2482
f 1242/7447/2483 1263/7449/2483 1262/7448/2483
f 1242/7450/2484 1243/7452/2484 1263/7451/2484
f 1243/7453/2485 1264/7455/2485 1263/7454/2485
f 1243/7456/2486 1244/7458/2486 1264/7457/2486
f 1244/7459/2487 1265/7461/2487 1264/7460/2487
f 1244/7462/2488 1245/7464/2488 1265/7463/2488
f 1245/7465/2489 1266/7467/2489 1265/7466/2489
f 1245/7468/2490 1246/7470/2490 1266/7469/2490
f 1246/7471/2491 1267/7473/2491 1266/7472/2491
f 1246/7474/2492 1247/7476/2492 1267/7475/2492
f 1247/7477/2493 1268/7479/2493 1267/7478/2493
f 1247/7480/2494 1248/7482/2494 1268/7481/2494
f 1248/7483/2495 1269/7485/2495 1268/7484/2495
f 1248/7486/2496 1249/7488/2496 1269/7487/2496
f 1249/7489/2497 1270/7491/2497 1269/7490/2497
f 1249/7492/2498 1250/7494/2498 1270/7493/2498
f 1250/7495/2499 1271/7497/2499 1270/7496/2499
f 1250/7498/2500 1251/7500/2500 1271/7499/2500
f 1251/7501/2501 1272/7503/2501 1271/7502/2501
f 1251/7504/2502 1252/7506/2502 1272/7505/2502
f 1252/7507/2503 1273/7509/2503 1272/7508/2503
f 1252/7510/2504 1253/7512/2504 1273/7511/2504
f 1253/7513/2505 1274/7515/2505 1273/7514/2505
f 1253/7516/2506 1254/7518/2506 1274/7517/2506
f 1254/7519/2507 1275/7521/2507 1274/7520/2507
f 1254/7522/2508 1255/7524/2508 1275/7523/2508
f 1255/7525/2509 1276/7527/2509 1275/7526/2509
f 1255/7528/2510 1256/7530/2510 1276/7529/2510
f 1256/7531/2511 1277/7533/2511 1276/7532/2511
f 1256/7534/2512 1257/7536/2512 1277/7535/2512
f 1257/7537/2513 1278/7539/2513 1277/7538/2513
f 1257/7540/2514 1258/7542/2514 1278/7541/2514
f 1258/7543/2515 1279/7545/2515 1278/7544/2515
f 1258/7546/2516 1259/7548/2516 1279/7547/2516
f 1259/7549/2517 1280/7551/2517 1279/7550/2517
f 1259/7552/2518 1260/7554/2518 1280/7553/2518
f 1260/7555/2519 1261/7557/2519 1280/7556/2519
f 1260/7558/2520 1241/7560/2520 1261/7559/2520
f 1261/7561/2521 1282/7563/2521 1281/7562/2521
f 1261/7564/2522 1262/7566/2522 1282/7565/2522
f 1262/7567/2523 1283/7569/2523 1282/7568/2523
f 1262/7570/2524 1263/7572/2524 1283/7571/2524
f 1263/7573/2525 1284/7575/2525 1283/7574/2525
f 1263/7576/2526 1264/7578/2526 1284/7577/2526
f 1264/7579/2527 1285/7581/2527 1284/7580/2527
f 1264/7582/2528 1265/7584/2528 1285/7583/2528
f 1265/7585/2529 1286/7587/2529 1285/7586/2529
f 1265/7588/2530 1266/7590/2530 1286/7589/2530
f 1266/7591/2531 1287/7593/2531 1286/7592/2531
f 1266/7594/2532 1267/7596/2532 1287/7595/2532
f 1267/7597/2533 1288/7599/2533 1287/7598/2533
f 1267/7600/2534 1268/7602/2534 1288/7601/2534
f 1268/7603/2535 1289/7605/2535 1288/7604/2535
f 1268/7606/2536 1269/7608/2536 1289/7607/2536
f 1269/7609/2537 1290/7611/2537 1289/7610/2537
f 1269/7612/2538 1270/7614/2538 1290/7613/2538
f 1270/7615/2539 1291/7617/2539 1290/7616/2539
f 1270/7618/2540 1271/7620/2540 1291/7619/2540
f 1271/7621/2541 1292/7623/2541 1291/7622/2541
f 1271/7624/2542 1272/7626/2542 1292/7625/2542
f 1272/7627/2543 1293/7629/2543 1292/7628/2543
f 1272/7630/2544 1273/7632/2544 1293/7631/2544
f 1273/7633/2545 1294/7635/2545 1293/7634/2545
f 1273/7636/2546 1274/7638/2546 1294/7637/2546
f 1274/7639/2547 1295/7641/2547 1294/7640/2547
f 1274/7642/2548 1275/7644/2548 1295/7643/2548
f 1275/7645/2549 1296/7647/2549 1295/7646/2549
f 1275/7648/2550 1276/7650/2550 1296/7649/2550
f 1276/7651/2551 1297/7653/2551 1296/7652/2551
f 1276/7654/2552 1277/7656/2552 1297/7655/2552
f 1277/7657/2553 1298/7659/2553 1297/7658/2553
f 1277/7660/2554 1278/7662/2554 1298/7661/2554
f 1278/7663/2555 1299/7665/2555 1298/7664/2555
f 1278/7666/2556 1279/7668/2556 1299/7667/2556
f 1279/7669/2557 1300/7671/2557 1299/7670/2557
f 1279/7672/2558 1280/7674/2558 1300/7673/2558
f 1280/7675/2559 1281/7677/2559 1300/7676/2559
f 1280/7678/2560 1261/7680/2560 1281/7679/2560
f 1281/7681/2561 1302/7683/2561 1301/7682/2561
f 1281/7684/2562 1282/7686/2562 1302/7685/2562
f 1282/7687/2563 1303/7689/2563 1302/7688/2563
f 1282/7690/2564 1283/7692/2564 1303/7691/2564
f 1283/7693/2565 1304/7695/2565 1303/7694/2565
f 1283/7696/2566 1284/7698/2566 1304/7697/2566
f 1284/7699/2567 1305/7701/2567 1304/7700/2567
f 1284/7702/2568 1285/7704/2568 1305/7703/2568
f 1285/7705/2569 1306/7707/2569 1305/7706/2569
f 1285/7708/2570 1286/7710/2570 1306/7709/2570
f 1286/7711/2571 1307/7713/2571 1306/7712/2571
f 1286/7714/2572 1287/7716/2572 1307/7715/2572
f 1287/7717/2573 1308/7719/2573 1307/7718/2573
f 1287/7720/2574 1288/7722/2574 1308/7721/2574
f 1288/7723/2575 1309/7725/2575 1308/7724/2575
f 1288/7726/2576 1289/7728/2576 1309/7727/2576
f 1289/7729/2577 1310/7731/2577 1309/7730/2577
f 1289/7732/2578 1290/7734/2578 1310/7733/2578
f 1290/7735/2579 1311/7737/2579 1310/7736/2579
f 1290/7738/2580 1291/7740/2580 1311/7739/2580
f 1291/7741/2581 1312/7743/2581 1311/7742/2581
f 1291/7744/2582 1292/7746/2582 1312/7745/2582
f 1292/7747/2583 1313/7749/2583 1312/7748/2583
f 1292/7750/2584 1293/7752/2584 1313/7751/2584
f 1293/7753/2585 1314/7755/2585 1313/7754/2585
f 1293/7756/2586 1294/7758/2586 1314/7757/2586
f 1294/7759/2587 1315/7761/2587 1314/7760/2587
f 1294/7762/2588 1295/7764/2588 1315/7763/2588
f 1295/7765/2589 1316/7767/2589 1315/7766/2589
f 1295/7768/2590 1296/7770/2590 1316/7769/2590
f 1296/7771/2591 1317/7773/2591 1316/7772/2591
f 1296/7774/2592 1297/7776/2592 1317/7775/2592
f 1297/7777/2593 1318/7779/2593 1317/7778/2593
f 1297/7780/2594 1298/7782/2594 1318/7781/2594
f 1298/7783/2595 1319/7785/2595 1318/7784/2595
f 1298/7786/2596 1299/7788/2596 1319/7787/2596
f 1299/7789/2597 1320/7791/2597 1319/7790/2597
f 1299/7792/2598 1300/7794/2598 1320/7793/2598
f 1300/7795/2599 1301/7797/2599 1320/7796/2599
f 1300/7798/2600 1281/7800/2600 1301/7799/2600
f 1301/7801/2601 1322/7803/2601 1321/7802/2601
f 1301/7804/2602 1302/7806/2602 1322/7805/2602
f 1302/7807/2603 1323/7809/2603 1322/7808/2603
f 1302/7810/2604 1303/7812/2604 1323/7811/2604
f 1303/7813/2605 1324/7815/2605 1323/7814/2605
f 1303/7816/2606 1304/7818/2606 1324/7817/2606
f 1304/7819/2607 1325/7821/2607 1324/7820/2607
f 1304/7822/2608 1305/7824/2608 1325/7823/2608
f 1305/7825/2609 1326/7827/2609 1325/7826/2609
f 1305/7828/2610 1306/7830/2610 1326/7829/2610
f 1306/7831/2611 1327/7833/2611 1326/7832/2611
f 1306/7834/2612 1307/7836/2612 1327/7835/2612
f 1307/7837/2613 1328/7839/2613 1327/7838/2613
f 1307/7840/2614 1308/7842/2614 1328/7841/2614
f 1308/7843/2615 1329/7845/2615 1328/7844/2615
f 1308/7846/2616 1309/7848/2616 1329/7847/2616
f 1309/7849/2617 1330/7851/2617 1329/7850/2617
f 1309/7852/2618 1310/7854/2618 1330/7853/2618
f 1310/7855/2619 1331/7857/2619 1330/7856/2619
f 1310/7858/2620 1311/7860/2620 1331/7859/2620
f 1311/7861/2621 1332/7863/2621 1331/7862/2621
f 1311/7864/2622 1312/7866/2622 1332/7865/2622
f 1312/7867/2623 1333/7869/2623 1332/7868/2623
f 1312/7870/2624 1313/7872/2624 1333/7871/2624
f 1313/7873/2625 1334/7875/2625 1333/7874/2625
f 1313/7876/2626 1314/7878/2626 1334/7877/2626
f 1314/7879/2627 1335/7881/2627 1334/7880/2627
f 1314/7882/2628 1315/7884/2628 1335/7883/2628
f 1315/7885/2629 1336/7887/2629 1335/7886/2629
f 1315/7888/2630 1316/7890/2630 1336/7889/2630
f 1316/7891/2631 1337/7893/2631 1336/7892/2631
f 1316/7894/2632 1317/7896/2632 1337/7895/2632
f 1317/7897/2633 1338/7899/2633 1337/7898/2633
f 1317/7900/2634 1318/7902/2634 1338/7901/2634
f 1318/7903/2635 1339/7905/2635 1338/7904/2635
f 1318/7906/2636 1319/7908/2636 1339/7907/2636
f 1319/7909/2637 1340/7911/2637 1339/7910/2637
f 1319/7912/2638 1320/7914/2638 1340/7913/2638
f 1320/7915/2639 1321/7917/2639 1340/7916/2639
f 1320/7918/2640 1301/7920/2640 1321/7919/2640
f 1321/7921/2641 1342/7923/2641 1341/7922/2641
f 1321/7924/2642 1322/7926/2642 1342/7925/2642
f 1322/7927/2643 1343/7929/2643 1342/7928/2643
f 1322/7930/2644 1323/7932/2644 1343/7931/2644
f 1323/7933/2645 1344/7935/2645 1343/7934/2645
f 1323/7936/2646 1324/7938/2646 1344/7937/2646
f 1324/7939/2647 1345/7941/2647 1344/7940/2647
f 1324/7942/2648 1325/7944/2648 1345/7943/2648
f 1325/7945/2649 1346/7947/2649 1345/7946/2649
f 1325/7948/2650 1326/7950/2650 1346/7949/2650
f 1326/7951/2651 1347/7953/2651 1346/7952/2651
f 1326/7954/2652 1327/7956/2652 1347/7955/2652
f 1327/7957/2653 1348/7959/2653 1347/7958/2653
f 1327/7960/2654 1328/7962/2654 1348/7961/2654
f 1328/7963/2655 1349/7965/2655 1348/7964/2655
f 1328/7966/2656 1329/7968/2656 1349/7967/2656
f 1329/7969/2657 1350/7971/2657 1349/7970/2657
f 1329/7972/2658 1330/7974/2658 1350/7973/2658
f 1330/7975/2659 1351/7977/2659 1350/7976/2659
f 1330/7978/2660 1331/7980/2660 1351/7979/2660
f 1331/7981/2661 1352/7983/2661 1351/7982/2661
f 1331/7984/2662 1332/7986/2662 1352/7985/2662
f 1332/7987/2663 1353/7989/2663 1352/7988/2663
f 1332/7990/2664 1333/7992/2664 1353/7991/2664
f 1333/7993/2665 1354/7995/2665 1353/7994/2665
f 1333/7996/2666 1334/7998/2666 1354/7997/2666
f 1334/7999/2667 1355/8001/2667 1354/8000/2667
f 1334/8002/2668 1335/8004/2668 1355/8003/2668
f 1335/8005/2669 1356/8007/2669 1355/8006/2669
f 1335/8008/2670 1336/8010/2670 1356/8009/2670
f 1336/8011/2671 1357/8013/2671 1356/8012/2671
f 1336/8014/2672 1337/8016/2672 1357/8015/2672
f 1337/8017/2673 1358/8019/2673 1357/8018/2673
f 1337/8020/2674 1338/8022/2674 1358/8021/2674
f 1338/8023/2675 1359/8025/2675 1358/8024/2675
f 1338/8026/2676 1339/8028/2676 1359/8027/2676
f 1339/8029/2677 1360/8031/2677 1359/8030/2677
f 1339/8032/2678 1340/8034/2678 1360/8033/2678
f 1340/8035/2679 1341/8037/2679 1360/8036/2679
f 1340/8038/2680 1321/8040/2680 1341/8039/2680
f 1341/8041/2681 1362/8043/2681 1361/8042/2681
f 1341/8044/2682 1342/8046/2682 1362/8045/2682
f 1342/8047/2683 1363/8049/2683 1362/8048/2683
f 1342/8050/2684 1343/8052/2684 1363/8051/2684
f 1343/8053/2685 1364/8055/2685 1363/8054/2685
f 1343/8056/2686 1344/8058/2686 1364/8057/2686
f 1344/8059/2687 1365/8061/2687 1364/8060/2687
f 1344/8062/2688 1345/8064/2688 1365/8063/2688
f 1345/8065/2689 1366/8067/2689 1365/8066/2689
f 1345/8068/2690 1346/8070/2690 1366/8069/2690
f 1346/8071/2691 1367/8073/2691 1366/8072/2691
f 1346/8074/2692 1347/8076/2692 1367/8075/2692
f 1347/8077/2693 1368/8079/2693 1367/8078/2693
f 1347/8080/2694 1348/8082/2694 1368/8081/2694
f 1348/8083/2695 1369/8085/2695 1368/8084/2695
f 1348/8086/2696 1349/8088/2696 1369/8087/2696
f 1349/8089/2697 1370/8091/2697 1369/8090/2697
f 1349/8092/2698 1350/8094/2698 1370/8093/2698
f 1350/8095/2699 1371/8097/2699 1370/8096/2699
f 1350/8098/2700 1351/8100/2700 1371/8099/2700
f 1351/8101/2701 1372/8103/2701 1371/8102/2701
f 1351/8104/2702 1352/8106/2702 1372/8105/2702
f 1352/8107/2703 1373/8109/2703 1372/8108/2703
f 1352/8110/2704 1353/8112/2704 1373/8111/2704
f 1353/8113/2705 1374/8115/2705 1373/8114/2705
f 1353/8116/2706 1354/8118/2706 1374/8117/2706
f 1354/8119/2707 1375/8121/2707 1374/8120/2707
f 1354/8122/2708 1355/8124/2708 1375/8123/2708
f 1355/8125/2709 1376/8127/2709 1375/8126/2709
f 1355/8128/2710 1356/8130/2710 1376/8129/2710
f 1356/8131/2711 1377/8133/2711 1376/8132/2711
f 1356/8134/2712 1357/8136/2712 1377/8135/2712
f 1357/8137/2713 1378/8139/2713 1377/8138/2713
f 1357/8140/2714 1358/8142/2714 1378/8141/2714
f 1358/8143/2715 1379/8145/2715 1378/8144/2715
f 1358/8146/2716 1359/8148/2716 1379/8147/2716
f 1359/8149/2717 1380/8151/2717 1379/8150/2717
f 1359/8152/2718 1360/8154/2718 1380/8153/2718
f 1360/8155/2719 1361/8157/2719 1380/8156/2719
f 1360/8158/2720 1341/8160/2720 1361/8159/2720
f 1361/8161/2721 1382/8163/2721 1381/8162/2721
f 1361/8164/2722 1362/8166/2722 1382/8165/2722
f 1362/8167/2723 1383/8169/2723 1382/8168/2723
f 1362/8170/2724 1363/8172/2724 1383/8171/2724
f 1363/8173/2725 1384/8175/2725 1383/8174/2725
f 1363/8176/2726 1364/8178/2726 1384/8177/2726
f 1364/8179/2727 1385/8181/2727 1384/8180/2727
f 1364/8182/2728 1365/8184/2728 1385/8183/2728
f 1365/8185/2729 1386/8187/2729 1385/8186/2729
f 1365/8188/2730 1366/8190/2730 1386/8189/2730
f 1366/8191/2731 1387/8193/2731 1386/8192/2731
f 1366/8194/2732 1367/8196/2732 1387/8195/2732
f 1367/8197/2733 1388/8199/2733 1387/8198/2733
f 1367/8200/2734 1368/8202/2734 1388/8201/2734
f 1368/8203/2735 1389/8205/2735 1388/8204/2735
f 1368/8206/2736 1369/8208/2736 1389/8207/2736
f 1369/8209/2737 1390/8211/2737 1389/8210/2737
f 1369/8212/2738 1370/8214/2738 1390/8213/2738
f 1370/8215/2739 1391/8217/2739 1390/8216/2739
f 1370/8218/2740 1371/8220/2740 1391/8219/2740
f 1371/8221/2741 1392/8223/2741 1391/8222/2741
f 1371/8224/2742 1372/8226/2742 1392/8225/2742
f 1372/8227/2743 1393/8229/2743 1392/8228/2743
f 1372/8230/2744 1373/8232/2744 1393/8231/2744
f 1373/8233/2745 1394/8235/2745 1393/8234/2745
f 1373/8236/2746 1374/8238/2746 1394/8237/2746
f 1374/8239/2747 1395/8241/2747 1394/8240/2747
f 1374/8242/2748 1375/8244/2748 1395/8243/2748
f 1375/8245/2749 1396/8247/2749 1395/8246/2749
f 1375/8248/2750 1376/8250/2750 1396/8249/2750
f 1376/8251/2751 1397/8253/2751 1396/8252/2751
f 1376/8254/2752 1377/8256/2752 1397/8255/2752
f 1377/8257/2753 1398/8259/2753 1397/8258/2753
f 1377/8260/2754 1378/8262/2754 1398/8261/2754
f 1378/8263/2755 1399/8265/2755 1398/8264/2755
f 1378/8266/2756 1379/8268/2756 1399/8267/2756
f 1379/8269/2757 1400/8271/2757 1399/8270/2757
f 1379/8272/2758 1380/8274/2758 1400/8273/2758
f 1380/8275/2759 1381/8277/2759 1400/8276/2759
f 1380/8278/2760 1361/8280/2760 1381/8279/2760
f 1381/8281/2761 1402/8283/2761 1401/8282/2761
f 1381/8284/2762 1382/8286/2762 1402/8285/2762
f 1382/8287/2763 1403/8289/2763 1402/8288/2763
f 1382/8290/2764 1383/8292/2764 1403/8291/2764
f 1383/8293/2765 1404/8295/2765 1403/8294/2765
f 1383/8296/2766 1384/8298/2766 1404/8297/2766
f 1384/8299/2767 1405/8301/2767 1404/8300/2767
f 1384/8302/2768 1385/8304/2768 1405/8303/2768
f 1385/8305/2769 1406/8307/2769 1405/8306/2769
f 1385/8308/2770 1386/8310/2770 1406/8309/2770
f 1386/8311/2771 1407/8313/2771 1406/8312/2771
f 1386/8314/2772 1387/8316/2772 1407/8315/2772
f 1387/8317/2773 1408/8319/2773 1407/8318/2773
f 1387/8320/2774 1388/8322/2774 1408/8321/2774
f 1388/8323/2775 1409/8325/2775 1408/8324/2775
f 1388/8326/2776 1389/8328/2776 1409/8327/2776
f 1389/8329/2777 1410/8331/2777 1409/8330/2777
f 1389/8332/2778 1390/8334/2778 1410/8333/2778
f 1390/8335/2779 1411/8337/2779 1410/8336/2779
f 1390/8338/2780 1391/8340/2780 1411/8339/2780
f 1391/8341/2781 1412/8343/2781 1411/8342/2781
f 1391/8344/2782 1392/8346/2782 1412/8345/2782
f 1392/8347/2783 1413/8349/2783 1412/8348/2783
f 1392/8350/2784 1393/8352/2784 1413/8351/2784
f 1393/8353/2785 1414/8355/2785 1413/8354/2785
f 1393/8356/2786 1394/8358/2786 1414/8357/2786
f 1394/8359/2787 1415/8361/2787 1414/8360/2787
f 1394/8362/2788 1395/8364/2788 1415/8363/2788
f 1395/8365/2789 1416/8367/2789 1415/8366/2789
f 1395/8368/2790 1396/8370/2790 1416/8369/2790
f 1396/8371/2791 1417/8373/2791 1416/8372/2791
f 1396/8374/2792 1397/8376/2792 1417/8375/2792
f 1397/8377/2793 1418/8379/2793 1417/8378/2793
f 1397/8380/2794 1398/8382/2794 1418/8381/2794
f 1398/8383/2795 1419/8385/2795 1418/8384/2795
f 1398/8386/2796 1399/8388/2796 1419/8387/2796
f 1399/8389/2797 1420/8391/2797 1419/8390/2797
f 1399/8392/2798 1400/8394/2798 1420/8393/2798
f 1400/8395/2799 1401/8397/2799 1420/8396/2799
f 1400/8398/2800 1381/8400/2800 1401/8399/2800
f 1401/8401/2801 1422/8403/2801 1421/8402/2801
f 1401/8404/2802 1402/8406/2802 1422/8405/2802
f 1402/8407/2803 1423/8409/2803 1422/8408/2803
f 1402/8410/2804 1403/8412/2804 1423/8411/2804
f 1403/8413/2805 1424/8415/2805 1423/8414/2805
f 1403/8416/2806 1404/8418/2806 1424/8417/2806
f 1404/8419/2807 1425/8421/2807 1424/8420/2807
f 1404/8422/2808 1405/8424/2808 1425/8423/2808
f 1405/8425/2809 1426/8427/2809 1425/8426/2809
f 1405/8428/2810 1406/8430/2810 1426/8429/2810
f 1406/8431/2811 1427/8433/2811 1426/8432/2811
f 1406/8434/2812 1407/8436/2812 1427/8435/2812
f 1407/8437/2813 1428/8439/2813 1427/8438/2813
f 1407/8440/2814 1408/8442/2814 1428/8441/2814
f 1408/8443/2815 1429/8445/2815 1428/8444/2815
f 1408/8446/2816 1409/8448/2816 1429/8447/2816
f 1409/8449/2817 1430/8451/2817 1429/8450/2817
f 1409/8452/2818 1410/8454/2818 1430/8453/2818
f 1410/8455/2819 1431/8457/2819 1430/8456/2819
f 1410/8458/2820 1411/8460/2820 1431/8459/2820
f 1411/8461/2821 1432/8463/2821 1431/8462/2821
f 1411/8464/2822 1412/8466/2822 1432/8465/2822
f 1412/8467/2823 1433/8469/2823 1432/8468/2823
f 1412/8470/2824 1413/8472/2824 1433/8471/2824
f 1413/8473/2825 1434/8475/2825 1433/8474/2825
f 1413/8476/2826 1414/8478/2826 1434/8477/2826
f 1414/8479/2827 1435/8481/2827 1434/8480/2827
f 1414/8482/2828 1415/8484/2828 1435/8483/2828
f 1415/8485/2829 1436/8487/2829 1435/8486/2829
f 1415/8488/2830 1416/8490/2830 1436/8489/2830
f 1416/8491/2831 1437/8493/2831 1436/8492/2831
f 1416/8494/2832 1417/8496/2832 1437/8495/2832
f 1417/8497/2833 1438/8499/2833 1437/8498/2833
f 1417/8500/2834 1418/8502/2834 1438/8501/2834
f 1418/8503/2835 1439/8505/2835 1438/8504/2835
f 1418/8506/2836 1419/8508/2836 1439/8507/2836
f 1419/8509/2837 1440/8511/2837 1439/8510/2837
f 1419/8512/2838 1420/8514/2838 1440/8513/2838
f 1420/8515/2839 1421/8517/2839 1440/8516/2839
f 1420/8518/2840 1401/8520/2840 1421/8519/2840
g span_06
usemtl coating_span06
s off
f 1421/8521/2841 1442/8523/2841 1441/8522/2841
f 1421/8524/2842 1422/8526/2842 1442/8525/2842
f 1422/8527/2843 1443/8529/2843 1442/8528/2843
f 1422/8530/2844 1423/8532/2844 1443/8531/2844
f 1423/8533/2845 1444/8535/2845 1443/8534/2845
f 1423/8536/2846 1424/8538/2846 1444/8537/2846
f 1424/8539/2847 1445/8541/2847 1444/8540/2847
f 1424/8542/2848 1425/8544/2848 1445/8543/2848
f 1425/8545/2849 1446/8547/2849 1445/8546/2849
f 1425/8548/2850 1426/8550/2850 1446/8549/2850
f 1426/8551/2851 1447/8553/2851 1446/8552/2851
f 1426/8554/2852 1427/8556/2852 1447/8555/2852
f 1427/8557/2853 1448/8559/2853 1447/8558/2853
f 1427/8560/2854 1428/8562/2854 1448/8561/2854
f 1428/8563/2855 1449/8565/2855 1448/8564/2855
f 1428/8566/2856 1429/8568/2856 1449/8567/2856
f 1429/8569/2857 1450/8571/2857 1449/8570/2857
f 1429/8572/2858 1430/8574/2858 1450/8573/2858
f 1430/8575/2859 1451/8577/2859 1450/8576/2859
f 1430/8578/2860 1431/8580/2860 1451/8579/2860
f 1431/8581/2861 1452/8583/2861 1451/8582/2861
f 1431/8584/2862 1432/8586/2862 1452/8585/2862
f 1432/8587/2863 1453/8589/2863 1452/8588/2863
f 1432/8590/2864 1433/8592/2864 1453/8591/2864
f 1433/8593/2865 1454/8595/2865 1453/8594/2865
f 1433/8596/2866 1434/8598/2866 1454/8597/2866
f 1434/8599/2867 1455/8601/2867 1454/8600/2867
f 1434/8602/2868 1435/8604/2868 1455/8603/2868
f 1435/8605/2869 1456/8607/2869 1455/8606/2869
f 1435/8608/2870 1436/8610/2870 1456/8609/2870
f 1436/8611/2871 1457/8613/2871 1456/8612/2871
f 1436/8614/2872 1437/8616/2872 1457/8615/2872
f 1437/8617/2873 1458/8619/2873 1457/8618/2873
f 1437/8620/2874 1438/8622/2874 1458/8621/2874
f 1438/8623/2875 1459/8625/2875 1458/8624/2875
f 1438/8626/2876 1439/8628/2876 1459/8627/2876
f 1439/8629/2877 1460/8631/2877 1459/8630/2877
f 1439/8632/2878 1440/8634/2878 1460/8633/2878
f 1440/8635/2879 1441/8637/2879 1460/8636/2879
f 1440/8638/2880 1421/8640/2880 1441/8639/2880
f 1441/8641/2881 1462/8643/2881 1461/8642/2881
f 1441/8644/2882 1442/8646/2882 1462/8645/2882
f 1442/8647/2883 1463/8649/2883 1462/8648/2883
f 1442/8650/2884 1443/8652/2884 1463/8651/2884
f 1443/8653/2885 1464/8655/2885 1463/8654/2885
f 1443/8656/2886 1444/8658/2886 1464/8657/2886
f 1444/8659/2887 1465/8661/2887 1464/8660/2887
f 1444/8662/2888 1445/8664/2888 1465/8663/2888
f 1445/8665/2889 1466/8667/2889 1465/8666/2889
f 1445/8668/2890 1446/8670/2890 1466/8669/2890
f 1446/8671/2891 1467/8673/2891 1466/8672/2891
f 1446/8674/2892 1447/8676/2892 1467/8675/2892
f 1447/8677/2893 1468/8679/2893 1467/8678/2893
f 1447/8680/2894 1448/8682/2894 1468/8681/2894
f 1448/8683/2895 1469/8685/2895 1468/8684/2895
f 1448/8686/2896 1449/8688/2896 1469/8687/2896
f 1449/8689/2897 1470/8691/2897 1469/8690/2897
f 1449/8692/2898 1450/8694/2898 1470/8693/2898
f 1450/8695/2899 1471/8697/2899 1470/8696/2899
f 1450/8698/2900 1451/8700/2900 1471/8699/2900
f 1451/8701/2901 1472/8703/2901 1471/8702/2901
f 1451/8704/2902 1452/8706/2902 1472/8705/2902
f 1452/8707/2903 1473/8709/2903 1472/8708/2903
f 1452/8710/2904 1453/8712/2904 1473/8711/2904
f 1453/8713/2905 1474/8715/2905 1473/8714/2905
f 1453/8716/2906 1454/8718/2906 1474/8717/2906
f 1454/8719/2907 1475/8721/2907 1474/8720/2907
f 1454/8722/2908 1455/8724/2908 1475/8723/2908
f 1455/8725/2909 1476/8727/2909 1475/8726/2909
f 1455/8728/2910 1456/8730/2910 1476/8729/2910
f 1456/8731/2911 1477/8733/2911 1476/8732/2911
f 1456/8734/2912 1457/8736/2912 1477/8735/2912
f 1457/8737/2913 1478/8739/2913 1477/8738/2913
f 1457/8740/2914 1458/8742/2914 1478/8741/2914
f 1458/8743/2915 1479/8745/2915 1478/8744/2915
f 1458/8746/2916 1459/8748/2916 1479/8747/2916
f 1459/8749/2917 1480/8751/2917 1479/8750/2917
f 1459/8752/2918 1460/8754/2918 1480/8753/2918
f 1460/8755/2919 1461/8757/2919 1480/8756/2919
f 1460/8758/2920 1441/8760/2920 1461/8759/2920
f 1461/8761/2921 1482/8763/2921 1481/8762/2921
f 1461/8764/2922 1462/8766/2922 1482/8765/2922
f 1462/8767/2923 1483/8769/2923 1482/8768/2923
f 1462/8770/2924 1463/8772/2924 1483/8771/2924
f 1463/8773/2925 1484/8775/2925 1483/8774/2925
f 1463/8776/2926 1464/8778/2926 1484/8777/2926
f 1464/8779/2927 1485/8781/2927 1484/8780/2927
f 1464/8782/2928 1465/8784/2928 1485/8783/2928
f 1465/8785/2929 1486/8787/2929 1485/8786/2929
f 1465/8788/2930 1466/8790/2930 1486/8789/2930
f 1466/8791/2931 1487/8793/2931 1486/8792/2931
f 1466/8794/2932 1467/8796/2932 1487/8795/2932
f 1467/8797/2933 1488/8799/2933 1487/8798/2933
f 1467/8800/2934 1468/8802/2934 1488/8801/2934
f 1468/8803/2935 1489/8805/2935 1488/8804/2935
f 1468/8806/2936 1469/8808/2936 1489/8807/2936
f 1469/8809/2937 1490/8811/2937 1489/8810/2937
f 1469/8812/2938 1470/8814/2938 1490/8813/2938
f 1470/8815/2939 1491/8817/2939 1490/8816/2939
f 1470/8818/2940 1471/8820/2940 1491/8819/2940
f 1471/8821/2941 1492/8823/2941 1491/8822/2941
f 1471/8824/2942 1472/8826/2942 1492/8825/2942
f 1472/8827/2943 1493/8829/2943 1492/8828/2943
f 1472/8830/2944 1473/8832/2944 1493/8831/2944
f 1473/8833/2945 1494/8835/2945 1493/8834/2945
f 1473/8836/2946 1474/8838/2946 1494/8837/2946
f 1474/8839/2947 1495/8841/2947 1494/8840/2947
f 1474/8842/2948 1475/8844/2948 1495/8843/2948
f 1475/8845/2949 1496/8847/2949 1495/8846/2949
f 1475/8848/2950 1476/8850/2950 1496/8849/2950
f 1476/8851/2951 1497/8853/2951 1496/8852/2951
f 1476/8854/2952 1477/8856/2952 1497/8855/2952
f 1477/8857/2953 1498/8859/2953 1497/8858/2953
f 1477/8860/2954 1478/8862/2954 1498/8861/2954
f 1478/8863/2955 1499/8865/2955 1498/8864/2955
f 1478/8866/2956 1479/8868/2956 1499/8867/2956
f 1479/8869/2957 1500/8871/2957 1499/8870/2957
f 1479/8872/2958 1480/8874/2958 1500/8873/2958
f 1480/8875/2959 1481/8877/2959 1500/8876/2959
f 1480/8878/2960 1461/8880/2960 1481/8879/2960
f 1481/8881/2961 1502/8883/2961 1501/8882/2961
f 1481/8884/2962 1482/8886/2962 1502/8885/2962
f 1482/8887/2963 1503/8889/2963 1502/8888/2963
f 1482/8890/2964 1483/8892/2964 1503/8891/2964
f 1483/8893/2965 1504/8895/2965 1503/8894/2965
f 1483/8896/2966 1484/8898/2966 1504/8897/2966
f 1484/8899/2967 1505/8901/2967 1504/8900/2967
f 1484/8902/2968 1485/8904/2968 1505/8903/2968
f 1485/8905/2969 1506/8907/2969 1505/8906/2969
f 1485/8908/2970 1486/8910/2970 1506/8909/2970
f 1486/8911/2971 1507/8913/2971 1506/8912/2971
f 1486/8914/2972 1487/8916/2972 1507/8915/2972
f 1487/8917/2973 1508/8919/2973 1507/8918/2973
f 1487/8920/2974 1488/8922/2974 1508/8921/2974
f 1488/8923/2975 1509/8925/2975 1508/8924/2975
f 1488/8926/2976 1489/8928/2976 1509/8927/2976
f 1489/8929/2977 1510/8931/2977 1509/8930/2977
f 1489/8932/2978 1490/8934/2978 1510/8933/2978
f 1490/8935/2979 1511/8937/2979 1510/8936/2979
f 1490/8938/2980 1491/8940/2980 1511/8939/2980
f 1491/8941/2981 1512/8943/2981 1511/8942/2981
f 1491/8944/2982 1492/8946/2982 1512/8945/2982
f 1492/8947/2983 1513/8949/2983 1512/8948/2983
f 1492/8950/2984 1493/8952/2984 1513/8951/2984
f 1493/8953/2985 1514/8955/2985 1513/8954/2985
f 1493/8956/2986 1494/8958/2986 1514/8957/2986
f 1494/8959/2987 1515/8961/2987 1514/8960/2987
f 1494/8962/2988 1495/8964/2988 1515/8963/2988
f 1495/8965/2989 1516/8967/2989 1515/8966/2989
f 1495/8968/2990 1496/8970/2990 1516/8969/2990
f 1496/8971/2991 1517/8973/2991 1516/8972/2991
f 1496/8974/2992 1497/8976/2992 1517/8975/2992
f 1497/8977/2993 1518/8979/2993 1517/8978/2993
f 1497/8980/2994 1498/8982/2994 1518/8981/2994
f 1498/8983/2995 1519/8985/2995 1518/8984/2995
f 1498/8986/2996 1499/8988/2996 1519/8987/2996
f 1499/8989/2997 1520/8991/2997 1519/8990/2997
f 1499/8992/2998 1500/8994/2998 1520/8993/2998
f 1500/8995/2999 1501/8997/2999 1520/8996/2999
f 1500/8998/3000 1481/9000/3000 1501/8999/3000
f 1501/9001/3001 1522/9003/3001 1521/9002/3001
f 1501/9004/3002 1502/9006/3002 1522/9005/3002
f 1502/9007/3003 1523/9009/3003 1522/9008/3003
f 1502/9010/3004 1503/9012/3004 1523/9011/3004
f 1503/9013/3005 1524/9015/3005 1523/9014/3005
f 1503/9016/3006 1504/9018/3006 1524/9017/3006
f 1504/9019/3007 1525/9021/3007 1524/9020/3007
f 1504/9022/3008 1505/9024/3008 1525/9023/3008
f 1505/9025/3009 1526/9027/3009 1525/9026/3009
f 1505/9028/3010 1506/9030/3010 1526/9029/3010
f 1506/9031/3011 1527/9033/3011 1526/9032/3011
f 1506/9034/3012 1507/9036/3012 1527/9035/3012
f 1507/9037/3013 1528/9039/3013 1527/9038/3013
f 1507/9040/3014 1508/9042/3014 1528/9041/3014
f 1508/9043/3015 1529/9045/3015 1528/9044/3015
f 1508/9046/3016 1509/9048/3016 1529/9047/3016
f 1509/9049/3017 1530/9051/3017 1529/9050/3017
f 1509/9052/3018 1510/9054/3018 1530/9053/3018
f 1510/9055/3019 1531/9057/3019 1530/9056/3019
f 1510/9058/3020 1511/9060/3020 1531/9059/3020
f 1511/9061/3021 1532/9063/3021 1531/9062/3021
f 1511/9064/3022 1512/9066/3022 1532/9065/3022
f 1512/9067/3023 1533/9069/3023 1532/9068/3023
f 1512/9070/3024 1513/9072/3024 1533/9071/3024
f 1513/9073/3025 1534/9075/3025 1533/9074/3025
f 1513/9076/3026 1514/9078/3026 1534/9077/3026
f 1514/9079/3027 1535/9081/3027 1534/9080/3027
f 1514/9082/3028 1515/9084/3028 1535/9083/3028
f 1515/9085/3029 1536/9087/3029 1535/9086/3029
f 1515/9088/3030 1516/9090/3030 1536/9089/3030
f 1516/9091/3031 1537/9093/3031 1536/9092/3031
f 1516/9094/3032 1517/9096/3032 1537/9095/3032
f 1517/9097/3033 1538/9099/3033 1537/9098/3033
f 1517/9100/3034 1518/9102/3034 1538/9101/3034
f 1518/9103/3035 1539/9105/3035 1538/9104/3035
f 1518/9106/3036 1519/9108/3036 1539/9107/3036
f 1519/9109/3037 1540/9111/3037 1539/9110/3037
f 1519/9112/3038 1520/9114/3038 1540/9113/3038
f 1520/9115/3039 1521/9117/3039 1540/9116/3039
f 1520/9118/3040 1501/9120/3040 1521/9119/3040
f 1521/9121/3041 1542/9123/3041 1541/9122/3041
f 1521/9124/3042 1522/9126/3042 1542/9125/3042
f 1522/9127/3043 1543/9129/3043 1542/9128/3043
f 1522/9130/3044 1523/9132/3044 1543/9131/3044
f 1523/9133/3045 1544/9135/3045 1543/9134/3045
f 1523/9136/3046 1524/9138/3046 1544/9137/3046
f 1524/9139/3047 1545/9141/3047 1544/9140/3047
f 1524/9142/3048 1525/9144/3048 1545/9143/3048
f 1525/9145/3049 1546/9147/3049 1545/9146/3049
f 1525/9148/3050 1526/9150/3050 1546/9149/3050
f 1526/9151/3051 1547/9153/3051 1546/9152/3051
f 1526/9154/3052 1527/9156/3052 1547/9155/3052
f 1527/9157/3053 1548/9159/3053 1547/9158/3053
f 1527/9160/3054 1528/9162/3054 1548/9161/3054
f 1528/9163/3055 1549/9165/3055 1548/9164/3055
f 1528/9166/3056 1529/9168/3056 1549/9167/3056
f 1529/9169/3057 1550/9171/3057 1549/9170/3057
f 1529/9172/3058 1530/9174/3058 1550/9173/3058
f 1530/9175/3059 1551/9177/3059 1550/9176/3059
f 1530/9178/3060 1531/9180/3060 1551/9179/3060
f 1531/9181/3061 1552/9183/3061 1551/9182/3061
f 1531/9184/3062 1532/9186/3062 1552/9185/3062
f 1532/9187/3063 1553/9189/3063 1552/9188/3063
f 1532/9190/3064 1533/9192/3064 1553/9191/3064
f 1533/9193/3065 1554/9195/3065 1553/9194/3065
f 1533/9196/3066 1534/9198/3066 1554/9197/3066
f 1534/9199/3067 1555/9201/3067 1554/9200/3067
f 1534/9202/3068 1535/9204/3068 1555/9203/3068
f 1535/9205/3069 1556/9207/3069 1555/9206/3069
f 1535/9208/3070 1536/9210/3070 1556/9209/3070
f 1536/9211/3071 1557/9213/3071 1556/9212/3071
f 1536/9214/3072 1537/9216/3072 1557/9215/3072
f 1537/9217/3073 1558/9219/3073 1557/9218/3073
f 1537/9220/3074 1538/9222/3074 1558/9221/3074
f 1538/9223/3075 1559/9225/3075 1558/9224/3075
f 1538/9226/3076 1539/9228/3076 1559/9227/3076
f 1539/9229/3077 1560/9231/3077 1559/9230/3077
f 1539/9232/3078 1540/9234/3078 1560/9233/3078
f 1540/9235/3079 1541/9237/3079 1560/9236/3079
f 1540/9238/3080 1521/9240/3080 1541/9239/3080
f 1541/9241/3081 1562/9243/3081 1561/9242/3081
f 1541/9244/3082 1542/9246/3082 1562/9245/3082
f 1542/9247/3083 1563/9249/3083 1562/9248/3083
f 1542/9250/3084 1543/9252/3084 1563/9251/3084
f 1543/9253/3085 1564/9255/3085 1563/9254/3085
f 1543/9256/3086 1544/9258/3086 1564/9257/3086
f 1544/9259/3087 1565/9261/3087 1564/9260/3087
f 1544/9262/3088 1545/9264/3088 1565/9263/3088
f 1545/9265/3089 1566/9267/3089 1565/9266/3089
f 1545/9268/3090 1546/9270/3090 1566/9269/3090
f 1546/9271/3091 1567/9273/3091 1566/9272/3091
f 1546/9274/3092 1547/9276/3092 1567/9275/3092
f 1547/9277/3093 1568/9279/3093 1567/9278/3093
f 1547/9280/3094 1548/9282/3094 1568/9281/3094
f 1548/9283/3095 1569/9285/3095 1568/9284/3095
f 1548/9286/3096 1549/9288/3096 1569/9287/3096
f 1549/9289/3097 1570/9291/3097 1569/9290/3097
f 1549/9292/3098 1550/9294/3098 1570/9293/3098
f 1550/9295/3099 1571/9297/3099 1570/9296/3099
f 1550/9298/3100 1551/9300/3100 1571/9299/3100
f 1551/9301/3101 1572/9303/3101 1571/9302/3101
f 1551/9304/3102 1552/9306/3102 1572/9305/3102
f 1552/9307/3103 1573/9309/3103 1572/9308/3103
f 1552/9310/3104 1553/9312/3104 1573/9311/3104
f 1553/9313/3105 1574/9315/3105 1573/9314/3105
f 1553/9316/3106 1554/9318/3106 1574/9317/3106
f 1554/9319/3107 1575/9321/3107 1574/9320/3107
f 1554/9322/3108 1555/9324/3108 1575/9323/3108
f 1555/9325/3109 1576/9327/3109 1575/9326/3109
f 1555/9328/3110 1556/9330/3110 1576/9329/3110
f 1556/9331/3111 1577/9333/3111 1576/9332/3111
f 1556/9334/3112 1557/9336/3112 1577/9335/3112
f 1557/9337/3113 1578/9339/3113 1577/9338/3113
f 1557/9340/3114 1558/9342/3114 1578/9341/3114
f 1558/9343/3115 1579/9345/3115 1578/9344/3115
f 1558/9346/3116 1559/9348/3116 1579/9347/3116
f 1559/9349/3117 1580/9351/3117 1579/9350/3117
f 1559/9352/3118 1560/9354/3118 1580/9353/3118
f 1560/9355/3119 1561/9357/3119 1580/9356/3119
f 1560/9358/3120 1541/9360/3120 1561/9359/3120
f 1561/9361/3121 1582/9363/3121 1581/9362/3121
f 1561/9364/3122 1562/9366/3122 1582/9365/3122
f 1562/9367/3123 1583/9369/3123 1582/9368/3123
f 1562/9370/3124 1563/9372/3124 1583/9371/3124
f 1563/9373/3125 1584/9375/3125 1583/9374/3125
f 1563/9376/3126 1564/9378/3126 1584/9377/3126
f 1564/9379/3127 1585/9381/3127 1584/9380/3127
f 1564/9382/3128 1565/9384/3128 1585/9383/3128
f 1565/9385/3129 1586/9387/3129 1585/9386/3129
f 1565/9388/3130 1566/9390/3130 1586/9389/3130
f 1566/9391/3131 1587/9393/3131 1586/9392/3131
f 1566/9394/3132 1567/9396/3132 1587/9395/3132
f 1567/9397/3133 1588/9399/3133 1587/9398/3133
f 1567/9400/3134 1568/9402/3134 1588/9401/3134
f 1568/9403/3135 1589/9405/3135 1588/9404/3135
f 1568/9406/3136 1569/9408/3136 1589/9407/3136
f 1569/9409/3137 1590/9411/3137 1589/9410/3137
f 1569/9412/3138 1570/9414/3138 1590/9413/3138
f 1570/9415/3139 1591/9417/3139 1590/9416/3139
f 1570/9418/3140 1571/9420/3140 1591/9419/3140
f 1571/9421/3141 1592/9423/3141 1591/9422/3141
f 1571/9424/3142 1572/9426/3142 1592/9425/3142
f 1572/9427/3143 1593/9429/3143 1592/9428/3143
f 1572/9430/3144 1573/9432/3144 1593/9431/3144
f 1573/9433/3145 1594/9435/3145 1593/9434/3145
f 1573/9436/3146 1574/9438/3146 1594/9437/3146
f 1574/9439/3147 1595/9441/3147 1594/9440/3147
f 1574/9442/3148 1575/9444/3148 1595/9443/3148
f 1575/9445/3149 1596/9447/3149 1595/9446/3149
f 1575/9448/3150 1576/9450/3150 1596/9449/3150
f 1576/9451/3151 1597/9453/3151 1596/9452/3151
f 1576/9454/3152 1577/9456/3152 1597/9455/3152
f 1577/9457/3153 1598/9459/3153 1597/9458/3153
f 1577/9460/3154 1578/9462/3154 1598/9461/3154
f 1578/9463/3155 1599/9465/3155 1598/9464/3155
f 1578/9466/3156 1579/9468/3156 1599/9467/3156
f 1579/9469/3157 1600/9471/3157 1599/9470/3157
f 1579/9472/3158 1580/9474/3158 1600/9473/3158
f 1580/9475/3159 1581/9477/3159 1600/9476/3159
f 1580/9478/3160 1561/9480/3160 1581/9479/3160
f 1581/9481/3161 1602/9483/3161 1601/9482/3161
f 1581/9484/3162 1582/9486/3162 1602/9485/3162
f 1582/9487/3163 1603/9489/3163 1602/9488/3163
f 1582/9490/3164 1583/9492/3164 1603/9491/3164
f 1583/9493/3165 1604/9495/3165 1603/9494/3165
f 1583/9496/3166 1584/9498/3166 1604/9497/3166
f 1584/9499/3167 1605/9501/3167 1604/9500/3167
f 1584/9502/3168 1585/9504/3168 1605/9503/3168
f 1585/9505/3169 1606/9507/3169 1605/9506/3169
f 1585/9508/3170 1586/9510/3170 1606/9509/3170
f 1586/9511/3171 1607/9513/3171 1606/9512/3171
f 1586/9514/3172 1587/9516/3172 1607/9515/3172
f 1587/9517/3173 1608/9519/3173 1607/9518/3173
f 1587/9520/3174 1588/9522/3174 1608/9521/3174
f 1588/9523/3175 1609/9525/3175 1608/9524/3175
f 1588/9526/3176 1589/9528/3176 1609/9527/3176
f 1589/9529/3177 1610/9531/3177 1609/9530/3177
f 1589/9532/3178 1590/9534/3178 1610/9533/3178
f 1590/9535/3179 1611/9537/3179 1610/9536/3179
f 1590/9538/3180 1591/9540/3180 1611/9539/3180
f 1591/9541/3181 1612/9543/3181 1611/9542/3181
f 1591/9544/3182 1592/9546/3182 1612/9545/3182
f 1592/9547/3183 1613/9549/3183 1612/9548/3183
f 1592/9550/3184 1593/9552/3184 1613/9551/3184
f 1593/9553/3185 1614/9555/3185 1613/9554/3185
f 1593/9556/3186 1594/9558/3186 1614/9557/3186
f 1594/9559/3187 1615/9561/3187 1614/9560/3187
f 1594/9562/3188 1595/9564/3188 1615/9563/3188
f 1595/9565/3189 1616/9567/3189 1615/9566/3189
f 1595/9568/3190 1596/9570/3190 1616/9569/3190
f 1596/9571/3191 1617/9573/3191 1616/9572/3191
f 1596/9574/3192 1597/9576/3192 1617/9575/3192
f 1597/9577/3193 1618/9579/3193 1617/9578/3193
f 1597/9580/3194 1598/9582/3194 1618/9581/3194
f 1598/9583/3195 1619/9585/3195 1618/9584/3195
f 1598/9586/3196 1599/9588/3196 1619/9587/3196
f 1599/9589/3197 1620/9591/3197 1619/9590/3197
f 1599/9592/3198 1600/9594/3198 1620/9593/3198
f 1600/9595/3199 1601/9597/3199 1620/9596/3199
f 1600/9598/3200 1581/9600/3200 1601/9599/3200
f 1601/9601/3201 1622/9603/3201 1621/9602/3201
f 1601/9604/3202 1602/9606/3202 1622/9605/3202
f 1602/9607/3203 1623/9609/3203 1622/9608/3203
f 1602/9610/3204 1603/9612/3204 1623/9611/3204
f 1603/9613/3205 1624/9615/3205 1623/9614/3205
f 1603/9616/3206 1604/9618/3206 1624/9617/3206
f 1604/9619/3207 1625/9621/3207 1624/9620/3207
f 1604/9622/3208 1605/9624/3208 1625/9623/3208
f 1605/9625/3209 1626/9627/3209 1625/9626/3209
f 1605/9628/3210 1606/9630/3210 1626/9629/3210
f 1606/9631/3211 1627/9633/3211 1626/9632/3211
f 1606/9634/3212 1607/9636/3212 1627/9635/3212
f 1607/9637/3213 1628/9639/3213 1627/9638/3213
f 1607/9640/3214 1608/9642/3214 1628/9641/3214
f 1608/9643/3215 1629/9645/3215 1628/9644/3215
f 1608/9646/3216 1609/9648/3216 1629/9647/3216
f 1609/9649/3217 1630/9651/3217 1629/9650/3217
f 1609/9652/3218 1610/9654/3218 1630/9653/3218
f 1610/9655/3219 1631/9657/3219 1630/9656/3219
f 1610/9658/3220 1611/9660/3220 1631/9659/3220
f 1611/9661/3221 1632/9663/3221 1631/9662/3221
f 1611/9664/3222 1612/9666/3222 1632/9665/3222
f 1612/9667/3223 1633/9669/3223 1632/9668/3223
f 1612/9670/3224 1613/9672/3224 1633/9671/3224
f 1613/9673/3225 1634/9675/3225 1633/9674/3225
f 1613/9676/3226 1614/9678/3226 1634/9677/3226
f 1614/9679/3227 1635/9681/3227 1634/9680/3227
f 1614/9682/3228 1615/9684/3228 1635/9683/3228
f 1615/9685/3229 1636/9687/3229 1635/9686/3229
f 1615/9688/3230 1616/9690/3230 1636/9689/3230
f 1616/9691/3231 1637/9693/3231 1636/9692/3231
f 1616/9694/3232 1617/9696/3232 1637/9695/3232
f 1617/9697/3233 1638/9699/3233 1637/9698/3233
f 1617/9700/3234 1618/9702/3234 1638/9701/3234
f 1618/9703/3235 1639/9705/3235 1638/9704/3235
f 1618/9706/3236 1619/9708/3236 1639/9707/3236
f 1619/9709/3237 1640/9711/3237 1639/9710/3237
f 1619/9712/3238 1620/9714/3238 1640/9713/3238
f 1620/9715/3239 1621/9717/3239 1640/9716/3239
f 1620/9718/3240 1601/9720/3240 1621/9719/3240
f 1621/9721/3241 1642/9723/3241 1641/9722/3241
f 1621/9724/3242 1622/9726/3242 1642/9725/3242
f 1622/9727/3243 1643/9729/3243 1642/9728/3243
f 1622/9730/3244 1623/9732/3244 1643/9731/3244
f 1623/9733/3245 1644/9735/3245 1643/9734/3245
f 1623/9736/3246 1624/9738/3246 1644/9737/3246
f 1624/9739/3247 1645/9741/3247 1644/9740/3247
f 1624/9742/3248 1625/9744/3248 1645/9743/3248
f 1625/9745/3249 1646/9747/3249 1645/9746/3249
f 1625/9748/3250 1626/9750/3250 1646/9749/3250
f 1626/9751/3251 1647/9753/3251 1646/9752/3251
f 1626/9754/3252 1627/9756/3252 1647/9755/3252
f 1627/9757/3253 1648/9759/3253 1647/9758/3253
f 1627/9760/3254 1628/9762/3254 1648/9761/3254
f 1628/9763/3255 1649/9765/3255 1648/9764/3255
f 1628/9766/3256 1629/9768/3256 1649/9767/3256
f 1629/9769/3257 1650/9771/3257 1649/9770/3257
f 1629/9772/3258 1630/9774/3258 1650/9773/3258
f 1630/9775/3259 1651/9777/3259 1650/9776/3259
f 1630/9778/3260 1631/9780/3260 1651/9779/3260
f 1631/9781/3261 1652/9783/3261 1651/9782/3261
f 1631/9784/3262 1632/9786/3262 1652/9785/3262
f 1632/9787/3263 1653/9789/3263 1652/9788/3263
f 1632/9790/3264 1633/9792/3264 1653/9791/3264
f 1633/9793/3265 1654/9795/3265 1653/9794/3265
f 1633/9796/3266 1634/9798/3266 1654/9797/3266
f 1634/9799/3267 1655/9801/3267 1654/9800/3267
f 1634/9802/3268 1635/9804/3268 1655/9803/3268
f 1635/9805/3269 1656/9807/3269 1655/9806/3269
f 1635/9808/3270 1636/9810/3270 1656/9809/3270
f 1636/9811/3271 1657/9813/3271 1656/9812/3271
f 1636/9814/3272 1637/9816/3272 1657/9815/3272
f 1637/9817/3273 1658/9819/3273 1657/9818/3273
f 1637/9820/3274 1638/9822/3274 1658/9821/3274
f 1638/9823/3275 1659/9825/3275 1658/9824/3275
f 1638/9826/3276 1639/9828/3276 1659/9827/3276
f 1639/9829/3277 1660/9831/3277 1659/9830/3277
f 1639/9832/3278 1640/9834/3278 1660/9833/3278
f 1640/9835/3279 1641/9837/3279 1660/9836/3279
f 1640/9838/3280 1621/9840/3280 1641/9839/3280
f 1641/9841/3281 1662/9843/3281 1661/9842/3281
f 1641/9844/3282 1642/9846/3282 1662/9845/3282
f 1642/9847/3283 1663/9849/3283 1662/9848/3283
f 1642/9850/3284 1643/9852/3284 1663/9851/3284
f 1643/9853/3285 1664/9855/3285 1663/9854/3285
f 1643/9856/3286 1644/9858/3286 1664/9857/3286
f 1644/9859/3287 1665/9861/3287 1664/9860/3287
f 1644/9862/3288 1645/9864/3288 1665/9863/3288
f 1645/9865/3289 1666/9867/3289 1665/9866/3289
f 1645/9868/3290 1646/9870/3290 1666/9869/3290
f 1646/9871/3291 1667/9873/3291 1666/9872/3291
f 1646/9874/3292 1647/9876/3292 1667/9875/3292
f 1647/9877/3293 1668/9879/3293 1667/9878/3293
f 1647/9880/3294 1648/9882/3294 1668/9881/3294
f 1648/9883/3295 1669/9885/3295 1668/9884/3295
f 1648/9886/3296 1649/9888/3296 1669/9887/3296
f 1649/9889/3297 1670/9891/3297 1669/9890/3297
f 1649/9892/3298 1650/9894/3298 1670/9893/3298
f 1650/9895/3299 1671/9897/3299 1670/9896/3299
f 1650/9898/3300 1651/9900/3300 1671/9899/3300
f 1651/9901/3301 1672/9903/3301 1671/9902/3301
f 1651/9904/3302 1652/9906/3302 1672/9905/3302
f 1652/9907/3303 1673/9909/3303 1672/9908/3303
f 1652/9910/3304 1653/9912/3304 1673/9911/3304
f 1653/9913/3305 1674/9915/3305 1673/9914/3305
f 1653/9916/3306 1654/9918/3306 1674/9917/3306
f 1654/9919/3307 1675/9921/3307 1674/9920/3307
f 1654/9922/3308 1655/9924/3308 1675/9923/3308
f 1655/9925/3309 1676/9927/3309 1675/9926/3309
f 1655/9928/3310 1656/9930/3310 1676/9929/3310
f 1656/9931/3311 1677/9933/3311 1676/9932/3311
f 1656/9934/3312 1657/9936/3312 1677/9935/3312
f 1657/9937/3313 1678/9939/3313 1677/9938/3313
f 1657/9940/3314 1658/9942/3314 1678/9941/3314
f 1658/9943/3315 1679/9945/3315 1678/9944/3315
f 1658/9946/3316 1659/9948/3316 1679/9947/3316
f 1659/9949/3317 1680/9951/3317 1679/9950/3317
f 1659/9952/3318 1660/9954/3318 1680/9953/3318
f 1660/9955/3319 1661/9957/3319 1680/9956/3319
f 1660/9958/3320 1641/9960/3320 1661/9959/3320
g span_07
usemtl coating_span07
s off
f 1661/9961/3321 1682/9963/3321 1681/9962/3321
f 1661/9964/3322 1662/9966/3322 1682/9965/3322
f 1662/9967/3323 1683/9969/3323 1682/9968/3323
f 1662/9970/3324 1663/9972/3324 1683/9971/3324
f 1663/9973/3325 1684/9975/3325 1683/9974/3325
f 1663/9976/3326 1664/9978/3326 1684/9977/3326
f 1664/9979/3327 1685/9981/3327 1684/9980/3327
f 1664/9982/3328 1665/9984/3328 1685/9983/3328
f 1665/9985/3329 1686/9987/3329 1685/9986/3329
f 1665/9988/3330 1666/9990/3330 1686/9989/3330
f 1666/9991/3331 1687/9993/3331 1686/9992/3331
f 1666/9994/3332 1667/9996/3332 1687/9995/3332
f 1667/9997/3333 1688/9999/3333 1687/9998/3333
f 1667/10000/3334 1668/10002/3334 1688/10001/3334
f 1668/10003/3335 1689/10005/3335 1688/10004/3335
f 1668/10006/3336 1669/10008/3336 1689/10007/3336
f 1669/10009/3337 1690/10011/3337 1689/10010/3337
f 1669/10012/3338 1670/10014/3338 1690/10013/3338
f 1670/10015/3339 1691/10017/3339 1690/10016/3339
f 1670/10018/3340 1671/10020/3340 1691/10019/3340
f 1671/10021/3341 1692/10023/3341 1691/10022/3341
f 1671/10024/3342 1672/10026/3342 1692/10025/3342
f 1672/10027/3343 1693/10029/3343 1692/10028/3343
f 1672/10030/3344 1673/10032/3344 1693/10031/3344
f 1673/10033/3345 1694/10035/3345 1693/10034/3345
f 1673/10036/3346 1674/10038/3346 1694/10037/3346
f 1674/10039/3347 1695/10041/3347 1694/10040/3347
f 1674/10042/3348 1675/10044/3348 1695/10043/3348
f 1675/10045/3349 1696/10047/3349 1695/10046/3349
f 1675/10048/3350 1676/10050/3350 1696/10049/3350
f 1676/10051/3351 1697/10053/3351 1696/10052/3351
f 1676/10054/3352 1677/10056/3352 1697/10055/3352
f 1677/10057/3353 1698/10059/3353 1697/10058/3353
f 1677/10060/3354 1678/10062/3354 1698/10061/3354
f 1678/10063/3355 1699/10065/3355 1698/10064/3355
f 1678/10066/3356 1679/10068/3356 1699/10067/3356
f 1679/10069/3357 1700/10071/3357 1699/10070/3357
f 1679/10072/3358 1680/10074/3358 1700/10073/3358
f 1680/10075/3359 1681/10077/3359 1700/10076/3359
f 1680/10078/3360 1661/10080/3360 1681/10079/3360
f 1682/10141/3381 1702/10143/3381 1681/10142/3381
f 1683/10144/3382 1702/10146/3382 1682/10145/3382
f 1684/10147/3383 1702/10149/3383 1683/10148/3383
f 1685/10150/3384 1702/10152/3384 1684/10151/3384
f 1686/10153/3385 1702/10155/3385 1685/10154/3385
f 1687/10156/3386 1702/10158/3386 1686/10157/3386
f 1688/10159/3387 1702/10161/3387 1687/10160/3387
f 1689/10162/3388 1702/10164/3388 1688/10163/3388
f 1690/10165/3389 1702/10167/3389 1689/10166/3389
f 1691/10168/3390 1702/10170/3390 1690/10169/3390
f 1692/10171/3391 1702/10173/3391 1691/10172/3391
f 1693/10174/3392 1702/10176/3392 1692/10175/3392
f 1694/10177/3393 1702/10179/3393 1693/10178/3393
f 1695/10180/3394 1702/10182/3394 1694/10181/3394
f 1696/10183/3395 1702/10185/3395 1695/10184/3395
f 1697/10186/3396 1702/10188/3396 1696/10187/3396
f 1698/10189/3397 1702/10191/3397 1697/10190/3397
f 1699/10192/3398 1702/10194/3398 1698/10193/3398
f 1700/10195/3399 1702/10197/3399 1699/10196/3399
f 1681/10198/3400 1702/10200/3400 1700/10199/3400
